2025-02-12 17:00:27,609 [Worker-5: Loading available Gradle versions] INFO  o.e.b.c.i.u.g.PublishedGradleVersions - Gradle version information cache is up-to-date. Trying to read.
2025-02-12 17:01:15,574 [Worker-12: Importing Maven projects] INFO  o.e.m.c.i.e.AbstractTransferListenerAdapter - Downloading https://repo.maven.apache.org/maven2/org/springframework/boot/spring-boot-maven-plugin/2.1.2.RELEASE/spring-boot-maven-plugin-2.1.2.RELEASE.pom
2025-02-12 17:01:15,697 [Worker-12: Importing Maven projects] INFO  o.e.m.c.i.e.AbstractTransferListenerAdapter - Downloaded https://repo.maven.apache.org/maven2/org/springframework/boot/spring-boot-maven-plugin/2.1.2.RELEASE/spring-boot-maven-plugin-2.1.2.RELEASE.pom
2025-02-12 17:01:15,778 [Worker-12: Importing Maven projects] INFO  o.e.m.c.i.e.AbstractTransferListenerAdapter - Downloading https://repo.maven.apache.org/maven2/org/springframework/boot/spring-boot-tools/2.1.2.RELEASE/spring-boot-tools-2.1.2.RELEASE.pom
2025-02-12 17:01:15,893 [Worker-12: Importing Maven projects] INFO  o.e.m.c.i.e.AbstractTransferListenerAdapter - Downloaded https://repo.maven.apache.org/maven2/org/springframework/boot/spring-boot-tools/2.1.2.RELEASE/spring-boot-tools-2.1.2.RELEASE.pom
2025-02-12 17:01:16,080 [Worker-12: Importing Maven projects] INFO  o.e.m.c.i.e.AbstractTransferListenerAdapter - Downloading https://repo.maven.apache.org/maven2/org/springframework/boot/spring-boot-maven-plugin/2.1.2.RELEASE/spring-boot-maven-plugin-2.1.2.RELEASE.jar
2025-02-12 17:01:16,260 [Worker-12: Importing Maven projects] INFO  o.e.m.c.i.e.AbstractTransferListenerAdapter - Downloaded https://repo.maven.apache.org/maven2/org/springframework/boot/spring-boot-maven-plugin/2.1.2.RELEASE/spring-boot-maven-plugin-2.1.2.RELEASE.jar
2025-02-12 17:01:17,084 [Worker-12: Importing Maven projects] INFO  o.e.m.c.i.e.AbstractTransferListenerAdapter - Downloading https://repo.maven.apache.org/maven2/org/apache/maven/plugins/maven-jar-plugin/3.1.1/maven-jar-plugin-3.1.1.jar
2025-02-12 17:01:17,283 [Worker-12: Importing Maven projects] INFO  o.e.m.c.i.e.AbstractTransferListenerAdapter - Downloaded https://repo.maven.apache.org/maven2/org/apache/maven/plugins/maven-jar-plugin/3.1.1/maven-jar-plugin-3.1.1.jar
2025-02-12 17:01:20,682 [Worker-12: Importing Maven projects] INFO  o.e.m.c.i.l.LifecycleMappingFactory - Using org.eclipse.m2e.jdt.JarLifecycleMapping lifecycle mapping for MavenProject: com.sunilos:springboottest:0.0.1-SNAPSHOT @ D:\Rays Software\Workspace\Project_10\ORSProj10\projectORS\pom.xml.
2025-02-12 17:01:20,967 [Worker-12: Importing Maven projects] INFO  o.e.m.c.i.e.AbstractTransferListenerAdapter - Downloading https://repo.maven.apache.org/maven2/org/springframework/boot/spring-boot-starter-actuator/2.1.2.RELEASE/spring-boot-starter-actuator-2.1.2.RELEASE.pom
2025-02-12 17:01:21,098 [Worker-12: Importing Maven projects] INFO  o.e.m.c.i.e.AbstractTransferListenerAdapter - Downloaded https://repo.maven.apache.org/maven2/org/springframework/boot/spring-boot-starter-actuator/2.1.2.RELEASE/spring-boot-starter-actuator-2.1.2.RELEASE.pom
2025-02-12 17:01:21,913 [Worker-12: Importing Maven projects] INFO  o.e.m.c.i.e.AbstractTransferListenerAdapter - Downloading https://repo.maven.apache.org/maven2/org/springframework/boot/spring-boot-actuator-autoconfigure/2.1.2.RELEASE/spring-boot-actuator-autoconfigure-2.1.2.RELEASE.pom
2025-02-12 17:01:22,019 [Worker-12: Importing Maven projects] INFO  o.e.m.c.i.e.AbstractTransferListenerAdapter - Downloaded https://repo.maven.apache.org/maven2/org/springframework/boot/spring-boot-actuator-autoconfigure/2.1.2.RELEASE/spring-boot-actuator-autoconfigure-2.1.2.RELEASE.pom
2025-02-12 17:01:22,081 [Worker-12: Importing Maven projects] INFO  o.e.m.c.i.e.AbstractTransferListenerAdapter - Downloading https://repo.maven.apache.org/maven2/org/springframework/boot/spring-boot-actuator/2.1.2.RELEASE/spring-boot-actuator-2.1.2.RELEASE.pom
2025-02-12 17:01:22,172 [Worker-12: Importing Maven projects] INFO  o.e.m.c.i.e.AbstractTransferListenerAdapter - Downloaded https://repo.maven.apache.org/maven2/org/springframework/boot/spring-boot-actuator/2.1.2.RELEASE/spring-boot-actuator-2.1.2.RELEASE.pom
2025-02-12 17:01:22,415 [Worker-12: Importing Maven projects] INFO  o.e.m.c.i.e.AbstractTransferListenerAdapter - Downloading https://repo.maven.apache.org/maven2/io/micrometer/micrometer-core/1.1.2/micrometer-core-1.1.2.pom
2025-02-12 17:01:22,508 [Worker-12: Importing Maven projects] INFO  o.e.m.c.i.e.AbstractTransferListenerAdapter - Downloaded https://repo.maven.apache.org/maven2/io/micrometer/micrometer-core/1.1.2/micrometer-core-1.1.2.pom
2025-02-12 17:01:22,564 [Worker-12: Importing Maven projects] INFO  o.e.m.c.i.e.AbstractTransferListenerAdapter - Downloading https://repo.maven.apache.org/maven2/org/hdrhistogram/HdrHistogram/2.1.9/HdrHistogram-2.1.9.pom
2025-02-12 17:01:22,647 [Worker-12: Importing Maven projects] INFO  o.e.m.c.i.e.AbstractTransferListenerAdapter - Downloaded https://repo.maven.apache.org/maven2/org/hdrhistogram/HdrHistogram/2.1.9/HdrHistogram-2.1.9.pom
2025-02-12 17:01:22,694 [Worker-12: Importing Maven projects] INFO  o.e.m.c.i.e.AbstractTransferListenerAdapter - Downloading https://repo.maven.apache.org/maven2/org/latencyutils/LatencyUtils/2.0.3/LatencyUtils-2.0.3.pom
2025-02-12 17:01:22,766 [Worker-12: Importing Maven projects] INFO  o.e.m.c.i.e.AbstractTransferListenerAdapter - Downloaded https://repo.maven.apache.org/maven2/org/latencyutils/LatencyUtils/2.0.3/LatencyUtils-2.0.3.pom
2025-02-12 17:01:23,670 [Worker-12: Importing Maven projects] INFO  o.e.m.c.i.e.AbstractTransferListenerAdapter - Downloading https://repo.maven.apache.org/maven2/c3p0/c3p0/0.9.1.2/c3p0-0.9.1.2.pom
2025-02-12 17:01:23,760 [Worker-12: Importing Maven projects] INFO  o.e.m.c.i.e.AbstractTransferListenerAdapter - Downloaded https://repo.maven.apache.org/maven2/c3p0/c3p0/0.9.1.2/c3p0-0.9.1.2.pom
2025-02-12 17:01:24,312 [Worker-12: Importing Maven projects] INFO  o.e.m.c.i.e.AbstractTransferListenerAdapter - Downloading https://repo.maven.apache.org/maven2/org/springframework/boot/spring-boot-starter-test/2.1.2.RELEASE/spring-boot-starter-test-2.1.2.RELEASE.pom
2025-02-12 17:01:24,388 [Worker-12: Importing Maven projects] INFO  o.e.m.c.i.e.AbstractTransferListenerAdapter - Downloaded https://repo.maven.apache.org/maven2/org/springframework/boot/spring-boot-starter-test/2.1.2.RELEASE/spring-boot-starter-test-2.1.2.RELEASE.pom
2025-02-12 17:01:24,455 [Worker-12: Importing Maven projects] INFO  o.e.m.c.i.e.AbstractTransferListenerAdapter - Downloading https://repo.maven.apache.org/maven2/org/springframework/boot/spring-boot-test/2.1.2.RELEASE/spring-boot-test-2.1.2.RELEASE.pom
2025-02-12 17:01:24,549 [Worker-12: Importing Maven projects] INFO  o.e.m.c.i.e.AbstractTransferListenerAdapter - Downloaded https://repo.maven.apache.org/maven2/org/springframework/boot/spring-boot-test/2.1.2.RELEASE/spring-boot-test-2.1.2.RELEASE.pom
2025-02-12 17:01:24,615 [Worker-12: Importing Maven projects] INFO  o.e.m.c.i.e.AbstractTransferListenerAdapter - Downloading https://repo.maven.apache.org/maven2/org/springframework/boot/spring-boot-test-autoconfigure/2.1.2.RELEASE/spring-boot-test-autoconfigure-2.1.2.RELEASE.pom
2025-02-12 17:01:24,710 [Worker-12: Importing Maven projects] INFO  o.e.m.c.i.e.AbstractTransferListenerAdapter - Downloaded https://repo.maven.apache.org/maven2/org/springframework/boot/spring-boot-test-autoconfigure/2.1.2.RELEASE/spring-boot-test-autoconfigure-2.1.2.RELEASE.pom
2025-02-12 17:01:24,801 [Worker-12: Importing Maven projects] INFO  o.e.m.c.i.e.AbstractTransferListenerAdapter - Downloading https://repo.maven.apache.org/maven2/com/jayway/jsonpath/json-path/2.4.0/json-path-2.4.0.pom
2025-02-12 17:01:24,900 [Worker-12: Importing Maven projects] INFO  o.e.m.c.i.e.AbstractTransferListenerAdapter - Downloaded https://repo.maven.apache.org/maven2/com/jayway/jsonpath/json-path/2.4.0/json-path-2.4.0.pom
2025-02-12 17:01:24,983 [Worker-12: Importing Maven projects] INFO  o.e.m.c.i.e.AbstractTransferListenerAdapter - Downloading https://repo.maven.apache.org/maven2/net/minidev/json-smart/2.3/json-smart-2.3.pom
2025-02-12 17:01:25,090 [Worker-12: Importing Maven projects] INFO  o.e.m.c.i.e.AbstractTransferListenerAdapter - Downloaded https://repo.maven.apache.org/maven2/net/minidev/json-smart/2.3/json-smart-2.3.pom
2025-02-12 17:01:25,176 [Worker-12: Importing Maven projects] INFO  o.e.m.c.i.e.AbstractTransferListenerAdapter - Downloading https://repo.maven.apache.org/maven2/net/minidev/minidev-parent/2.3/minidev-parent-2.3.pom
2025-02-12 17:01:25,247 [Worker-12: Importing Maven projects] INFO  o.e.m.c.i.e.AbstractTransferListenerAdapter - Downloaded https://repo.maven.apache.org/maven2/net/minidev/minidev-parent/2.3/minidev-parent-2.3.pom
2025-02-12 17:01:25,315 [Worker-12: Importing Maven projects] INFO  o.e.m.c.i.e.AbstractTransferListenerAdapter - Downloading https://repo.maven.apache.org/maven2/net/minidev/accessors-smart/1.2/accessors-smart-1.2.pom
2025-02-12 17:01:25,410 [Worker-12: Importing Maven projects] INFO  o.e.m.c.i.e.AbstractTransferListenerAdapter - Downloaded https://repo.maven.apache.org/maven2/net/minidev/accessors-smart/1.2/accessors-smart-1.2.pom
2025-02-12 17:01:25,487 [Worker-12: Importing Maven projects] INFO  o.e.m.c.i.e.AbstractTransferListenerAdapter - Downloading https://repo.maven.apache.org/maven2/org/ow2/asm/asm/5.0.4/asm-5.0.4.pom
2025-02-12 17:01:25,567 [Worker-12: Importing Maven projects] INFO  o.e.m.c.i.e.AbstractTransferListenerAdapter - Downloaded https://repo.maven.apache.org/maven2/org/ow2/asm/asm/5.0.4/asm-5.0.4.pom
2025-02-12 17:01:25,661 [Worker-12: Importing Maven projects] INFO  o.e.m.c.i.e.AbstractTransferListenerAdapter - Downloading https://repo.maven.apache.org/maven2/org/ow2/asm/asm-parent/5.0.4/asm-parent-5.0.4.pom
2025-02-12 17:01:25,773 [Worker-12: Importing Maven projects] INFO  o.e.m.c.i.e.AbstractTransferListenerAdapter - Downloaded https://repo.maven.apache.org/maven2/org/ow2/asm/asm-parent/5.0.4/asm-parent-5.0.4.pom
2025-02-12 17:01:25,837 [Worker-12: Importing Maven projects] INFO  o.e.m.c.i.e.AbstractTransferListenerAdapter - Downloading https://repo.maven.apache.org/maven2/org/ow2/ow2/1.3/ow2-1.3.pom
2025-02-12 17:01:25,924 [Worker-12: Importing Maven projects] INFO  o.e.m.c.i.e.AbstractTransferListenerAdapter - Downloaded https://repo.maven.apache.org/maven2/org/ow2/ow2/1.3/ow2-1.3.pom
2025-02-12 17:01:26,055 [Worker-12: Importing Maven projects] INFO  o.e.m.c.i.e.AbstractTransferListenerAdapter - Downloading https://repo.maven.apache.org/maven2/org/assertj/assertj-core/3.11.1/assertj-core-3.11.1.pom
2025-02-12 17:01:26,148 [Worker-12: Importing Maven projects] INFO  o.e.m.c.i.e.AbstractTransferListenerAdapter - Downloaded https://repo.maven.apache.org/maven2/org/assertj/assertj-core/3.11.1/assertj-core-3.11.1.pom
2025-02-12 17:01:26,196 [Worker-12: Importing Maven projects] INFO  o.e.m.c.i.e.AbstractTransferListenerAdapter - Downloading https://repo.maven.apache.org/maven2/org/assertj/assertj-parent-pom/2.2.1/assertj-parent-pom-2.2.1.pom
2025-02-12 17:01:26,286 [Worker-12: Importing Maven projects] INFO  o.e.m.c.i.e.AbstractTransferListenerAdapter - Downloaded https://repo.maven.apache.org/maven2/org/assertj/assertj-parent-pom/2.2.1/assertj-parent-pom-2.2.1.pom
2025-02-12 17:01:26,355 [Worker-12: Importing Maven projects] INFO  o.e.m.c.i.e.AbstractTransferListenerAdapter - Downloading https://repo.maven.apache.org/maven2/org/junit/junit-bom/5.2.0/junit-bom-5.2.0.pom
2025-02-12 17:01:26,426 [Worker-12: Importing Maven projects] INFO  o.e.m.c.i.e.AbstractTransferListenerAdapter - Downloaded https://repo.maven.apache.org/maven2/org/junit/junit-bom/5.2.0/junit-bom-5.2.0.pom
2025-02-12 17:01:26,476 [Worker-12: Importing Maven projects] INFO  o.e.m.c.i.e.AbstractTransferListenerAdapter - Downloading https://repo.maven.apache.org/maven2/org/mockito/mockito-core/2.23.4/mockito-core-2.23.4.pom
2025-02-12 17:01:26,596 [Worker-12: Importing Maven projects] INFO  o.e.m.c.i.e.AbstractTransferListenerAdapter - Downloaded https://repo.maven.apache.org/maven2/org/mockito/mockito-core/2.23.4/mockito-core-2.23.4.pom
2025-02-12 17:01:26,655 [Worker-12: Importing Maven projects] INFO  o.e.m.c.i.e.AbstractTransferListenerAdapter - Downloading https://repo.maven.apache.org/maven2/net/bytebuddy/byte-buddy-agent/1.9.7/byte-buddy-agent-1.9.7.pom
2025-02-12 17:01:26,727 [Worker-12: Importing Maven projects] INFO  o.e.m.c.i.e.AbstractTransferListenerAdapter - Downloaded https://repo.maven.apache.org/maven2/net/bytebuddy/byte-buddy-agent/1.9.7/byte-buddy-agent-1.9.7.pom
2025-02-12 17:01:26,824 [Worker-12: Importing Maven projects] INFO  o.e.m.c.i.e.AbstractTransferListenerAdapter - Downloading https://repo.maven.apache.org/maven2/org/hamcrest/hamcrest-library/1.3/hamcrest-library-1.3.pom
2025-02-12 17:01:26,911 [Worker-12: Importing Maven projects] INFO  o.e.m.c.i.e.AbstractTransferListenerAdapter - Downloaded https://repo.maven.apache.org/maven2/org/hamcrest/hamcrest-library/1.3/hamcrest-library-1.3.pom
2025-02-12 17:01:27,032 [Worker-12: Importing Maven projects] INFO  o.e.m.c.i.e.AbstractTransferListenerAdapter - Downloading https://repo.maven.apache.org/maven2/org/skyscreamer/jsonassert/1.5.0/jsonassert-1.5.0.pom
2025-02-12 17:01:27,114 [Worker-12: Importing Maven projects] INFO  o.e.m.c.i.e.AbstractTransferListenerAdapter - Downloaded https://repo.maven.apache.org/maven2/org/skyscreamer/jsonassert/1.5.0/jsonassert-1.5.0.pom
2025-02-12 17:01:27,176 [Worker-12: Importing Maven projects] INFO  o.e.m.c.i.e.AbstractTransferListenerAdapter - Downloading https://repo.maven.apache.org/maven2/com/vaadin/external/google/android-json/0.0.20131108.vaadin1/android-json-0.0.20131108.vaadin1.pom
2025-02-12 17:01:27,247 [Worker-12: Importing Maven projects] INFO  o.e.m.c.i.e.AbstractTransferListenerAdapter - Downloaded https://repo.maven.apache.org/maven2/com/vaadin/external/google/android-json/0.0.20131108.vaadin1/android-json-0.0.20131108.vaadin1.pom
2025-02-12 17:01:27,335 [Worker-12: Importing Maven projects] INFO  o.e.m.c.i.e.AbstractTransferListenerAdapter - Downloading https://repo.maven.apache.org/maven2/org/xmlunit/xmlunit-core/2.6.2/xmlunit-core-2.6.2.pom
2025-02-12 17:01:27,412 [Worker-12: Importing Maven projects] INFO  o.e.m.c.i.e.AbstractTransferListenerAdapter - Downloaded https://repo.maven.apache.org/maven2/org/xmlunit/xmlunit-core/2.6.2/xmlunit-core-2.6.2.pom
2025-02-12 17:01:27,477 [Worker-12: Importing Maven projects] INFO  o.e.m.c.i.e.AbstractTransferListenerAdapter - Downloading https://repo.maven.apache.org/maven2/org/xmlunit/xmlunit-parent/2.6.2/xmlunit-parent-2.6.2.pom
2025-02-12 17:01:27,567 [Worker-12: Importing Maven projects] INFO  o.e.m.c.i.e.AbstractTransferListenerAdapter - Downloaded https://repo.maven.apache.org/maven2/org/xmlunit/xmlunit-parent/2.6.2/xmlunit-parent-2.6.2.pom
2025-02-12 17:01:27,638 [Worker-12: Importing Maven projects] INFO  o.e.m.c.i.e.AbstractTransferListenerAdapter - Downloading https://repo.maven.apache.org/maven2/org/springframework/boot/spring-boot-starter-mail/2.1.2.RELEASE/spring-boot-starter-mail-2.1.2.RELEASE.pom
2025-02-12 17:01:27,707 [Worker-12: Importing Maven projects] INFO  o.e.m.c.i.e.AbstractTransferListenerAdapter - Downloaded https://repo.maven.apache.org/maven2/org/springframework/boot/spring-boot-starter-mail/2.1.2.RELEASE/spring-boot-starter-mail-2.1.2.RELEASE.pom
2025-02-12 17:01:27,780 [Worker-12: Importing Maven projects] INFO  o.e.m.c.i.e.AbstractTransferListenerAdapter - Downloading https://repo.maven.apache.org/maven2/org/springframework/spring-context-support/5.1.4.RELEASE/spring-context-support-5.1.4.RELEASE.pom
2025-02-12 17:01:27,847 [Worker-12: Importing Maven projects] INFO  o.e.m.c.i.e.AbstractTransferListenerAdapter - Downloaded https://repo.maven.apache.org/maven2/org/springframework/spring-context-support/5.1.4.RELEASE/spring-context-support-5.1.4.RELEASE.pom
2025-02-12 17:01:27,976 [Worker-12: Importing Maven projects] INFO  o.e.m.c.i.e.AbstractTransferListenerAdapter - Downloading https://repo.maven.apache.org/maven2/org/springframework/boot/spring-boot-starter-security/2.1.2.RELEASE/spring-boot-starter-security-2.1.2.RELEASE.pom
2025-02-12 17:01:28,050 [Worker-12: Importing Maven projects] INFO  o.e.m.c.i.e.AbstractTransferListenerAdapter - Downloaded https://repo.maven.apache.org/maven2/org/springframework/boot/spring-boot-starter-security/2.1.2.RELEASE/spring-boot-starter-security-2.1.2.RELEASE.pom
2025-02-12 17:01:28,120 [Worker-12: Importing Maven projects] INFO  o.e.m.c.i.e.AbstractTransferListenerAdapter - Downloading https://repo.maven.apache.org/maven2/org/springframework/security/spring-security-config/5.1.3.RELEASE/spring-security-config-5.1.3.RELEASE.pom
2025-02-12 17:01:28,206 [Worker-12: Importing Maven projects] INFO  o.e.m.c.i.e.AbstractTransferListenerAdapter - Downloaded https://repo.maven.apache.org/maven2/org/springframework/security/spring-security-config/5.1.3.RELEASE/spring-security-config-5.1.3.RELEASE.pom
2025-02-12 17:01:28,255 [Worker-12: Importing Maven projects] INFO  o.e.m.c.i.e.AbstractTransferListenerAdapter - Downloading https://repo.maven.apache.org/maven2/org/springframework/security/spring-security-core/5.1.3.RELEASE/spring-security-core-5.1.3.RELEASE.pom
2025-02-12 17:01:28,336 [Worker-12: Importing Maven projects] INFO  o.e.m.c.i.e.AbstractTransferListenerAdapter - Downloaded https://repo.maven.apache.org/maven2/org/springframework/security/spring-security-core/5.1.3.RELEASE/spring-security-core-5.1.3.RELEASE.pom
2025-02-12 17:01:28,397 [Worker-12: Importing Maven projects] INFO  o.e.m.c.i.e.AbstractTransferListenerAdapter - Downloading https://repo.maven.apache.org/maven2/org/springframework/security/spring-security-web/5.1.3.RELEASE/spring-security-web-5.1.3.RELEASE.pom
2025-02-12 17:01:28,490 [Worker-12: Importing Maven projects] INFO  o.e.m.c.i.e.AbstractTransferListenerAdapter - Downloaded https://repo.maven.apache.org/maven2/org/springframework/security/spring-security-web/5.1.3.RELEASE/spring-security-web-5.1.3.RELEASE.pom
2025-02-12 17:01:28,555 [Worker-12: Importing Maven projects] INFO  o.e.m.c.i.e.AbstractTransferListenerAdapter - Downloading https://repo.maven.apache.org/maven2/io/jsonwebtoken/jjwt/0.9.1/jjwt-0.9.1.pom
2025-02-12 17:01:28,645 [Worker-12: Importing Maven projects] INFO  o.e.m.c.i.e.AbstractTransferListenerAdapter - Downloaded https://repo.maven.apache.org/maven2/io/jsonwebtoken/jjwt/0.9.1/jjwt-0.9.1.pom
2025-02-12 17:01:28,759 [Worker-12: Importing Maven projects] INFO  o.e.m.c.i.e.AbstractTransferListenerAdapter - Downloading https://repo.maven.apache.org/maven2/org/springframework/boot/spring-boot-starter-actuator/2.1.2.RELEASE/spring-boot-starter-actuator-2.1.2.RELEASE.jar
2025-02-12 17:01:28,851 [Worker-12: Importing Maven projects] INFO  o.e.m.c.i.e.AbstractTransferListenerAdapter - Downloaded https://repo.maven.apache.org/maven2/org/springframework/boot/spring-boot-starter-actuator/2.1.2.RELEASE/spring-boot-starter-actuator-2.1.2.RELEASE.jar
2025-02-12 17:01:28,908 [Worker-12: Importing Maven projects] INFO  o.e.m.c.i.e.AbstractTransferListenerAdapter - Downloading https://repo.maven.apache.org/maven2/org/springframework/boot/spring-boot-actuator-autoconfigure/2.1.2.RELEASE/spring-boot-actuator-autoconfigure-2.1.2.RELEASE.jar
2025-02-12 17:01:29,301 [Worker-12: Importing Maven projects] INFO  o.e.m.c.i.e.AbstractTransferListenerAdapter - Downloaded https://repo.maven.apache.org/maven2/org/springframework/boot/spring-boot-actuator-autoconfigure/2.1.2.RELEASE/spring-boot-actuator-autoconfigure-2.1.2.RELEASE.jar
2025-02-12 17:01:29,363 [Worker-12: Importing Maven projects] INFO  o.e.m.c.i.e.AbstractTransferListenerAdapter - Downloading https://repo.maven.apache.org/maven2/org/springframework/boot/spring-boot-actuator/2.1.2.RELEASE/spring-boot-actuator-2.1.2.RELEASE.jar
2025-02-12 17:01:29,769 [Worker-12: Importing Maven projects] INFO  o.e.m.c.i.e.AbstractTransferListenerAdapter - Downloaded https://repo.maven.apache.org/maven2/org/springframework/boot/spring-boot-actuator/2.1.2.RELEASE/spring-boot-actuator-2.1.2.RELEASE.jar
2025-02-12 17:01:29,816 [Worker-12: Importing Maven projects] INFO  o.e.m.c.i.e.AbstractTransferListenerAdapter - Downloading https://repo.maven.apache.org/maven2/io/micrometer/micrometer-core/1.1.2/micrometer-core-1.1.2.jar
2025-02-12 17:01:30,088 [Worker-12: Importing Maven projects] INFO  o.e.m.c.i.e.AbstractTransferListenerAdapter - Downloaded https://repo.maven.apache.org/maven2/io/micrometer/micrometer-core/1.1.2/micrometer-core-1.1.2.jar
2025-02-12 17:01:30,137 [Worker-12: Importing Maven projects] INFO  o.e.m.c.i.e.AbstractTransferListenerAdapter - Downloading https://repo.maven.apache.org/maven2/org/hdrhistogram/HdrHistogram/2.1.9/HdrHistogram-2.1.9.jar
2025-02-12 17:01:30,257 [Worker-12: Importing Maven projects] INFO  o.e.m.c.i.e.AbstractTransferListenerAdapter - Downloaded https://repo.maven.apache.org/maven2/org/hdrhistogram/HdrHistogram/2.1.9/HdrHistogram-2.1.9.jar
2025-02-12 17:01:30,315 [Worker-12: Importing Maven projects] INFO  o.e.m.c.i.e.AbstractTransferListenerAdapter - Downloading https://repo.maven.apache.org/maven2/org/latencyutils/LatencyUtils/2.0.3/LatencyUtils-2.0.3.jar
2025-02-12 17:01:30,563 [Worker-12: Importing Maven projects] INFO  o.e.m.c.i.e.AbstractTransferListenerAdapter - Downloaded https://repo.maven.apache.org/maven2/org/latencyutils/LatencyUtils/2.0.3/LatencyUtils-2.0.3.jar
2025-02-12 17:01:30,620 [Worker-12: Importing Maven projects] INFO  o.e.m.c.i.e.AbstractTransferListenerAdapter - Downloading https://repo.maven.apache.org/maven2/c3p0/c3p0/0.9.1.2/c3p0-0.9.1.2.jar
2025-02-12 17:01:30,969 [Worker-12: Importing Maven projects] INFO  o.e.m.c.i.e.AbstractTransferListenerAdapter - Downloaded https://repo.maven.apache.org/maven2/c3p0/c3p0/0.9.1.2/c3p0-0.9.1.2.jar
2025-02-12 17:01:31,016 [Worker-12: Importing Maven projects] INFO  o.e.m.c.i.e.AbstractTransferListenerAdapter - Downloading https://repo.maven.apache.org/maven2/org/springframework/boot/spring-boot-starter-test/2.1.2.RELEASE/spring-boot-starter-test-2.1.2.RELEASE.jar
2025-02-12 17:01:31,113 [Worker-12: Importing Maven projects] INFO  o.e.m.c.i.e.AbstractTransferListenerAdapter - Downloaded https://repo.maven.apache.org/maven2/org/springframework/boot/spring-boot-starter-test/2.1.2.RELEASE/spring-boot-starter-test-2.1.2.RELEASE.jar
2025-02-12 17:01:31,182 [Worker-12: Importing Maven projects] INFO  o.e.m.c.i.e.AbstractTransferListenerAdapter - Downloading https://repo.maven.apache.org/maven2/org/springframework/boot/spring-boot-test/2.1.2.RELEASE/spring-boot-test-2.1.2.RELEASE.jar
2025-02-12 17:01:31,328 [Worker-12: Importing Maven projects] INFO  o.e.m.c.i.e.AbstractTransferListenerAdapter - Downloaded https://repo.maven.apache.org/maven2/org/springframework/boot/spring-boot-test/2.1.2.RELEASE/spring-boot-test-2.1.2.RELEASE.jar
2025-02-12 17:01:31,376 [Worker-12: Importing Maven projects] INFO  o.e.m.c.i.e.AbstractTransferListenerAdapter - Downloading https://repo.maven.apache.org/maven2/org/springframework/boot/spring-boot-test-autoconfigure/2.1.2.RELEASE/spring-boot-test-autoconfigure-2.1.2.RELEASE.jar
2025-02-12 17:01:31,515 [Worker-12: Importing Maven projects] INFO  o.e.m.c.i.e.AbstractTransferListenerAdapter - Downloaded https://repo.maven.apache.org/maven2/org/springframework/boot/spring-boot-test-autoconfigure/2.1.2.RELEASE/spring-boot-test-autoconfigure-2.1.2.RELEASE.jar
2025-02-12 17:01:31,579 [Worker-12: Importing Maven projects] INFO  o.e.m.c.i.e.AbstractTransferListenerAdapter - Downloading https://repo.maven.apache.org/maven2/com/jayway/jsonpath/json-path/2.4.0/json-path-2.4.0.jar
2025-02-12 17:01:31,716 [Worker-12: Importing Maven projects] INFO  o.e.m.c.i.e.AbstractTransferListenerAdapter - Downloaded https://repo.maven.apache.org/maven2/com/jayway/jsonpath/json-path/2.4.0/json-path-2.4.0.jar
2025-02-12 17:01:31,775 [Worker-12: Importing Maven projects] INFO  o.e.m.c.i.e.AbstractTransferListenerAdapter - Downloading https://repo.maven.apache.org/maven2/net/minidev/json-smart/2.3/json-smart-2.3.jar
2025-02-12 17:01:31,886 [Worker-12: Importing Maven projects] INFO  o.e.m.c.i.e.AbstractTransferListenerAdapter - Downloaded https://repo.maven.apache.org/maven2/net/minidev/json-smart/2.3/json-smart-2.3.jar
2025-02-12 17:01:31,937 [Worker-12: Importing Maven projects] INFO  o.e.m.c.i.e.AbstractTransferListenerAdapter - Downloading https://repo.maven.apache.org/maven2/net/minidev/accessors-smart/1.2/accessors-smart-1.2.jar
2025-02-12 17:01:32,164 [Worker-12: Importing Maven projects] INFO  o.e.m.c.i.e.AbstractTransferListenerAdapter - Downloaded https://repo.maven.apache.org/maven2/net/minidev/accessors-smart/1.2/accessors-smart-1.2.jar
2025-02-12 17:01:32,230 [Worker-12: Importing Maven projects] INFO  o.e.m.c.i.e.AbstractTransferListenerAdapter - Downloading https://repo.maven.apache.org/maven2/org/ow2/asm/asm/5.0.4/asm-5.0.4.jar
2025-02-12 17:01:32,323 [Worker-12: Importing Maven projects] INFO  o.e.m.c.i.e.AbstractTransferListenerAdapter - Downloaded https://repo.maven.apache.org/maven2/org/ow2/asm/asm/5.0.4/asm-5.0.4.jar
2025-02-12 17:01:32,380 [Worker-12: Importing Maven projects] INFO  o.e.m.c.i.e.AbstractTransferListenerAdapter - Downloading https://repo.maven.apache.org/maven2/org/assertj/assertj-core/3.11.1/assertj-core-3.11.1.jar
2025-02-12 17:01:33,549 [Worker-12: Importing Maven projects] INFO  o.e.m.c.i.e.AbstractTransferListenerAdapter - Downloaded https://repo.maven.apache.org/maven2/org/assertj/assertj-core/3.11.1/assertj-core-3.11.1.jar
2025-02-12 17:01:33,616 [Worker-12: Importing Maven projects] INFO  o.e.m.c.i.e.AbstractTransferListenerAdapter - Downloading https://repo.maven.apache.org/maven2/org/mockito/mockito-core/2.23.4/mockito-core-2.23.4.jar
2025-02-12 17:01:33,817 [Worker-12: Importing Maven projects] INFO  o.e.m.c.i.e.AbstractTransferListenerAdapter - Downloaded https://repo.maven.apache.org/maven2/org/mockito/mockito-core/2.23.4/mockito-core-2.23.4.jar
2025-02-12 17:01:33,875 [Worker-12: Importing Maven projects] INFO  o.e.m.c.i.e.AbstractTransferListenerAdapter - Downloading https://repo.maven.apache.org/maven2/net/bytebuddy/byte-buddy-agent/1.9.7/byte-buddy-agent-1.9.7.jar
2025-02-12 17:01:34,243 [Worker-12: Importing Maven projects] INFO  o.e.m.c.i.e.AbstractTransferListenerAdapter - Downloaded https://repo.maven.apache.org/maven2/net/bytebuddy/byte-buddy-agent/1.9.7/byte-buddy-agent-1.9.7.jar
2025-02-12 17:01:34,298 [Worker-12: Importing Maven projects] INFO  o.e.m.c.i.e.AbstractTransferListenerAdapter - Downloading https://repo.maven.apache.org/maven2/org/hamcrest/hamcrest-library/1.3/hamcrest-library-1.3.jar
2025-02-12 17:01:34,381 [Worker-12: Importing Maven projects] INFO  o.e.m.c.i.e.AbstractTransferListenerAdapter - Downloaded https://repo.maven.apache.org/maven2/org/hamcrest/hamcrest-library/1.3/hamcrest-library-1.3.jar
2025-02-12 17:01:34,445 [Worker-12: Importing Maven projects] INFO  o.e.m.c.i.e.AbstractTransferListenerAdapter - Downloading https://repo.maven.apache.org/maven2/org/skyscreamer/jsonassert/1.5.0/jsonassert-1.5.0.jar
2025-02-12 17:01:34,726 [Worker-12: Importing Maven projects] INFO  o.e.m.c.i.e.AbstractTransferListenerAdapter - Downloaded https://repo.maven.apache.org/maven2/org/skyscreamer/jsonassert/1.5.0/jsonassert-1.5.0.jar
2025-02-12 17:01:34,783 [Worker-12: Importing Maven projects] INFO  o.e.m.c.i.e.AbstractTransferListenerAdapter - Downloading https://repo.maven.apache.org/maven2/com/vaadin/external/google/android-json/0.0.20131108.vaadin1/android-json-0.0.20131108.vaadin1.jar
2025-02-12 17:01:34,930 [Worker-12: Importing Maven projects] INFO  o.e.m.c.i.e.AbstractTransferListenerAdapter - Downloaded https://repo.maven.apache.org/maven2/com/vaadin/external/google/android-json/0.0.20131108.vaadin1/android-json-0.0.20131108.vaadin1.jar
2025-02-12 17:01:34,996 [Worker-12: Importing Maven projects] INFO  o.e.m.c.i.e.AbstractTransferListenerAdapter - Downloading https://repo.maven.apache.org/maven2/org/xmlunit/xmlunit-core/2.6.2/xmlunit-core-2.6.2.jar
2025-02-12 17:01:35,095 [Worker-12: Importing Maven projects] INFO  o.e.m.c.i.e.AbstractTransferListenerAdapter - Downloaded https://repo.maven.apache.org/maven2/org/xmlunit/xmlunit-core/2.6.2/xmlunit-core-2.6.2.jar
2025-02-12 17:01:35,183 [Worker-12: Importing Maven projects] INFO  o.e.m.c.i.e.AbstractTransferListenerAdapter - Downloading https://repo.maven.apache.org/maven2/org/springframework/boot/spring-boot-starter-mail/2.1.2.RELEASE/spring-boot-starter-mail-2.1.2.RELEASE.jar
2025-02-12 17:01:35,319 [Worker-12: Importing Maven projects] INFO  o.e.m.c.i.e.AbstractTransferListenerAdapter - Downloaded https://repo.maven.apache.org/maven2/org/springframework/boot/spring-boot-starter-mail/2.1.2.RELEASE/spring-boot-starter-mail-2.1.2.RELEASE.jar
2025-02-12 17:01:35,392 [Worker-12: Importing Maven projects] INFO  o.e.m.c.i.e.AbstractTransferListenerAdapter - Downloading https://repo.maven.apache.org/maven2/org/springframework/spring-context-support/5.1.4.RELEASE/spring-context-support-5.1.4.RELEASE.jar
2025-02-12 17:01:35,498 [Worker-12: Importing Maven projects] INFO  o.e.m.c.i.e.AbstractTransferListenerAdapter - Downloaded https://repo.maven.apache.org/maven2/org/springframework/spring-context-support/5.1.4.RELEASE/spring-context-support-5.1.4.RELEASE.jar
2025-02-12 17:01:35,557 [Worker-12: Importing Maven projects] INFO  o.e.m.c.i.e.AbstractTransferListenerAdapter - Downloading https://repo.maven.apache.org/maven2/org/springframework/boot/spring-boot-starter-security/2.1.2.RELEASE/spring-boot-starter-security-2.1.2.RELEASE.jar
2025-02-12 17:01:35,648 [Worker-12: Importing Maven projects] INFO  o.e.m.c.i.e.AbstractTransferListenerAdapter - Downloaded https://repo.maven.apache.org/maven2/org/springframework/boot/spring-boot-starter-security/2.1.2.RELEASE/spring-boot-starter-security-2.1.2.RELEASE.jar
2025-02-12 17:01:35,695 [Worker-12: Importing Maven projects] INFO  o.e.m.c.i.e.AbstractTransferListenerAdapter - Downloading https://repo.maven.apache.org/maven2/org/springframework/security/spring-security-config/5.1.3.RELEASE/spring-security-config-5.1.3.RELEASE.jar
2025-02-12 17:01:35,908 [Worker-12: Importing Maven projects] INFO  o.e.m.c.i.e.AbstractTransferListenerAdapter - Downloaded https://repo.maven.apache.org/maven2/org/springframework/security/spring-security-config/5.1.3.RELEASE/spring-security-config-5.1.3.RELEASE.jar
2025-02-12 17:01:35,978 [Worker-12: Importing Maven projects] INFO  o.e.m.c.i.e.AbstractTransferListenerAdapter - Downloading https://repo.maven.apache.org/maven2/org/springframework/security/spring-security-core/5.1.3.RELEASE/spring-security-core-5.1.3.RELEASE.jar
2025-02-12 17:01:36,116 [Worker-12: Importing Maven projects] INFO  o.e.m.c.i.e.AbstractTransferListenerAdapter - Downloaded https://repo.maven.apache.org/maven2/org/springframework/security/spring-security-core/5.1.3.RELEASE/spring-security-core-5.1.3.RELEASE.jar
2025-02-12 17:01:36,179 [Worker-12: Importing Maven projects] INFO  o.e.m.c.i.e.AbstractTransferListenerAdapter - Downloading https://repo.maven.apache.org/maven2/org/springframework/security/spring-security-web/5.1.3.RELEASE/spring-security-web-5.1.3.RELEASE.jar
2025-02-12 17:01:36,331 [Worker-12: Importing Maven projects] INFO  o.e.m.c.i.e.AbstractTransferListenerAdapter - Downloaded https://repo.maven.apache.org/maven2/org/springframework/security/spring-security-web/5.1.3.RELEASE/spring-security-web-5.1.3.RELEASE.jar
2025-02-12 17:01:36,384 [Worker-12: Importing Maven projects] INFO  o.e.m.c.i.e.AbstractTransferListenerAdapter - Downloading https://repo.maven.apache.org/maven2/io/jsonwebtoken/jjwt/0.9.1/jjwt-0.9.1.jar
2025-02-12 17:01:36,497 [Worker-12: Importing Maven projects] INFO  o.e.m.c.i.e.AbstractTransferListenerAdapter - Downloaded https://repo.maven.apache.org/maven2/io/jsonwebtoken/jjwt/0.9.1/jjwt-0.9.1.jar
2025-02-12 17:01:39,008 [Worker-12: Importing Maven projects] INFO  o.e.m.c.i.e.AbstractTransferListenerAdapter - Downloading https://repo.maven.apache.org/maven2/org/apache/maven/plugins/maven-jar-plugin/3.1.1/maven-jar-plugin-3.1.1.pom
2025-02-12 17:01:39,172 [Worker-12: Importing Maven projects] INFO  o.e.m.c.i.e.AbstractTransferListenerAdapter - Downloaded https://repo.maven.apache.org/maven2/org/apache/maven/plugins/maven-jar-plugin/3.1.1/maven-jar-plugin-3.1.1.pom
2025-02-12 17:01:39,325 [Worker-12: Importing Maven projects] INFO  o.e.m.c.i.e.AbstractTransferListenerAdapter - Downloading https://repo.maven.apache.org/maven2/org/apache/maven/maven-archiver/3.3.0/maven-archiver-3.3.0.pom
2025-02-12 17:01:39,416 [Worker-12: Importing Maven projects] INFO  o.e.m.c.i.e.AbstractTransferListenerAdapter - Downloaded https://repo.maven.apache.org/maven2/org/apache/maven/maven-archiver/3.3.0/maven-archiver-3.3.0.pom
2025-02-12 17:01:39,833 [Worker-12: Importing Maven projects] INFO  o.e.m.c.i.e.AbstractTransferListenerAdapter - Downloading https://repo.maven.apache.org/maven2/org/codehaus/plexus/plexus-archiver/3.7.0/plexus-archiver-3.7.0.pom
2025-02-12 17:01:39,914 [Worker-12: Importing Maven projects] INFO  o.e.m.c.i.e.AbstractTransferListenerAdapter - Downloaded https://repo.maven.apache.org/maven2/org/codehaus/plexus/plexus-archiver/3.7.0/plexus-archiver-3.7.0.pom
2025-02-12 17:01:39,979 [Worker-12: Importing Maven projects] INFO  o.e.m.c.i.e.AbstractTransferListenerAdapter - Downloading https://repo.maven.apache.org/maven2/org/codehaus/plexus/plexus-io/3.1.0/plexus-io-3.1.0.pom
2025-02-12 17:01:40,059 [Worker-12: Importing Maven projects] INFO  o.e.m.c.i.e.AbstractTransferListenerAdapter - Downloaded https://repo.maven.apache.org/maven2/org/codehaus/plexus/plexus-io/3.1.0/plexus-io-3.1.0.pom
2025-02-12 17:01:40,178 [Worker-12: Importing Maven projects] INFO  o.e.m.c.i.e.AbstractTransferListenerAdapter - Downloading https://repo.maven.apache.org/maven2/org/apache/maven/maven-archiver/3.3.0/maven-archiver-3.3.0.jar
2025-02-12 17:01:40,353 [Worker-12: Importing Maven projects] INFO  o.e.m.c.i.e.AbstractTransferListenerAdapter - Downloaded https://repo.maven.apache.org/maven2/org/apache/maven/maven-archiver/3.3.0/maven-archiver-3.3.0.jar
2025-02-12 17:01:40,419 [Worker-12: Importing Maven projects] INFO  o.e.m.c.i.e.AbstractTransferListenerAdapter - Downloading https://repo.maven.apache.org/maven2/org/codehaus/plexus/plexus-archiver/3.7.0/plexus-archiver-3.7.0.jar
2025-02-12 17:01:40,633 [Worker-12: Importing Maven projects] INFO  o.e.m.c.i.e.AbstractTransferListenerAdapter - Downloaded https://repo.maven.apache.org/maven2/org/codehaus/plexus/plexus-archiver/3.7.0/plexus-archiver-3.7.0.jar
2025-02-12 17:01:40,681 [Worker-12: Importing Maven projects] INFO  o.e.m.c.i.e.AbstractTransferListenerAdapter - Downloading https://repo.maven.apache.org/maven2/org/codehaus/plexus/plexus-io/3.1.0/plexus-io-3.1.0.jar
2025-02-12 17:01:40,799 [Worker-12: Importing Maven projects] INFO  o.e.m.c.i.e.AbstractTransferListenerAdapter - Downloaded https://repo.maven.apache.org/maven2/org/codehaus/plexus/plexus-io/3.1.0/plexus-io-3.1.0.jar
2025-02-12 17:01:42,276 [Worker-12: Importing Maven projects] INFO  o.e.m.j.i.AbstractJavaProjectConfigurator - Adding source folder /projectORS/src/main/java
2025-02-12 17:01:42,276 [Worker-12: Importing Maven projects] INFO  o.e.m.j.i.AbstractJavaProjectConfigurator - Adding resource folder /projectORS/src/main/resources
2025-02-12 17:01:42,285 [Worker-12: Importing Maven projects] INFO  o.e.m.j.i.AbstractJavaProjectConfigurator - Adding resource folder /projectORS/src/main/resources
2025-02-12 17:01:42,285 [Worker-12: Importing Maven projects] INFO  o.e.m.j.i.AbstractJavaProjectConfigurator - Adding source folder /projectORS/src/test/java
2025-02-12 17:01:43,518 [Worker-7: Download sources and javadoc] INFO  o.e.m.c.i.e.AbstractTransferListenerAdapter - Downloaded https://repo.maven.apache.org/maven2/org/springframework/boot/spring-boot-starter-actuator/2.1.2.RELEASE/spring-boot-starter-actuator-2.1.2.RELEASE-sources.jar
2025-02-12 17:01:43,524 [Worker-7: Download sources and javadoc] ERROR o.e.m.j.internal.DownloadSourcesJob - Could not download sources for org.springframework.boot:spring-boot-starter-actuator:2.1.2.RELEASE
org.eclipse.core.runtime.CoreException: Could not resolve artifact org.springframework.boot:spring-boot-starter-actuator:jar:sources:2.1.2.RELEASE
	at org.eclipse.m2e.core.internal.embedder.MavenImpl.lambda$4(MavenImpl.java:763)
	at org.eclipse.m2e.core.internal.embedder.MavenExecutionContext.executeBare(MavenExecutionContext.java:177)
	at org.eclipse.m2e.core.internal.embedder.MavenExecutionContext.execute(MavenExecutionContext.java:112)
	at org.eclipse.m2e.core.internal.embedder.MavenExecutionContext.execute(MavenExecutionContext.java:99)
	at org.eclipse.m2e.core.internal.embedder.MavenImpl.resolve(MavenImpl.java:731)
	at org.eclipse.m2e.core.internal.embedder.MavenImpl.resolve(MavenImpl.java:708)
	at org.eclipse.m2e.jdt.internal.DownloadSourcesJob.download(DownloadSourcesJob.java:279)
	at org.eclipse.m2e.jdt.internal.DownloadSourcesJob.downloadAttachments(DownloadSourcesJob.java:254)
	at org.eclipse.m2e.jdt.internal.DownloadSourcesJob.downloadMaven(DownloadSourcesJob.java:221)
	at org.eclipse.m2e.jdt.internal.DownloadSourcesJob.run(DownloadSourcesJob.java:161)
	at org.eclipse.m2e.jdt.internal.DownloadSourcesJob$1.call(DownloadSourcesJob.java:137)
	at org.eclipse.m2e.jdt.internal.DownloadSourcesJob$1.call(DownloadSourcesJob.java:1)
	at org.eclipse.m2e.core.internal.embedder.MavenExecutionContext.executeBare(MavenExecutionContext.java:177)
	at org.eclipse.m2e.core.internal.embedder.MavenExecutionContext.execute(MavenExecutionContext.java:151)
	at org.eclipse.m2e.core.internal.embedder.MavenExecutionContext.execute(MavenExecutionContext.java:99)
	at org.eclipse.m2e.core.internal.embedder.MavenImpl.execute(MavenImpl.java:1336)
	at org.eclipse.m2e.jdt.internal.DownloadSourcesJob.run(DownloadSourcesJob.java:135)
	at org.eclipse.core.internal.jobs.Worker.run(Worker.java:63)
2025-02-12 17:01:43,583 [Worker-7: Download sources and javadoc] INFO  o.e.m.c.i.e.AbstractTransferListenerAdapter - Downloading https://repo.maven.apache.org/maven2/org/springframework/boot/spring-boot-actuator-autoconfigure/2.1.2.RELEASE/spring-boot-actuator-autoconfigure-2.1.2.RELEASE-sources.jar
2025-02-12 17:01:43,890 [Worker-7: Download sources and javadoc] INFO  o.e.m.c.i.e.AbstractTransferListenerAdapter - Downloaded https://repo.maven.apache.org/maven2/org/springframework/boot/spring-boot-actuator-autoconfigure/2.1.2.RELEASE/spring-boot-actuator-autoconfigure-2.1.2.RELEASE-sources.jar
2025-02-12 17:01:43,938 [Worker-7: Download sources and javadoc] INFO  o.e.m.j.internal.DownloadSourcesJob - Downloaded sources for org.springframework.boot:spring-boot-actuator-autoconfigure:2.1.2.RELEASE
2025-02-12 17:01:43,995 [Worker-7: Download sources and javadoc] INFO  o.e.m.c.i.e.AbstractTransferListenerAdapter - Downloading https://repo.maven.apache.org/maven2/org/springframework/boot/spring-boot-actuator/2.1.2.RELEASE/spring-boot-actuator-2.1.2.RELEASE-sources.jar
2025-02-12 17:01:44,163 [Worker-7: Download sources and javadoc] INFO  o.e.m.c.i.e.AbstractTransferListenerAdapter - Downloaded https://repo.maven.apache.org/maven2/org/springframework/boot/spring-boot-actuator/2.1.2.RELEASE/spring-boot-actuator-2.1.2.RELEASE-sources.jar
2025-02-12 17:01:44,201 [Worker-7: Download sources and javadoc] INFO  o.e.m.j.internal.DownloadSourcesJob - Downloaded sources for org.springframework.boot:spring-boot-actuator:2.1.2.RELEASE
2025-02-12 17:01:44,258 [Worker-7: Download sources and javadoc] INFO  o.e.m.c.i.e.AbstractTransferListenerAdapter - Downloading https://repo.maven.apache.org/maven2/io/micrometer/micrometer-core/1.1.2/micrometer-core-1.1.2-sources.jar
2025-02-12 17:01:44,347 [Worker-7: Download sources and javadoc] INFO  o.e.m.c.i.e.AbstractTransferListenerAdapter - Downloaded https://repo.maven.apache.org/maven2/io/micrometer/micrometer-core/1.1.2/micrometer-core-1.1.2-sources.jar
2025-02-12 17:01:44,391 [Worker-7: Download sources and javadoc] INFO  o.e.m.j.internal.DownloadSourcesJob - Downloaded sources for io.micrometer:micrometer-core:1.1.2
2025-02-12 17:01:44,430 [Worker-7: Download sources and javadoc] INFO  o.e.m.c.i.e.AbstractTransferListenerAdapter - Downloading https://repo.maven.apache.org/maven2/org/hdrhistogram/HdrHistogram/2.1.9/HdrHistogram-2.1.9-sources.jar
2025-02-12 17:01:44,511 [Worker-7: Download sources and javadoc] INFO  o.e.m.c.i.e.AbstractTransferListenerAdapter - Downloaded https://repo.maven.apache.org/maven2/org/hdrhistogram/HdrHistogram/2.1.9/HdrHistogram-2.1.9-sources.jar
2025-02-12 17:01:44,559 [Worker-7: Download sources and javadoc] INFO  o.e.m.j.internal.DownloadSourcesJob - Downloaded sources for org.hdrhistogram:HdrHistogram:2.1.9
2025-02-12 17:01:44,612 [Worker-7: Download sources and javadoc] INFO  o.e.m.c.i.e.AbstractTransferListenerAdapter - Downloading https://repo.maven.apache.org/maven2/org/latencyutils/LatencyUtils/2.0.3/LatencyUtils-2.0.3-sources.jar
2025-02-12 17:01:44,805 [Worker-7: Download sources and javadoc] INFO  o.e.m.c.i.e.AbstractTransferListenerAdapter - Downloaded https://repo.maven.apache.org/maven2/org/latencyutils/LatencyUtils/2.0.3/LatencyUtils-2.0.3-sources.jar
2025-02-12 17:01:44,938 [Worker-7: Download sources and javadoc] INFO  o.e.m.j.internal.DownloadSourcesJob - Downloaded sources for org.latencyutils:LatencyUtils:2.0.3
2025-02-12 17:01:45,111 [Worker-7: Download sources and javadoc] INFO  o.e.m.c.i.e.AbstractTransferListenerAdapter - Downloading https://repo.maven.apache.org/maven2/c3p0/c3p0/0.9.1.2/c3p0-0.9.1.2-sources.jar
2025-02-12 17:01:45,228 [Worker-7: Download sources and javadoc] INFO  o.e.m.c.i.e.AbstractTransferListenerAdapter - Downloaded https://repo.maven.apache.org/maven2/c3p0/c3p0/0.9.1.2/c3p0-0.9.1.2-sources.jar
2025-02-12 17:01:45,271 [Worker-7: Download sources and javadoc] INFO  o.e.m.j.internal.DownloadSourcesJob - Downloaded sources for c3p0:c3p0:0.9.1.2
2025-02-12 17:01:45,591 [Worker-7: Download sources and javadoc] INFO  o.e.m.c.i.e.AbstractTransferListenerAdapter - Downloaded https://repo.maven.apache.org/maven2/org/springframework/boot/spring-boot-starter-test/2.1.2.RELEASE/spring-boot-starter-test-2.1.2.RELEASE-sources.jar
2025-02-12 17:01:45,592 [Worker-7: Download sources and javadoc] ERROR o.e.m.j.internal.DownloadSourcesJob - Could not download sources for org.springframework.boot:spring-boot-starter-test:2.1.2.RELEASE
org.eclipse.core.runtime.CoreException: Could not resolve artifact org.springframework.boot:spring-boot-starter-test:jar:sources:2.1.2.RELEASE
	at org.eclipse.m2e.core.internal.embedder.MavenImpl.lambda$4(MavenImpl.java:763)
	at org.eclipse.m2e.core.internal.embedder.MavenExecutionContext.executeBare(MavenExecutionContext.java:177)
	at org.eclipse.m2e.core.internal.embedder.MavenExecutionContext.execute(MavenExecutionContext.java:112)
	at org.eclipse.m2e.core.internal.embedder.MavenExecutionContext.execute(MavenExecutionContext.java:99)
	at org.eclipse.m2e.core.internal.embedder.MavenImpl.resolve(MavenImpl.java:731)
	at org.eclipse.m2e.core.internal.embedder.MavenImpl.resolve(MavenImpl.java:708)
	at org.eclipse.m2e.jdt.internal.DownloadSourcesJob.download(DownloadSourcesJob.java:279)
	at org.eclipse.m2e.jdt.internal.DownloadSourcesJob.downloadAttachments(DownloadSourcesJob.java:254)
	at org.eclipse.m2e.jdt.internal.DownloadSourcesJob.downloadMaven(DownloadSourcesJob.java:221)
	at org.eclipse.m2e.jdt.internal.DownloadSourcesJob.run(DownloadSourcesJob.java:161)
	at org.eclipse.m2e.jdt.internal.DownloadSourcesJob$1.call(DownloadSourcesJob.java:137)
	at org.eclipse.m2e.jdt.internal.DownloadSourcesJob$1.call(DownloadSourcesJob.java:1)
	at org.eclipse.m2e.core.internal.embedder.MavenExecutionContext.executeBare(MavenExecutionContext.java:177)
	at org.eclipse.m2e.core.internal.embedder.MavenExecutionContext.execute(MavenExecutionContext.java:151)
	at org.eclipse.m2e.core.internal.embedder.MavenExecutionContext.execute(MavenExecutionContext.java:99)
	at org.eclipse.m2e.core.internal.embedder.MavenImpl.execute(MavenImpl.java:1336)
	at org.eclipse.m2e.jdt.internal.DownloadSourcesJob.run(DownloadSourcesJob.java:135)
	at org.eclipse.core.internal.jobs.Worker.run(Worker.java:63)
2025-02-12 17:01:45,652 [Worker-7: Download sources and javadoc] INFO  o.e.m.c.i.e.AbstractTransferListenerAdapter - Downloading https://repo.maven.apache.org/maven2/org/springframework/boot/spring-boot-test/2.1.2.RELEASE/spring-boot-test-2.1.2.RELEASE-sources.jar
2025-02-12 17:01:45,749 [Worker-7: Download sources and javadoc] INFO  o.e.m.c.i.e.AbstractTransferListenerAdapter - Downloaded https://repo.maven.apache.org/maven2/org/springframework/boot/spring-boot-test/2.1.2.RELEASE/spring-boot-test-2.1.2.RELEASE-sources.jar
2025-02-12 17:01:45,861 [Worker-7: Download sources and javadoc] INFO  o.e.m.j.internal.DownloadSourcesJob - Downloaded sources for org.springframework.boot:spring-boot-test:2.1.2.RELEASE
2025-02-12 17:01:45,921 [Worker-7: Download sources and javadoc] INFO  o.e.m.c.i.e.AbstractTransferListenerAdapter - Downloading https://repo.maven.apache.org/maven2/org/springframework/boot/spring-boot-test-autoconfigure/2.1.2.RELEASE/spring-boot-test-autoconfigure-2.1.2.RELEASE-sources.jar
2025-02-12 17:01:46,047 [Worker-7: Download sources and javadoc] INFO  o.e.m.c.i.e.AbstractTransferListenerAdapter - Downloaded https://repo.maven.apache.org/maven2/org/springframework/boot/spring-boot-test-autoconfigure/2.1.2.RELEASE/spring-boot-test-autoconfigure-2.1.2.RELEASE-sources.jar
2025-02-12 17:01:46,117 [Worker-7: Download sources and javadoc] INFO  o.e.m.j.internal.DownloadSourcesJob - Downloaded sources for org.springframework.boot:spring-boot-test-autoconfigure:2.1.2.RELEASE
2025-02-12 17:01:46,177 [Worker-7: Download sources and javadoc] INFO  o.e.m.c.i.e.AbstractTransferListenerAdapter - Downloading https://repo.maven.apache.org/maven2/com/jayway/jsonpath/json-path/2.4.0/json-path-2.4.0-sources.jar
2025-02-12 17:01:46,288 [Worker-7: Download sources and javadoc] INFO  o.e.m.c.i.e.AbstractTransferListenerAdapter - Downloaded https://repo.maven.apache.org/maven2/com/jayway/jsonpath/json-path/2.4.0/json-path-2.4.0-sources.jar
2025-02-12 17:01:46,348 [Worker-7: Download sources and javadoc] INFO  o.e.m.j.internal.DownloadSourcesJob - Downloaded sources for com.jayway.jsonpath:json-path:2.4.0
2025-02-12 17:01:46,409 [Worker-7: Download sources and javadoc] INFO  o.e.m.c.i.e.AbstractTransferListenerAdapter - Downloading https://repo.maven.apache.org/maven2/net/minidev/json-smart/2.3/json-smart-2.3-sources.jar
2025-02-12 17:01:46,496 [Worker-7: Download sources and javadoc] INFO  o.e.m.c.i.e.AbstractTransferListenerAdapter - Downloaded https://repo.maven.apache.org/maven2/net/minidev/json-smart/2.3/json-smart-2.3-sources.jar
2025-02-12 17:01:46,514 [Worker-12: Importing Maven projects] INFO  o.e.m.c.i.p.ProjectConfigurationManager - Imported and configured 1 project(s) in 32 sec
2025-02-12 17:01:46,567 [Worker-7: Download sources and javadoc] INFO  o.e.m.j.internal.DownloadSourcesJob - Downloaded sources for net.minidev:json-smart:2.3
2025-02-12 17:01:46,630 [Worker-7: Download sources and javadoc] INFO  o.e.m.c.i.e.AbstractTransferListenerAdapter - Downloading https://repo.maven.apache.org/maven2/net/minidev/accessors-smart/1.2/accessors-smart-1.2-sources.jar
2025-02-12 17:01:46,896 [Worker-7: Download sources and javadoc] INFO  o.e.m.c.i.e.AbstractTransferListenerAdapter - Downloaded https://repo.maven.apache.org/maven2/net/minidev/accessors-smart/1.2/accessors-smart-1.2-sources.jar
2025-02-12 17:01:47,262 [Worker-7: Download sources and javadoc] INFO  o.e.m.j.internal.DownloadSourcesJob - Downloaded sources for net.minidev:accessors-smart:1.2
2025-02-12 17:01:47,352 [Worker-7: Download sources and javadoc] INFO  o.e.m.c.i.e.AbstractTransferListenerAdapter - Downloading https://repo.maven.apache.org/maven2/org/ow2/asm/asm/5.0.4/asm-5.0.4-sources.jar
2025-02-12 17:01:47,850 [Worker-7: Download sources and javadoc] INFO  o.e.m.c.i.e.AbstractTransferListenerAdapter - Downloaded https://repo.maven.apache.org/maven2/org/ow2/asm/asm/5.0.4/asm-5.0.4-sources.jar
2025-02-12 17:01:47,941 [Worker-7: Download sources and javadoc] INFO  o.e.m.j.internal.DownloadSourcesJob - Downloaded sources for org.ow2.asm:asm:5.0.4
2025-02-12 17:01:47,995 [Worker-7: Download sources and javadoc] INFO  o.e.m.c.i.e.AbstractTransferListenerAdapter - Downloading https://repo.maven.apache.org/maven2/org/assertj/assertj-core/3.11.1/assertj-core-3.11.1-sources.jar
2025-02-12 17:01:48,254 [Worker-7: Download sources and javadoc] INFO  o.e.m.c.i.e.AbstractTransferListenerAdapter - Downloaded https://repo.maven.apache.org/maven2/org/assertj/assertj-core/3.11.1/assertj-core-3.11.1-sources.jar
2025-02-12 17:01:48,341 [Worker-7: Download sources and javadoc] INFO  o.e.m.j.internal.DownloadSourcesJob - Downloaded sources for org.assertj:assertj-core:3.11.1
2025-02-12 17:01:48,401 [Worker-7: Download sources and javadoc] INFO  o.e.m.c.i.e.AbstractTransferListenerAdapter - Downloading https://repo.maven.apache.org/maven2/org/mockito/mockito-core/2.23.4/mockito-core-2.23.4-sources.jar
2025-02-12 17:01:48,559 [Worker-7: Download sources and javadoc] INFO  o.e.m.c.i.e.AbstractTransferListenerAdapter - Downloaded https://repo.maven.apache.org/maven2/org/mockito/mockito-core/2.23.4/mockito-core-2.23.4-sources.jar
2025-02-12 17:01:48,645 [Worker-7: Download sources and javadoc] INFO  o.e.m.j.internal.DownloadSourcesJob - Downloaded sources for org.mockito:mockito-core:2.23.4
2025-02-12 17:01:48,802 [Worker-7: Download sources and javadoc] INFO  o.e.m.c.i.e.AbstractTransferListenerAdapter - Downloading https://repo.maven.apache.org/maven2/net/bytebuddy/byte-buddy-agent/1.9.7/byte-buddy-agent-1.9.7-sources.jar
2025-02-12 17:01:49,466 [Worker-7: Download sources and javadoc] INFO  o.e.m.c.i.e.AbstractTransferListenerAdapter - Downloaded https://repo.maven.apache.org/maven2/net/bytebuddy/byte-buddy-agent/1.9.7/byte-buddy-agent-1.9.7-sources.jar
2025-02-12 17:01:49,919 [Worker-7: Download sources and javadoc] INFO  o.e.m.j.internal.DownloadSourcesJob - Downloaded sources for net.bytebuddy:byte-buddy-agent:1.9.7
2025-02-12 17:01:50,085 [Worker-7: Download sources and javadoc] INFO  o.e.m.c.i.e.AbstractTransferListenerAdapter - Downloading https://repo.maven.apache.org/maven2/org/objenesis/objenesis/2.6/objenesis-2.6-sources.jar
2025-02-12 17:01:50,240 [Worker-7: Download sources and javadoc] INFO  o.e.m.c.i.e.AbstractTransferListenerAdapter - Downloaded https://repo.maven.apache.org/maven2/org/objenesis/objenesis/2.6/objenesis-2.6-sources.jar
2025-02-12 17:01:50,514 [Worker-7: Download sources and javadoc] INFO  o.e.m.j.internal.DownloadSourcesJob - Downloaded sources for org.objenesis:objenesis:2.6
2025-02-12 17:01:50,720 [Worker-7: Download sources and javadoc] INFO  o.e.m.c.i.e.AbstractTransferListenerAdapter - Downloading https://repo.maven.apache.org/maven2/org/hamcrest/hamcrest-library/1.3/hamcrest-library-1.3-sources.jar
2025-02-12 17:01:51,539 [Worker-7: Download sources and javadoc] INFO  o.e.m.c.i.e.AbstractTransferListenerAdapter - Downloaded https://repo.maven.apache.org/maven2/org/hamcrest/hamcrest-library/1.3/hamcrest-library-1.3-sources.jar
2025-02-12 17:01:52,191 [Worker-7: Download sources and javadoc] INFO  o.e.m.j.internal.DownloadSourcesJob - Downloaded sources for org.hamcrest:hamcrest-library:1.3
2025-02-12 17:01:52,316 [Worker-7: Download sources and javadoc] INFO  o.e.m.c.i.e.AbstractTransferListenerAdapter - Downloading https://repo.maven.apache.org/maven2/org/skyscreamer/jsonassert/1.5.0/jsonassert-1.5.0-sources.jar
2025-02-12 17:01:52,803 [Worker-7: Download sources and javadoc] INFO  o.e.m.c.i.e.AbstractTransferListenerAdapter - Downloaded https://repo.maven.apache.org/maven2/org/skyscreamer/jsonassert/1.5.0/jsonassert-1.5.0-sources.jar
2025-02-12 17:01:53,084 [Worker-7: Download sources and javadoc] INFO  o.e.m.j.internal.DownloadSourcesJob - Downloaded sources for org.skyscreamer:jsonassert:1.5.0
2025-02-12 17:01:53,272 [Worker-7: Download sources and javadoc] INFO  o.e.m.c.i.e.AbstractTransferListenerAdapter - Downloading https://repo.maven.apache.org/maven2/com/vaadin/external/google/android-json/0.0.20131108.vaadin1/android-json-0.0.20131108.vaadin1-sources.jar
2025-02-12 17:01:53,350 [Worker-7: Download sources and javadoc] INFO  o.e.m.c.i.e.AbstractTransferListenerAdapter - Downloaded https://repo.maven.apache.org/maven2/com/vaadin/external/google/android-json/0.0.20131108.vaadin1/android-json-0.0.20131108.vaadin1-sources.jar
2025-02-12 17:01:53,407 [Worker-7: Download sources and javadoc] INFO  o.e.m.j.internal.DownloadSourcesJob - Downloaded sources for com.vaadin.external.google:android-json:0.0.20131108.vaadin1
2025-02-12 17:01:53,606 [Worker-7: Download sources and javadoc] INFO  o.e.m.c.i.e.AbstractTransferListenerAdapter - Downloading https://repo.maven.apache.org/maven2/org/xmlunit/xmlunit-core/2.6.2/xmlunit-core-2.6.2-sources.jar
2025-02-12 17:01:53,752 [Worker-7: Download sources and javadoc] INFO  o.e.m.c.i.e.AbstractTransferListenerAdapter - Downloaded https://repo.maven.apache.org/maven2/org/xmlunit/xmlunit-core/2.6.2/xmlunit-core-2.6.2-sources.jar
2025-02-12 17:01:53,821 [Worker-7: Download sources and javadoc] INFO  o.e.m.j.internal.DownloadSourcesJob - Downloaded sources for org.xmlunit:xmlunit-core:2.6.2
2025-02-12 17:01:54,132 [Worker-7: Download sources and javadoc] INFO  o.e.m.c.i.e.AbstractTransferListenerAdapter - Downloaded https://repo.maven.apache.org/maven2/org/springframework/boot/spring-boot-starter-mail/2.1.2.RELEASE/spring-boot-starter-mail-2.1.2.RELEASE-sources.jar
2025-02-12 17:01:54,135 [Worker-7: Download sources and javadoc] ERROR o.e.m.j.internal.DownloadSourcesJob - Could not download sources for org.springframework.boot:spring-boot-starter-mail:2.1.2.RELEASE
org.eclipse.core.runtime.CoreException: Could not resolve artifact org.springframework.boot:spring-boot-starter-mail:jar:sources:2.1.2.RELEASE
	at org.eclipse.m2e.core.internal.embedder.MavenImpl.lambda$4(MavenImpl.java:763)
	at org.eclipse.m2e.core.internal.embedder.MavenExecutionContext.executeBare(MavenExecutionContext.java:177)
	at org.eclipse.m2e.core.internal.embedder.MavenExecutionContext.execute(MavenExecutionContext.java:112)
	at org.eclipse.m2e.core.internal.embedder.MavenExecutionContext.execute(MavenExecutionContext.java:99)
	at org.eclipse.m2e.core.internal.embedder.MavenImpl.resolve(MavenImpl.java:731)
	at org.eclipse.m2e.core.internal.embedder.MavenImpl.resolve(MavenImpl.java:708)
	at org.eclipse.m2e.jdt.internal.DownloadSourcesJob.download(DownloadSourcesJob.java:279)
	at org.eclipse.m2e.jdt.internal.DownloadSourcesJob.downloadAttachments(DownloadSourcesJob.java:254)
	at org.eclipse.m2e.jdt.internal.DownloadSourcesJob.downloadMaven(DownloadSourcesJob.java:221)
	at org.eclipse.m2e.jdt.internal.DownloadSourcesJob.run(DownloadSourcesJob.java:161)
	at org.eclipse.m2e.jdt.internal.DownloadSourcesJob$1.call(DownloadSourcesJob.java:137)
	at org.eclipse.m2e.jdt.internal.DownloadSourcesJob$1.call(DownloadSourcesJob.java:1)
	at org.eclipse.m2e.core.internal.embedder.MavenExecutionContext.executeBare(MavenExecutionContext.java:177)
	at org.eclipse.m2e.core.internal.embedder.MavenExecutionContext.execute(MavenExecutionContext.java:151)
	at org.eclipse.m2e.core.internal.embedder.MavenExecutionContext.execute(MavenExecutionContext.java:99)
	at org.eclipse.m2e.core.internal.embedder.MavenImpl.execute(MavenImpl.java:1336)
	at org.eclipse.m2e.jdt.internal.DownloadSourcesJob.run(DownloadSourcesJob.java:135)
	at org.eclipse.core.internal.jobs.Worker.run(Worker.java:63)
2025-02-12 17:01:54,238 [Worker-7: Download sources and javadoc] INFO  o.e.m.c.i.e.AbstractTransferListenerAdapter - Downloading https://repo.maven.apache.org/maven2/org/springframework/spring-context-support/5.1.4.RELEASE/spring-context-support-5.1.4.RELEASE-sources.jar
2025-02-12 17:01:54,356 [Worker-7: Download sources and javadoc] INFO  o.e.m.c.i.e.AbstractTransferListenerAdapter - Downloaded https://repo.maven.apache.org/maven2/org/springframework/spring-context-support/5.1.4.RELEASE/spring-context-support-5.1.4.RELEASE-sources.jar
2025-02-12 17:01:54,392 [Worker-7: Download sources and javadoc] INFO  o.e.m.j.internal.DownloadSourcesJob - Downloaded sources for org.springframework:spring-context-support:5.1.4.RELEASE
2025-02-12 17:01:54,740 [Worker-7: Download sources and javadoc] INFO  o.e.m.c.i.e.AbstractTransferListenerAdapter - Downloaded https://repo.maven.apache.org/maven2/org/springframework/boot/spring-boot-starter-security/2.1.2.RELEASE/spring-boot-starter-security-2.1.2.RELEASE-sources.jar
2025-02-12 17:01:54,742 [Worker-7: Download sources and javadoc] ERROR o.e.m.j.internal.DownloadSourcesJob - Could not download sources for org.springframework.boot:spring-boot-starter-security:2.1.2.RELEASE
org.eclipse.core.runtime.CoreException: Could not resolve artifact org.springframework.boot:spring-boot-starter-security:jar:sources:2.1.2.RELEASE
	at org.eclipse.m2e.core.internal.embedder.MavenImpl.lambda$4(MavenImpl.java:763)
	at org.eclipse.m2e.core.internal.embedder.MavenExecutionContext.executeBare(MavenExecutionContext.java:177)
	at org.eclipse.m2e.core.internal.embedder.MavenExecutionContext.execute(MavenExecutionContext.java:112)
	at org.eclipse.m2e.core.internal.embedder.MavenExecutionContext.execute(MavenExecutionContext.java:99)
	at org.eclipse.m2e.core.internal.embedder.MavenImpl.resolve(MavenImpl.java:731)
	at org.eclipse.m2e.core.internal.embedder.MavenImpl.resolve(MavenImpl.java:708)
	at org.eclipse.m2e.jdt.internal.DownloadSourcesJob.download(DownloadSourcesJob.java:279)
	at org.eclipse.m2e.jdt.internal.DownloadSourcesJob.downloadAttachments(DownloadSourcesJob.java:254)
	at org.eclipse.m2e.jdt.internal.DownloadSourcesJob.downloadMaven(DownloadSourcesJob.java:221)
	at org.eclipse.m2e.jdt.internal.DownloadSourcesJob.run(DownloadSourcesJob.java:161)
	at org.eclipse.m2e.jdt.internal.DownloadSourcesJob$1.call(DownloadSourcesJob.java:137)
	at org.eclipse.m2e.jdt.internal.DownloadSourcesJob$1.call(DownloadSourcesJob.java:1)
	at org.eclipse.m2e.core.internal.embedder.MavenExecutionContext.executeBare(MavenExecutionContext.java:177)
	at org.eclipse.m2e.core.internal.embedder.MavenExecutionContext.execute(MavenExecutionContext.java:151)
	at org.eclipse.m2e.core.internal.embedder.MavenExecutionContext.execute(MavenExecutionContext.java:99)
	at org.eclipse.m2e.core.internal.embedder.MavenImpl.execute(MavenImpl.java:1336)
	at org.eclipse.m2e.jdt.internal.DownloadSourcesJob.run(DownloadSourcesJob.java:135)
	at org.eclipse.core.internal.jobs.Worker.run(Worker.java:63)
2025-02-12 17:01:54,872 [Worker-7: Download sources and javadoc] INFO  o.e.m.c.i.e.AbstractTransferListenerAdapter - Downloading https://repo.maven.apache.org/maven2/org/springframework/security/spring-security-config/5.1.3.RELEASE/spring-security-config-5.1.3.RELEASE-sources.jar
2025-02-12 17:01:55,027 [Worker-7: Download sources and javadoc] INFO  o.e.m.c.i.e.AbstractTransferListenerAdapter - Downloaded https://repo.maven.apache.org/maven2/org/springframework/security/spring-security-config/5.1.3.RELEASE/spring-security-config-5.1.3.RELEASE-sources.jar
2025-02-12 17:01:55,068 [Worker-7: Download sources and javadoc] INFO  o.e.m.j.internal.DownloadSourcesJob - Downloaded sources for org.springframework.security:spring-security-config:5.1.3.RELEASE
2025-02-12 17:01:55,193 [Worker-7: Download sources and javadoc] INFO  o.e.m.c.i.e.AbstractTransferListenerAdapter - Downloading https://repo.maven.apache.org/maven2/org/springframework/security/spring-security-core/5.1.3.RELEASE/spring-security-core-5.1.3.RELEASE-sources.jar
2025-02-12 17:01:55,630 [Worker-7: Download sources and javadoc] INFO  o.e.m.c.i.e.AbstractTransferListenerAdapter - Downloaded https://repo.maven.apache.org/maven2/org/springframework/security/spring-security-core/5.1.3.RELEASE/spring-security-core-5.1.3.RELEASE-sources.jar
2025-02-12 17:01:55,669 [Worker-7: Download sources and javadoc] INFO  o.e.m.j.internal.DownloadSourcesJob - Downloaded sources for org.springframework.security:spring-security-core:5.1.3.RELEASE
2025-02-12 17:01:55,732 [Worker-7: Download sources and javadoc] INFO  o.e.m.c.i.e.AbstractTransferListenerAdapter - Downloading https://repo.maven.apache.org/maven2/org/springframework/security/spring-security-web/5.1.3.RELEASE/spring-security-web-5.1.3.RELEASE-sources.jar
2025-02-12 17:01:55,880 [Worker-7: Download sources and javadoc] INFO  o.e.m.c.i.e.AbstractTransferListenerAdapter - Downloaded https://repo.maven.apache.org/maven2/org/springframework/security/spring-security-web/5.1.3.RELEASE/spring-security-web-5.1.3.RELEASE-sources.jar
2025-02-12 17:01:55,917 [Worker-7: Download sources and javadoc] INFO  o.e.m.j.internal.DownloadSourcesJob - Downloaded sources for org.springframework.security:spring-security-web:5.1.3.RELEASE
2025-02-12 17:01:55,994 [Worker-7: Download sources and javadoc] INFO  o.e.m.c.i.e.AbstractTransferListenerAdapter - Downloading https://repo.maven.apache.org/maven2/io/jsonwebtoken/jjwt/0.9.1/jjwt-0.9.1-sources.jar
2025-02-12 17:01:56,078 [Worker-7: Download sources and javadoc] INFO  o.e.m.c.i.e.AbstractTransferListenerAdapter - Downloaded https://repo.maven.apache.org/maven2/io/jsonwebtoken/jjwt/0.9.1/jjwt-0.9.1-sources.jar
2025-02-12 17:01:56,152 [Worker-7: Download sources and javadoc] INFO  o.e.m.j.internal.DownloadSourcesJob - Downloaded sources for io.jsonwebtoken:jjwt:0.9.1
2025-02-12 17:03:34,716 [Worker-18: Download sources and javadoc] INFO  o.e.m.c.i.e.AbstractTransferListenerAdapter - Downloaded https://repo.maven.apache.org/maven2/org/springframework/boot/spring-boot-starter-actuator/2.1.2.RELEASE/spring-boot-starter-actuator-2.1.2.RELEASE-javadoc.jar
2025-02-12 17:03:34,719 [Worker-18: Download sources and javadoc] ERROR o.e.m.j.internal.DownloadSourcesJob - Could not download javadoc for org.springframework.boot:spring-boot-starter-actuator:2.1.2.RELEASE
org.eclipse.core.runtime.CoreException: Could not resolve artifact org.springframework.boot:spring-boot-starter-actuator:jar:javadoc:2.1.2.RELEASE
	at org.eclipse.m2e.core.internal.embedder.MavenImpl.lambda$4(MavenImpl.java:763)
	at org.eclipse.m2e.core.internal.embedder.MavenExecutionContext.executeBare(MavenExecutionContext.java:177)
	at org.eclipse.m2e.core.internal.embedder.MavenExecutionContext.execute(MavenExecutionContext.java:112)
	at org.eclipse.m2e.core.internal.embedder.MavenExecutionContext.execute(MavenExecutionContext.java:99)
	at org.eclipse.m2e.core.internal.embedder.MavenImpl.resolve(MavenImpl.java:731)
	at org.eclipse.m2e.core.internal.embedder.MavenImpl.resolve(MavenImpl.java:708)
	at org.eclipse.m2e.jdt.internal.DownloadSourcesJob.download(DownloadSourcesJob.java:279)
	at org.eclipse.m2e.jdt.internal.DownloadSourcesJob.downloadAttachments(DownloadSourcesJob.java:265)
	at org.eclipse.m2e.jdt.internal.DownloadSourcesJob.run(DownloadSourcesJob.java:169)
	at org.eclipse.m2e.jdt.internal.DownloadSourcesJob$1.call(DownloadSourcesJob.java:137)
	at org.eclipse.m2e.jdt.internal.DownloadSourcesJob$1.call(DownloadSourcesJob.java:1)
	at org.eclipse.m2e.core.internal.embedder.MavenExecutionContext.executeBare(MavenExecutionContext.java:177)
	at org.eclipse.m2e.core.internal.embedder.MavenExecutionContext.execute(MavenExecutionContext.java:151)
	at org.eclipse.m2e.core.internal.embedder.MavenExecutionContext.execute(MavenExecutionContext.java:99)
	at org.eclipse.m2e.core.internal.embedder.MavenImpl.execute(MavenImpl.java:1336)
	at org.eclipse.m2e.jdt.internal.DownloadSourcesJob.run(DownloadSourcesJob.java:135)
	at org.eclipse.core.internal.jobs.Worker.run(Worker.java:63)
2025-02-12 17:03:34,721 [Worker-18: Download sources and javadoc] WARN  o.e.m.j.internal.DownloadSourcesJob - IPackageFragmentRoot is missing, skipping javadoc/source attachment for project P/projectORS
2025-02-12 17:03:35,203 [Worker-18: Download sources and javadoc] INFO  o.e.m.c.i.e.AbstractTransferListenerAdapter - Downloaded https://repo.maven.apache.org/maven2/org/springframework/boot/spring-boot-starter-test/2.1.2.RELEASE/spring-boot-starter-test-2.1.2.RELEASE-javadoc.jar
2025-02-12 17:03:35,206 [Worker-18: Download sources and javadoc] ERROR o.e.m.j.internal.DownloadSourcesJob - Could not download javadoc for org.springframework.boot:spring-boot-starter-test:2.1.2.RELEASE
org.eclipse.core.runtime.CoreException: Could not resolve artifact org.springframework.boot:spring-boot-starter-test:jar:javadoc:2.1.2.RELEASE
	at org.eclipse.m2e.core.internal.embedder.MavenImpl.lambda$4(MavenImpl.java:763)
	at org.eclipse.m2e.core.internal.embedder.MavenExecutionContext.executeBare(MavenExecutionContext.java:177)
	at org.eclipse.m2e.core.internal.embedder.MavenExecutionContext.execute(MavenExecutionContext.java:112)
	at org.eclipse.m2e.core.internal.embedder.MavenExecutionContext.execute(MavenExecutionContext.java:99)
	at org.eclipse.m2e.core.internal.embedder.MavenImpl.resolve(MavenImpl.java:731)
	at org.eclipse.m2e.core.internal.embedder.MavenImpl.resolve(MavenImpl.java:708)
	at org.eclipse.m2e.jdt.internal.DownloadSourcesJob.download(DownloadSourcesJob.java:279)
	at org.eclipse.m2e.jdt.internal.DownloadSourcesJob.downloadAttachments(DownloadSourcesJob.java:265)
	at org.eclipse.m2e.jdt.internal.DownloadSourcesJob.run(DownloadSourcesJob.java:169)
	at org.eclipse.m2e.jdt.internal.DownloadSourcesJob$1.call(DownloadSourcesJob.java:137)
	at org.eclipse.m2e.jdt.internal.DownloadSourcesJob$1.call(DownloadSourcesJob.java:1)
	at org.eclipse.m2e.core.internal.embedder.MavenExecutionContext.executeBare(MavenExecutionContext.java:177)
	at org.eclipse.m2e.core.internal.embedder.MavenExecutionContext.execute(MavenExecutionContext.java:151)
	at org.eclipse.m2e.core.internal.embedder.MavenExecutionContext.execute(MavenExecutionContext.java:99)
	at org.eclipse.m2e.core.internal.embedder.MavenImpl.execute(MavenImpl.java:1336)
	at org.eclipse.m2e.jdt.internal.DownloadSourcesJob.run(DownloadSourcesJob.java:135)
	at org.eclipse.core.internal.jobs.Worker.run(Worker.java:63)
2025-02-12 17:03:35,207 [Worker-18: Download sources and javadoc] WARN  o.e.m.j.internal.DownloadSourcesJob - IPackageFragmentRoot is missing, skipping javadoc/source attachment for project P/projectORS
2025-02-12 17:03:35,230 [Worker-18: Download sources and javadoc] INFO  o.e.m.j.internal.DownloadSourcesJob - Downloaded sources for org.springframework.boot:spring-boot-test:2.1.2.RELEASE
2025-02-12 17:03:35,230 [Worker-18: Download sources and javadoc] WARN  o.e.m.j.internal.DownloadSourcesJob - IPackageFragmentRoot is missing, skipping javadoc/source attachment for project P/projectORS
2025-02-12 17:03:35,236 [Worker-18: Download sources and javadoc] INFO  o.e.m.j.internal.DownloadSourcesJob - Downloaded sources for org.springframework.boot:spring-boot-test-autoconfigure:2.1.2.RELEASE
2025-02-12 17:03:35,236 [Worker-18: Download sources and javadoc] WARN  o.e.m.j.internal.DownloadSourcesJob - IPackageFragmentRoot is missing, skipping javadoc/source attachment for project P/projectORS
2025-02-12 17:03:35,242 [Worker-18: Download sources and javadoc] INFO  o.e.m.j.internal.DownloadSourcesJob - Downloaded sources for com.jayway.jsonpath:json-path:2.4.0
2025-02-12 17:03:35,242 [Worker-18: Download sources and javadoc] WARN  o.e.m.j.internal.DownloadSourcesJob - IPackageFragmentRoot is missing, skipping javadoc/source attachment for project P/projectORS
2025-02-12 17:03:35,247 [Worker-18: Download sources and javadoc] INFO  o.e.m.j.internal.DownloadSourcesJob - Downloaded sources for net.minidev:json-smart:2.3
2025-02-12 17:03:35,247 [Worker-18: Download sources and javadoc] WARN  o.e.m.j.internal.DownloadSourcesJob - IPackageFragmentRoot is missing, skipping javadoc/source attachment for project P/projectORS
2025-02-12 17:03:35,252 [Worker-18: Download sources and javadoc] INFO  o.e.m.j.internal.DownloadSourcesJob - Downloaded sources for net.minidev:accessors-smart:1.2
2025-02-12 17:03:35,253 [Worker-18: Download sources and javadoc] WARN  o.e.m.j.internal.DownloadSourcesJob - IPackageFragmentRoot is missing, skipping javadoc/source attachment for project P/projectORS
2025-02-12 17:03:35,257 [Worker-18: Download sources and javadoc] INFO  o.e.m.j.internal.DownloadSourcesJob - Downloaded sources for org.ow2.asm:asm:5.0.4
2025-02-12 17:03:35,258 [Worker-18: Download sources and javadoc] WARN  o.e.m.j.internal.DownloadSourcesJob - IPackageFragmentRoot is missing, skipping javadoc/source attachment for project P/projectORS
2025-02-12 17:03:35,263 [Worker-18: Download sources and javadoc] INFO  o.e.m.j.internal.DownloadSourcesJob - Downloaded sources for org.assertj:assertj-core:3.11.1
2025-02-12 17:03:35,263 [Worker-18: Download sources and javadoc] WARN  o.e.m.j.internal.DownloadSourcesJob - IPackageFragmentRoot is missing, skipping javadoc/source attachment for project P/projectORS
2025-02-12 17:03:35,268 [Worker-18: Download sources and javadoc] INFO  o.e.m.j.internal.DownloadSourcesJob - Downloaded sources for org.mockito:mockito-core:2.23.4
2025-02-12 17:03:35,269 [Worker-18: Download sources and javadoc] WARN  o.e.m.j.internal.DownloadSourcesJob - IPackageFragmentRoot is missing, skipping javadoc/source attachment for project P/projectORS
2025-02-12 17:03:35,274 [Worker-18: Download sources and javadoc] INFO  o.e.m.j.internal.DownloadSourcesJob - Downloaded sources for net.bytebuddy:byte-buddy-agent:1.9.7
2025-02-12 17:03:35,274 [Worker-18: Download sources and javadoc] WARN  o.e.m.j.internal.DownloadSourcesJob - IPackageFragmentRoot is missing, skipping javadoc/source attachment for project P/projectORS
2025-02-12 17:03:35,279 [Worker-18: Download sources and javadoc] INFO  o.e.m.j.internal.DownloadSourcesJob - Downloaded sources for org.objenesis:objenesis:2.6
2025-02-12 17:03:35,279 [Worker-18: Download sources and javadoc] WARN  o.e.m.j.internal.DownloadSourcesJob - IPackageFragmentRoot is missing, skipping javadoc/source attachment for project P/projectORS
2025-02-12 17:03:35,283 [Worker-18: Download sources and javadoc] INFO  o.e.m.j.internal.DownloadSourcesJob - Downloaded sources for org.hamcrest:hamcrest-library:1.3
2025-02-12 17:03:35,283 [Worker-18: Download sources and javadoc] WARN  o.e.m.j.internal.DownloadSourcesJob - IPackageFragmentRoot is missing, skipping javadoc/source attachment for project P/projectORS
2025-02-12 17:03:35,287 [Worker-18: Download sources and javadoc] INFO  o.e.m.j.internal.DownloadSourcesJob - Downloaded sources for org.skyscreamer:jsonassert:1.5.0
2025-02-12 17:03:35,288 [Worker-18: Download sources and javadoc] WARN  o.e.m.j.internal.DownloadSourcesJob - IPackageFragmentRoot is missing, skipping javadoc/source attachment for project P/projectORS
2025-02-12 17:03:35,293 [Worker-18: Download sources and javadoc] INFO  o.e.m.j.internal.DownloadSourcesJob - Downloaded sources for com.vaadin.external.google:android-json:0.0.20131108.vaadin1
2025-02-12 17:03:35,293 [Worker-18: Download sources and javadoc] WARN  o.e.m.j.internal.DownloadSourcesJob - IPackageFragmentRoot is missing, skipping javadoc/source attachment for project P/projectORS
2025-02-12 17:03:35,298 [Worker-18: Download sources and javadoc] INFO  o.e.m.j.internal.DownloadSourcesJob - Downloaded sources for org.xmlunit:xmlunit-core:2.6.2
2025-02-12 17:03:35,298 [Worker-18: Download sources and javadoc] WARN  o.e.m.j.internal.DownloadSourcesJob - IPackageFragmentRoot is missing, skipping javadoc/source attachment for project P/projectORS
2025-02-12 17:03:35,670 [Worker-18: Download sources and javadoc] INFO  o.e.m.c.i.e.AbstractTransferListenerAdapter - Downloaded https://repo.maven.apache.org/maven2/org/springframework/boot/spring-boot-starter-mail/2.1.2.RELEASE/spring-boot-starter-mail-2.1.2.RELEASE-javadoc.jar
2025-02-12 17:03:35,672 [Worker-18: Download sources and javadoc] ERROR o.e.m.j.internal.DownloadSourcesJob - Could not download javadoc for org.springframework.boot:spring-boot-starter-mail:2.1.2.RELEASE
org.eclipse.core.runtime.CoreException: Could not resolve artifact org.springframework.boot:spring-boot-starter-mail:jar:javadoc:2.1.2.RELEASE
	at org.eclipse.m2e.core.internal.embedder.MavenImpl.lambda$4(MavenImpl.java:763)
	at org.eclipse.m2e.core.internal.embedder.MavenExecutionContext.executeBare(MavenExecutionContext.java:177)
	at org.eclipse.m2e.core.internal.embedder.MavenExecutionContext.execute(MavenExecutionContext.java:112)
	at org.eclipse.m2e.core.internal.embedder.MavenExecutionContext.execute(MavenExecutionContext.java:99)
	at org.eclipse.m2e.core.internal.embedder.MavenImpl.resolve(MavenImpl.java:731)
	at org.eclipse.m2e.core.internal.embedder.MavenImpl.resolve(MavenImpl.java:708)
	at org.eclipse.m2e.jdt.internal.DownloadSourcesJob.download(DownloadSourcesJob.java:279)
	at org.eclipse.m2e.jdt.internal.DownloadSourcesJob.downloadAttachments(DownloadSourcesJob.java:265)
	at org.eclipse.m2e.jdt.internal.DownloadSourcesJob.run(DownloadSourcesJob.java:169)
	at org.eclipse.m2e.jdt.internal.DownloadSourcesJob$1.call(DownloadSourcesJob.java:137)
	at org.eclipse.m2e.jdt.internal.DownloadSourcesJob$1.call(DownloadSourcesJob.java:1)
	at org.eclipse.m2e.core.internal.embedder.MavenExecutionContext.executeBare(MavenExecutionContext.java:177)
	at org.eclipse.m2e.core.internal.embedder.MavenExecutionContext.execute(MavenExecutionContext.java:151)
	at org.eclipse.m2e.core.internal.embedder.MavenExecutionContext.execute(MavenExecutionContext.java:99)
	at org.eclipse.m2e.core.internal.embedder.MavenImpl.execute(MavenImpl.java:1336)
	at org.eclipse.m2e.jdt.internal.DownloadSourcesJob.run(DownloadSourcesJob.java:135)
	at org.eclipse.core.internal.jobs.Worker.run(Worker.java:63)
2025-02-12 17:03:35,674 [Worker-18: Download sources and javadoc] WARN  o.e.m.j.internal.DownloadSourcesJob - IPackageFragmentRoot is missing, skipping javadoc/source attachment for project P/projectORS
2025-02-12 17:03:35,689 [Worker-18: Download sources and javadoc] INFO  o.e.m.j.internal.DownloadSourcesJob - Downloaded sources for org.springframework:spring-context-support:5.1.4.RELEASE
2025-02-12 17:03:35,690 [Worker-18: Download sources and javadoc] WARN  o.e.m.j.internal.DownloadSourcesJob - IPackageFragmentRoot is missing, skipping javadoc/source attachment for project P/projectORS
2025-02-12 17:03:35,831 [Worker-15: Building workspace] INFO  o.e.m.c.i.l.LifecycleMappingFactory - Using org.eclipse.m2e.jdt.JarLifecycleMapping lifecycle mapping for MavenProject: com.sunilos:springboottest:0.0.1-SNAPSHOT @ D:\Rays Software\Workspace\Project_10\ORSProj10\Project_10\pom.xml.
2025-02-12 17:03:36,159 [Worker-18: Download sources and javadoc] INFO  o.e.m.c.i.e.AbstractTransferListenerAdapter - Downloaded https://repo.maven.apache.org/maven2/org/springframework/boot/spring-boot-starter-security/2.1.2.RELEASE/spring-boot-starter-security-2.1.2.RELEASE-javadoc.jar
2025-02-12 17:03:36,162 [Worker-18: Download sources and javadoc] ERROR o.e.m.j.internal.DownloadSourcesJob - Could not download javadoc for org.springframework.boot:spring-boot-starter-security:2.1.2.RELEASE
org.eclipse.core.runtime.CoreException: Could not resolve artifact org.springframework.boot:spring-boot-starter-security:jar:javadoc:2.1.2.RELEASE
	at org.eclipse.m2e.core.internal.embedder.MavenImpl.lambda$4(MavenImpl.java:763)
	at org.eclipse.m2e.core.internal.embedder.MavenExecutionContext.executeBare(MavenExecutionContext.java:177)
	at org.eclipse.m2e.core.internal.embedder.MavenExecutionContext.execute(MavenExecutionContext.java:112)
	at org.eclipse.m2e.core.internal.embedder.MavenExecutionContext.execute(MavenExecutionContext.java:99)
	at org.eclipse.m2e.core.internal.embedder.MavenImpl.resolve(MavenImpl.java:731)
	at org.eclipse.m2e.core.internal.embedder.MavenImpl.resolve(MavenImpl.java:708)
	at org.eclipse.m2e.jdt.internal.DownloadSourcesJob.download(DownloadSourcesJob.java:279)
	at org.eclipse.m2e.jdt.internal.DownloadSourcesJob.downloadAttachments(DownloadSourcesJob.java:265)
	at org.eclipse.m2e.jdt.internal.DownloadSourcesJob.run(DownloadSourcesJob.java:169)
	at org.eclipse.m2e.jdt.internal.DownloadSourcesJob$1.call(DownloadSourcesJob.java:137)
	at org.eclipse.m2e.jdt.internal.DownloadSourcesJob$1.call(DownloadSourcesJob.java:1)
	at org.eclipse.m2e.core.internal.embedder.MavenExecutionContext.executeBare(MavenExecutionContext.java:177)
	at org.eclipse.m2e.core.internal.embedder.MavenExecutionContext.execute(MavenExecutionContext.java:151)
	at org.eclipse.m2e.core.internal.embedder.MavenExecutionContext.execute(MavenExecutionContext.java:99)
	at org.eclipse.m2e.core.internal.embedder.MavenImpl.execute(MavenImpl.java:1336)
	at org.eclipse.m2e.jdt.internal.DownloadSourcesJob.run(DownloadSourcesJob.java:135)
	at org.eclipse.core.internal.jobs.Worker.run(Worker.java:63)
2025-02-12 17:03:36,163 [Worker-18: Download sources and javadoc] WARN  o.e.m.j.internal.DownloadSourcesJob - IPackageFragmentRoot is missing, skipping javadoc/source attachment for project P/projectORS
2025-02-12 17:03:36,197 [Worker-18: Download sources and javadoc] INFO  o.e.m.j.internal.DownloadSourcesJob - Downloaded sources for org.springframework.security:spring-security-config:5.1.3.RELEASE
2025-02-12 17:03:36,197 [Worker-18: Download sources and javadoc] WARN  o.e.m.j.internal.DownloadSourcesJob - IPackageFragmentRoot is missing, skipping javadoc/source attachment for project P/projectORS
2025-02-12 17:03:36,201 [Worker-18: Download sources and javadoc] INFO  o.e.m.j.internal.DownloadSourcesJob - Downloaded sources for org.springframework.security:spring-security-core:5.1.3.RELEASE
2025-02-12 17:03:36,208 [Worker-18: Download sources and javadoc] WARN  o.e.m.j.internal.DownloadSourcesJob - IPackageFragmentRoot is missing, skipping javadoc/source attachment for project P/projectORS
2025-02-12 17:03:36,223 [Worker-18: Download sources and javadoc] INFO  o.e.m.j.internal.DownloadSourcesJob - Downloaded sources for org.springframework.security:spring-security-web:5.1.3.RELEASE
2025-02-12 17:03:36,223 [Worker-18: Download sources and javadoc] WARN  o.e.m.j.internal.DownloadSourcesJob - IPackageFragmentRoot is missing, skipping javadoc/source attachment for project P/projectORS
2025-02-12 17:03:36,229 [Worker-18: Download sources and javadoc] INFO  o.e.m.j.internal.DownloadSourcesJob - Downloaded sources for io.jsonwebtoken:jjwt:0.9.1
2025-02-12 17:03:36,229 [Worker-18: Download sources and javadoc] WARN  o.e.m.j.internal.DownloadSourcesJob - IPackageFragmentRoot is missing, skipping javadoc/source attachment for project P/projectORS
2025-02-12 17:03:36,722 [Worker-15: Building workspace] INFO  o.e.m.c.i.embedder.EclipseLogger - Using 'UTF-8' encoding to copy filtered resources.
2025-02-12 17:03:36,726 [Worker-15: Building workspace] INFO  o.e.m.c.i.embedder.EclipseLogger - Copying 1 resource
2025-02-12 17:03:36,752 [Worker-15: Building workspace] INFO  o.e.m.c.i.embedder.EclipseLogger - Copying 1 resource
2025-02-12 17:03:36,769 [Worker-15: Building workspace] INFO  o.e.m.c.i.embedder.EclipseLogger - Using 'UTF-8' encoding to copy filtered resources.
2025-02-12 17:03:36,769 [Worker-15: Building workspace] INFO  o.e.m.c.i.embedder.EclipseLogger - skip non existing resourceDirectory D:\Rays Software\Workspace\Project_10\ORSProj10\Project_10\src\test\resources
2025-02-12 17:03:40,732 [Worker-12: Building workspace] INFO  o.e.m.c.i.embedder.EclipseLogger - Using 'UTF-8' encoding to copy filtered resources.
2025-02-12 17:03:40,736 [Worker-12: Building workspace] INFO  o.e.m.c.i.embedder.EclipseLogger - Copying 1 resource
2025-02-12 17:03:40,739 [Worker-12: Building workspace] INFO  o.e.m.c.i.embedder.EclipseLogger - Copying 1 resource
2025-02-12 17:03:40,744 [Worker-12: Building workspace] INFO  o.e.m.c.i.embedder.EclipseLogger - Using 'UTF-8' encoding to copy filtered resources.
2025-02-12 17:03:40,744 [Worker-12: Building workspace] INFO  o.e.m.c.i.embedder.EclipseLogger - skip non existing resourceDirectory D:\Rays Software\Workspace\Project_10\ORSProj10\Project_10\src\test\resources
2025-02-12 17:12:00,204 [Worker-20: Building workspace] INFO  o.e.m.c.i.embedder.EclipseLogger - Using 'UTF-8' encoding to copy filtered resources.
2025-02-12 17:12:00,205 [Worker-20: Building workspace] INFO  o.e.m.c.i.embedder.EclipseLogger - Copying 0 resource
2025-02-12 17:12:00,205 [Worker-20: Building workspace] INFO  o.e.m.c.i.embedder.EclipseLogger - Copying 0 resource
2025-02-12 17:12:00,206 [Worker-20: Building workspace] INFO  o.e.m.c.i.embedder.EclipseLogger - Using 'UTF-8' encoding to copy filtered resources.
2025-02-12 17:12:00,206 [Worker-20: Building workspace] INFO  o.e.m.c.i.embedder.EclipseLogger - skip non existing resourceDirectory D:\Rays Software\Workspace\Project_10\ORSProj10\Project_10\src\test\resources
2025-02-12 17:13:12,605 [Worker-20: Building workspace] INFO  o.e.m.c.i.embedder.EclipseLogger - Using 'UTF-8' encoding to copy filtered resources.
2025-02-12 17:13:12,606 [Worker-20: Building workspace] INFO  o.e.m.c.i.embedder.EclipseLogger - Copying 1 resource
2025-02-12 17:13:12,608 [Worker-20: Building workspace] INFO  o.e.m.c.i.embedder.EclipseLogger - Copying 1 resource
2025-02-12 17:13:12,611 [Worker-20: Building workspace] INFO  o.e.m.c.i.embedder.EclipseLogger - Using 'UTF-8' encoding to copy filtered resources.
2025-02-12 17:13:12,611 [Worker-20: Building workspace] INFO  o.e.m.c.i.embedder.EclipseLogger - skip non existing resourceDirectory D:\Rays Software\Workspace\Project_10\ORSProj10\Project_10\src\test\resources
2025-02-12 17:27:33,338 [Worker-30: Building workspace] INFO  o.e.m.c.i.embedder.EclipseLogger - Using 'UTF-8' encoding to copy filtered resources.
2025-02-12 17:27:33,342 [Worker-30: Building workspace] INFO  o.e.m.c.i.embedder.EclipseLogger - Copying 1 resource
2025-02-12 17:27:33,345 [Worker-30: Building workspace] INFO  o.e.m.c.i.embedder.EclipseLogger - Copying 0 resource
2025-02-12 17:27:33,350 [Worker-30: Building workspace] INFO  o.e.m.c.i.embedder.EclipseLogger - Using 'UTF-8' encoding to copy filtered resources.
2025-02-12 17:27:33,350 [Worker-30: Building workspace] INFO  o.e.m.c.i.embedder.EclipseLogger - skip non existing resourceDirectory D:\Rays Software\Workspace\Project_10\ORSProj10\Project_10\src\test\resources
2025-02-20 17:56:32,077 [Worker-3: Loading available Gradle versions] INFO  o.e.b.c.i.u.g.PublishedGradleVersions - Gradle version information cache is out-of-date. Trying to update.
2025-02-20 18:13:04,955 [Worker-6: Building workspace] INFO  o.e.m.c.i.embedder.EclipseLogger - Using 'UTF-8' encoding to copy filtered resources.
2025-02-20 18:13:05,112 [Worker-6: Building workspace] INFO  o.e.m.c.i.embedder.EclipseLogger - Copying 1 resource
2025-02-20 18:13:05,128 [Worker-6: Building workspace] INFO  o.e.m.c.i.embedder.EclipseLogger - Copying 1 resource
2025-02-20 18:13:05,128 [Worker-6: Building workspace] INFO  o.e.m.c.i.embedder.EclipseLogger - Using 'UTF-8' encoding to copy filtered resources.
2025-02-20 18:13:05,128 [Worker-6: Building workspace] INFO  o.e.m.c.i.embedder.EclipseLogger - skip non existing resourceDirectory D:\Rays Software\Workspace\Project_10\ORSProj10\Project_10\src\test\resources
2025-02-20 18:15:25,748 [Worker-25: Building workspace] INFO  o.e.m.c.i.embedder.EclipseLogger - Using 'UTF-8' encoding to copy filtered resources.
2025-02-20 18:15:25,748 [Worker-25: Building workspace] INFO  o.e.m.c.i.embedder.EclipseLogger - Copying 1 resource
2025-02-20 18:15:25,748 [Worker-25: Building workspace] INFO  o.e.m.c.i.embedder.EclipseLogger - Copying 1 resource
2025-02-20 18:15:25,748 [Worker-25: Building workspace] INFO  o.e.m.c.i.embedder.EclipseLogger - Using 'UTF-8' encoding to copy filtered resources.
2025-02-20 18:15:25,748 [Worker-25: Building workspace] INFO  o.e.m.c.i.embedder.EclipseLogger - skip non existing resourceDirectory D:\Rays Software\Workspace\Project_10\ORSProj10\Project_10\src\test\resources
2025-02-20 18:17:17,406 [Worker-25: Building workspace] INFO  o.e.m.c.i.embedder.EclipseLogger - Using 'UTF-8' encoding to copy filtered resources.
2025-02-20 18:17:17,406 [Worker-25: Building workspace] INFO  o.e.m.c.i.embedder.EclipseLogger - Copying 1 resource
2025-02-20 18:17:17,406 [Worker-25: Building workspace] INFO  o.e.m.c.i.embedder.EclipseLogger - Copying 1 resource
2025-02-20 18:17:17,406 [Worker-25: Building workspace] INFO  o.e.m.c.i.embedder.EclipseLogger - Using 'UTF-8' encoding to copy filtered resources.
2025-02-20 18:17:17,406 [Worker-25: Building workspace] INFO  o.e.m.c.i.embedder.EclipseLogger - skip non existing resourceDirectory D:\Rays Software\Workspace\Project_10\ORSProj10\Project_10\src\test\resources
2025-02-24 16:12:05,592 [Worker-2: Loading available Gradle versions] INFO  o.e.b.c.i.u.g.PublishedGradleVersions - Gradle version information cache is out-of-date. Trying to update.
2025-02-24 16:12:26,776 [Worker-0: Building workspace] INFO  o.e.m.c.i.embedder.EclipseLogger - Using 'UTF-8' encoding to copy filtered resources.
2025-02-24 16:12:26,786 [Worker-0: Building workspace] INFO  o.e.m.c.i.embedder.EclipseLogger - Copying 1 resource
2025-02-24 16:12:26,824 [Worker-0: Building workspace] INFO  o.e.m.c.i.embedder.EclipseLogger - Copying 1 resource
2025-02-24 16:12:26,829 [Worker-0: Building workspace] INFO  o.e.m.c.i.embedder.EclipseLogger - Using 'UTF-8' encoding to copy filtered resources.
2025-02-24 16:12:26,830 [Worker-0: Building workspace] INFO  o.e.m.c.i.embedder.EclipseLogger - skip non existing resourceDirectory D:\Rays Software\Workspace\Project_10\ORSProj10\Project_10\src\test\resources
2025-03-10 19:12:07,365 [Worker-6: Loading available Gradle versions] INFO  o.e.b.c.i.u.g.PublishedGradleVersions - Gradle version information cache is out-of-date. Trying to update.
2025-03-12 15:38:23,518 [Worker-1: Loading available Gradle versions] INFO  o.e.b.c.i.u.g.PublishedGradleVersions - Gradle version information cache is up-to-date. Trying to read.
2025-03-12 15:40:33,420 [Worker-3: Building workspace] INFO  o.e.m.c.i.embedder.EclipseLogger - Using 'UTF-8' encoding to copy filtered resources.
2025-03-12 15:40:33,428 [Worker-3: Building workspace] INFO  o.e.m.c.i.embedder.EclipseLogger - Copying 1 resource
2025-03-12 15:40:33,453 [Worker-3: Building workspace] INFO  o.e.m.c.i.embedder.EclipseLogger - Copying 1 resource
2025-03-12 15:40:33,456 [Worker-3: Building workspace] INFO  o.e.m.c.i.embedder.EclipseLogger - Using 'UTF-8' encoding to copy filtered resources.
2025-03-12 15:40:33,456 [Worker-3: Building workspace] INFO  o.e.m.c.i.embedder.EclipseLogger - skip non existing resourceDirectory D:\Rays Software\Workspace\Project_10\ORSProj10\Project_10\src\test\resources
2025-03-12 16:12:14,619 [Worker-32: Building workspace] INFO  o.e.m.c.i.embedder.EclipseLogger - Using 'UTF-8' encoding to copy filtered resources.
2025-03-12 16:12:14,634 [Worker-32: Building workspace] INFO  o.e.m.c.i.embedder.EclipseLogger - Copying 1 resource
2025-03-12 16:12:14,649 [Worker-32: Building workspace] INFO  o.e.m.c.i.embedder.EclipseLogger - Copying 1 resource
2025-03-12 16:12:14,653 [Worker-32: Building workspace] INFO  o.e.m.c.i.embedder.EclipseLogger - Using 'UTF-8' encoding to copy filtered resources.
2025-03-12 16:12:14,653 [Worker-32: Building workspace] INFO  o.e.m.c.i.embedder.EclipseLogger - skip non existing resourceDirectory D:\Rays Software\Workspace\Project_10\ORSProj10\Project_10\src\test\resources
2025-03-12 16:12:22,215 [Worker-30: Building workspace] INFO  o.e.m.c.i.embedder.EclipseLogger - Using 'UTF-8' encoding to copy filtered resources.
2025-03-12 16:12:22,215 [Worker-30: Building workspace] INFO  o.e.m.c.i.embedder.EclipseLogger - Copying 1 resource
2025-03-12 16:12:22,218 [Worker-30: Building workspace] INFO  o.e.m.c.i.embedder.EclipseLogger - Copying 1 resource
2025-03-12 16:12:22,218 [Worker-30: Building workspace] INFO  o.e.m.c.i.embedder.EclipseLogger - Using 'UTF-8' encoding to copy filtered resources.
2025-03-12 16:12:22,218 [Worker-30: Building workspace] INFO  o.e.m.c.i.embedder.EclipseLogger - skip non existing resourceDirectory D:\Rays Software\Workspace\Project_10\ORSProj10\Project_10\src\test\resources
2025-03-13 14:48:43,272 [Worker-1: Loading available Gradle versions] INFO  o.e.b.c.i.u.g.PublishedGradleVersions - Gradle version information cache is out-of-date. Trying to update.
2025-03-13 14:56:23,223 [Worker-7: Building workspace] INFO  o.e.m.c.i.embedder.EclipseLogger - Using 'UTF-8' encoding to copy filtered resources.
2025-03-13 14:56:23,229 [Worker-7: Building workspace] INFO  o.e.m.c.i.embedder.EclipseLogger - Copying 1 resource
2025-03-13 14:56:23,241 [Worker-7: Building workspace] INFO  o.e.m.c.i.embedder.EclipseLogger - Copying 1 resource
2025-03-13 14:56:23,245 [Worker-7: Building workspace] INFO  o.e.m.c.i.embedder.EclipseLogger - Using 'UTF-8' encoding to copy filtered resources.
2025-03-13 14:56:23,245 [Worker-7: Building workspace] INFO  o.e.m.c.i.embedder.EclipseLogger - skip non existing resourceDirectory D:\Rays Software\Workspace\Project_10\ORSProj10\Project_10\src\test\resources
2025-03-13 14:56:46,116 [Worker-25: Building workspace] INFO  o.e.m.c.i.l.LifecycleMappingFactory - Using org.eclipse.m2e.jdt.JarLifecycleMapping lifecycle mapping for MavenProject: com.sunilos:springboottest:0.0.1-SNAPSHOT @ D:\Rays Software\Workspace\Project_10\ORSProj10\Project_10\pom.xml.
2025-03-13 14:56:46,823 [Worker-25: Building workspace] INFO  o.e.m.c.i.embedder.EclipseLogger - Using 'UTF-8' encoding to copy filtered resources.
2025-03-13 14:56:46,828 [Worker-25: Building workspace] INFO  o.e.m.c.i.embedder.EclipseLogger - Copying 1 resource
2025-03-13 14:56:46,843 [Worker-25: Building workspace] INFO  o.e.m.c.i.embedder.EclipseLogger - Copying 1 resource
2025-03-13 14:56:46,846 [Worker-25: Building workspace] INFO  o.e.m.c.i.embedder.EclipseLogger - Using 'UTF-8' encoding to copy filtered resources.
2025-03-13 14:56:46,846 [Worker-25: Building workspace] INFO  o.e.m.c.i.embedder.EclipseLogger - skip non existing resourceDirectory D:\Rays Software\Workspace\Project_10\ORSProj10\Project_10\src\test\resources
2025-03-13 15:04:09,038 [Worker-28: Building workspace] INFO  o.e.m.c.i.embedder.EclipseLogger - Using 'UTF-8' encoding to copy filtered resources.
2025-03-13 15:04:09,038 [Worker-28: Building workspace] INFO  o.e.m.c.i.embedder.EclipseLogger - Copying 0 resource
2025-03-13 15:04:09,038 [Worker-28: Building workspace] INFO  o.e.m.c.i.embedder.EclipseLogger - Copying 0 resource
2025-03-13 15:04:09,038 [Worker-28: Building workspace] INFO  o.e.m.c.i.embedder.EclipseLogger - Using 'UTF-8' encoding to copy filtered resources.
2025-03-13 15:04:09,038 [Worker-28: Building workspace] INFO  o.e.m.c.i.embedder.EclipseLogger - skip non existing resourceDirectory D:\Rays Software\Workspace\Project_10\ORSProj10\Project_10\src\test\resources
2025-03-13 22:09:15,944 [Worker-4: Loading available Gradle versions] INFO  o.e.b.c.i.u.g.PublishedGradleVersions - Gradle version information cache is up-to-date. Trying to read.
2025-03-13 22:44:27,509 [Worker-17: Launching ProjectOrsApplication] INFO  o.e.m.c.i.embedder.EclipseLogger - Using 'UTF-8' encoding to copy filtered resources.
2025-03-13 22:44:27,520 [Worker-17: Launching ProjectOrsApplication] INFO  o.e.m.c.i.embedder.EclipseLogger - Copying 1 resource
2025-03-13 22:44:27,570 [Worker-17: Launching ProjectOrsApplication] INFO  o.e.m.c.i.embedder.EclipseLogger - Copying 1 resource
2025-03-13 22:44:27,573 [Worker-17: Launching ProjectOrsApplication] INFO  o.e.m.c.i.embedder.EclipseLogger - Using 'UTF-8' encoding to copy filtered resources.
2025-03-13 22:44:27,573 [Worker-17: Launching ProjectOrsApplication] INFO  o.e.m.c.i.embedder.EclipseLogger - skip non existing resourceDirectory D:\Rays Software\Workspace\Project_10\ORSProj10\Project_10\src\test\resources
2025-03-13 23:56:21,208 [Worker-49: Building workspace] INFO  o.e.m.c.i.embedder.EclipseLogger - Using 'UTF-8' encoding to copy filtered resources.
2025-03-13 23:56:21,224 [Worker-49: Building workspace] INFO  o.e.m.c.i.embedder.EclipseLogger - Copying 1 resource
2025-03-13 23:56:21,224 [Worker-49: Building workspace] INFO  o.e.m.c.i.embedder.EclipseLogger - Copying 1 resource
2025-03-13 23:56:21,239 [Worker-49: Building workspace] INFO  o.e.m.c.i.embedder.EclipseLogger - Using 'UTF-8' encoding to copy filtered resources.
2025-03-13 23:56:21,239 [Worker-49: Building workspace] INFO  o.e.m.c.i.embedder.EclipseLogger - skip non existing resourceDirectory D:\Rays Software\Workspace\Project_10\ORSProj10\Project_10\src\test\resources
2025-03-13 23:56:54,901 [Worker-49: Building workspace] INFO  o.e.m.c.i.embedder.EclipseLogger - Using 'UTF-8' encoding to copy filtered resources.
2025-03-13 23:56:54,901 [Worker-49: Building workspace] INFO  o.e.m.c.i.embedder.EclipseLogger - Copying 1 resource
2025-03-13 23:56:54,901 [Worker-49: Building workspace] INFO  o.e.m.c.i.embedder.EclipseLogger - Copying 1 resource
2025-03-13 23:56:54,901 [Worker-49: Building workspace] INFO  o.e.m.c.i.embedder.EclipseLogger - Using 'UTF-8' encoding to copy filtered resources.
2025-03-13 23:56:54,916 [Worker-49: Building workspace] INFO  o.e.m.c.i.embedder.EclipseLogger - skip non existing resourceDirectory D:\Rays Software\Workspace\Project_10\ORSProj10\Project_10\src\test\resources
2025-03-14 00:32:06,278 [Worker-61: Building workspace] INFO  o.e.m.c.i.embedder.EclipseLogger - Using 'UTF-8' encoding to copy filtered resources.
2025-03-14 00:32:06,278 [Worker-61: Building workspace] INFO  o.e.m.c.i.embedder.EclipseLogger - Copying 1 resource
2025-03-14 00:32:06,278 [Worker-61: Building workspace] INFO  o.e.m.c.i.embedder.EclipseLogger - Copying 1 resource
2025-03-14 00:32:06,278 [Worker-61: Building workspace] INFO  o.e.m.c.i.embedder.EclipseLogger - Using 'UTF-8' encoding to copy filtered resources.
2025-03-14 00:32:06,278 [Worker-61: Building workspace] INFO  o.e.m.c.i.embedder.EclipseLogger - skip non existing resourceDirectory D:\Rays Software\Workspace\Project_10\ORSProj10\Project_10\src\test\resources
2025-03-14 00:49:47,400 [Worker-67: Building workspace] INFO  o.e.m.c.i.embedder.EclipseLogger - Using 'UTF-8' encoding to copy filtered resources.
2025-03-14 00:49:47,400 [Worker-67: Building workspace] INFO  o.e.m.c.i.embedder.EclipseLogger - Copying 1 resource
2025-03-14 00:49:47,410 [Worker-67: Building workspace] INFO  o.e.m.c.i.embedder.EclipseLogger - Copying 1 resource
2025-03-14 00:49:47,410 [Worker-67: Building workspace] INFO  o.e.m.c.i.embedder.EclipseLogger - Using 'UTF-8' encoding to copy filtered resources.
2025-03-14 00:49:47,410 [Worker-67: Building workspace] INFO  o.e.m.c.i.embedder.EclipseLogger - skip non existing resourceDirectory D:\Rays Software\Workspace\Project_10\ORSProj10\Project_10\src\test\resources
2025-03-14 01:01:39,044 [Worker-71: Building workspace] INFO  o.e.m.c.i.embedder.EclipseLogger - Using 'UTF-8' encoding to copy filtered resources.
2025-03-14 01:01:39,050 [Worker-71: Building workspace] INFO  o.e.m.c.i.embedder.EclipseLogger - Copying 1 resource
2025-03-14 01:01:39,050 [Worker-71: Building workspace] INFO  o.e.m.c.i.embedder.EclipseLogger - Copying 1 resource
2025-03-14 01:01:39,050 [Worker-71: Building workspace] INFO  o.e.m.c.i.embedder.EclipseLogger - Using 'UTF-8' encoding to copy filtered resources.
2025-03-14 01:01:39,050 [Worker-71: Building workspace] INFO  o.e.m.c.i.embedder.EclipseLogger - skip non existing resourceDirectory D:\Rays Software\Workspace\Project_10\ORSProj10\Project_10\src\test\resources
2025-03-17 13:48:31,253 [Worker-6: Loading available Gradle versions] INFO  o.e.b.c.i.u.g.PublishedGradleVersions - Gradle version information cache is up-to-date. Trying to read.
2025-03-17 15:50:47,116 [Worker-41: Building workspace] INFO  o.e.m.c.i.l.LifecycleMappingFactory - Using org.eclipse.m2e.jdt.JarLifecycleMapping lifecycle mapping for MavenProject: com.sunilos:springboottest:0.0.1-SNAPSHOT @ D:\Rays Software\Workspace\Project_10\ORSProj10\Project_10\pom.xml.
2025-03-17 15:50:49,461 [Worker-41: Building workspace] INFO  o.e.m.c.i.embedder.EclipseLogger - Using 'UTF-8' encoding to copy filtered resources.
2025-03-17 15:50:49,461 [Worker-41: Building workspace] INFO  o.e.m.c.i.embedder.EclipseLogger - Copying 1 resource
2025-03-17 15:50:49,477 [Worker-41: Building workspace] INFO  o.e.m.c.i.embedder.EclipseLogger - Copying 1 resource
2025-03-17 15:50:49,492 [Worker-41: Building workspace] INFO  o.e.m.c.i.embedder.EclipseLogger - Using 'UTF-8' encoding to copy filtered resources.
2025-03-17 15:50:49,492 [Worker-41: Building workspace] INFO  o.e.m.c.i.embedder.EclipseLogger - skip non existing resourceDirectory D:\Rays Software\Workspace\Project_10\ORSProj10\Project_10\src\test\resources
2025-03-26 17:49:15,315 [Worker-5: Loading available Gradle versions] INFO  o.e.b.c.i.u.g.PublishedGradleVersions - Gradle version information cache is out-of-date. Trying to update.
2025-03-26 17:49:30,857 [Worker-2: Building workspace] INFO  o.e.m.c.i.embedder.EclipseLogger - Using 'UTF-8' encoding to copy filtered resources.
2025-03-26 17:49:30,879 [Worker-2: Building workspace] INFO  o.e.m.c.i.embedder.EclipseLogger - Copying 1 resource
2025-03-26 17:49:30,919 [Worker-2: Building workspace] INFO  o.e.m.c.i.embedder.EclipseLogger - Copying 1 resource
2025-03-26 17:49:30,926 [Worker-2: Building workspace] INFO  o.e.m.c.i.embedder.EclipseLogger - Using 'UTF-8' encoding to copy filtered resources.
2025-03-26 17:49:30,927 [Worker-2: Building workspace] INFO  o.e.m.c.i.embedder.EclipseLogger - skip non existing resourceDirectory D:\Rays Software\Workspace\Project_10\ORSProj10\Project_10\src\test\resources
2025-03-26 17:51:08,626 [Worker-11: Building workspace] INFO  o.e.m.c.i.embedder.EclipseLogger - Using 'UTF-8' encoding to copy filtered resources.
2025-03-26 17:51:08,632 [Worker-11: Building workspace] INFO  o.e.m.c.i.embedder.EclipseLogger - Copying 1 resource
2025-03-26 17:51:08,635 [Worker-11: Building workspace] INFO  o.e.m.c.i.embedder.EclipseLogger - Copying 1 resource
2025-03-26 17:51:08,639 [Worker-11: Building workspace] INFO  o.e.m.c.i.embedder.EclipseLogger - Using 'UTF-8' encoding to copy filtered resources.
2025-03-26 17:51:08,640 [Worker-11: Building workspace] INFO  o.e.m.c.i.embedder.EclipseLogger - skip non existing resourceDirectory D:\Rays Software\Workspace\Project_10\ORSProj10\Project_10\src\test\resources
2025-03-26 17:52:44,881 [Worker-1: Launching ProjectOrsApplication] INFO  o.e.m.c.i.embedder.EclipseLogger - Using 'UTF-8' encoding to copy filtered resources.
2025-03-26 17:52:44,881 [Worker-1: Launching ProjectOrsApplication] INFO  o.e.m.c.i.embedder.EclipseLogger - Copying 1 resource
2025-03-26 17:52:44,883 [Worker-1: Launching ProjectOrsApplication] INFO  o.e.m.c.i.embedder.EclipseLogger - Copying 1 resource
2025-03-26 17:52:44,884 [Worker-1: Launching ProjectOrsApplication] INFO  o.e.m.c.i.embedder.EclipseLogger - Using 'UTF-8' encoding to copy filtered resources.
2025-03-26 17:52:44,885 [Worker-1: Launching ProjectOrsApplication] INFO  o.e.m.c.i.embedder.EclipseLogger - skip non existing resourceDirectory D:\Rays Software\Workspace\Project_10\ORSProj10\Project_10\src\test\resources
2025-03-28 17:25:14,691 [main] INFO  o.e.m2e.actions.ExecutePomAction - Creating new launch configuration
2025-03-28 17:25:34,322 [Worker-57: Launching Project_10] INFO  o.e.m.i.launch.MavenLaunchDelegate - D:\Rays Software\Workspace\Project_10\ORSProj10\Project_10
2025-03-28 17:25:34,324 [Worker-57: Launching Project_10] INFO  o.e.m.i.launch.MavenLaunchDelegate -  mvn -B -Dmaven.test.skip=true -DskipTests clean install
2025-03-28 17:26:54,531 [main] INFO  o.e.m2e.actions.ExecutePomAction - Creating new launch configuration
2025-03-28 17:27:11,447 [Worker-59: Launching Project_10 (1)] INFO  o.e.m.i.launch.MavenLaunchDelegate - D:\Rays Software\Workspace\Project_10\ORSProj10\Project_10
2025-03-28 17:27:11,448 [Worker-59: Launching Project_10 (1)] INFO  o.e.m.i.launch.MavenLaunchDelegate -  mvn -B -Dmaven.test.skip=true -DskipTests clean package
2025-03-28 17:28:15,945 [Worker-59: Building workspace] INFO  o.e.m.c.i.embedder.EclipseLogger - Using 'UTF-8' encoding to copy filtered resources.
2025-03-28 17:28:15,947 [Worker-59: Building workspace] INFO  o.e.m.c.i.embedder.EclipseLogger - Copying 1 resource
2025-03-28 17:28:15,950 [Worker-59: Building workspace] INFO  o.e.m.c.i.embedder.EclipseLogger - Copying 1 resource
2025-03-28 17:28:15,962 [Worker-59: Building workspace] INFO  o.e.m.c.i.embedder.EclipseLogger - Using 'UTF-8' encoding to copy filtered resources.
2025-03-28 17:28:15,962 [Worker-59: Building workspace] INFO  o.e.m.c.i.embedder.EclipseLogger - skip non existing resourceDirectory D:\Rays Software\Workspace\Project_10\ORSProj10\Project_10\src\test\resources
2025-03-29 01:43:31,295 [Worker-2: Loading available Gradle versions] INFO  o.e.b.c.i.u.g.PublishedGradleVersions - Gradle version information cache is out-of-date. Trying to update.
2025-03-29 01:43:31,548 [Worker-2: Loading available Gradle versions] INFO  o.e.b.c.i.u.g.PublishedGradleVersions - Updating Gradle version information cache failed. Using outdated cache.
2025-03-29 17:45:02,078 [main] ERROR o.e.m.j.u.i.DownloadSourcesActionDelegate - Could not schedule source download
org.eclipse.jdt.core.JavaModelException: bin/src/main/java/com/rays/ctl [in Project_10] is not on its project's build path
	at org.eclipse.jdt.internal.core.JavaElement.newJavaModelException(JavaElement.java:583)
	at org.eclipse.jdt.internal.core.Openable.generateInfos(Openable.java:256)
	at org.eclipse.jdt.internal.core.JavaElement.openWhenClosed(JavaElement.java:596)
	at org.eclipse.jdt.internal.core.JavaElement.getElementInfo(JavaElement.java:326)
	at org.eclipse.jdt.internal.core.JavaElement.getElementInfo(JavaElement.java:312)
	at org.eclipse.jdt.internal.core.PackageFragmentRoot.getKind(PackageFragmentRoot.java:516)
	at org.eclipse.jdt.internal.core.PackageFragmentRoot.getSourceAttachmentPath(PackageFragmentRoot.java:641)
	at org.eclipse.m2e.jdt.ui.internal.DownloadSourcesActionDelegate.setActiveEditor(DownloadSourcesActionDelegate.java:51)
	at org.eclipse.ui.internal.EditorPluginAction.editorChanged(EditorPluginAction.java:72)
	at org.eclipse.ui.internal.EditorActionBuilder$EditorContribution.editorChanged(EditorActionBuilder.java:83)
	at org.eclipse.ui.internal.EditorActionBuilder$ExternalContributor.setActiveEditor(EditorActionBuilder.java:132)
	at org.eclipse.ui.internal.EditorActionBars.partChanged(EditorActionBars.java:346)
	at org.eclipse.ui.internal.WorkbenchPage.updateActivations(WorkbenchPage.java:325)
	at org.eclipse.ui.internal.WorkbenchPage.access$2(WorkbenchPage.java:306)
	at org.eclipse.ui.internal.WorkbenchPage$E4PartListener.partActivated(WorkbenchPage.java:213)
	at org.eclipse.e4.ui.internal.workbench.PartServiceImpl$3.run(PartServiceImpl.java:253)
	at org.eclipse.core.runtime.SafeRunner.run(SafeRunner.java:45)
	at org.eclipse.e4.ui.internal.workbench.PartServiceImpl.firePartActivated(PartServiceImpl.java:250)
	at org.eclipse.e4.ui.internal.workbench.PartServiceImpl.activate(PartServiceImpl.java:775)
	at org.eclipse.e4.ui.internal.workbench.PartServiceImpl.activate(PartServiceImpl.java:684)
	at org.eclipse.e4.ui.internal.workbench.swt.AbstractPartRenderer.activate(AbstractPartRenderer.java:97)
	at org.eclipse.e4.ui.workbench.renderers.swt.ContributedPartRenderer.lambda$0(ContributedPartRenderer.java:63)
	at org.eclipse.swt.widgets.EventTable.sendEvent(EventTable.java:89)
	at org.eclipse.swt.widgets.Display.sendEvent(Display.java:4131)
	at org.eclipse.swt.widgets.Widget.sendEvent(Widget.java:1055)
	at org.eclipse.swt.widgets.Widget.sendEvent(Widget.java:1079)
	at org.eclipse.swt.widgets.Widget.sendEvent(Widget.java:1064)
	at org.eclipse.swt.widgets.Shell.setActiveControl(Shell.java:1524)
	at org.eclipse.swt.widgets.Shell.setActiveControl(Shell.java:1487)
	at org.eclipse.swt.widgets.Control.sendFocusEvent(Control.java:2971)
	at org.eclipse.swt.widgets.Widget.wmSetFocus(Widget.java:2234)
	at org.eclipse.swt.widgets.Control.WM_SETFOCUS(Control.java:5434)
	at org.eclipse.swt.widgets.Canvas.WM_SETFOCUS(Canvas.java:445)
	at org.eclipse.swt.widgets.Control.windowProc(Control.java:4838)
	at org.eclipse.swt.widgets.Canvas.windowProc(Canvas.java:348)
	at org.eclipse.swt.widgets.Display.windowProc(Display.java:4770)
	at org.eclipse.swt.internal.win32.OS.SetFocus(Native Method)
	at org.eclipse.swt.widgets.Control.forceFocus(Control.java:1115)
	at org.eclipse.swt.widgets.Control.setFocus(Control.java:3456)
	at org.eclipse.swt.widgets.Composite.setFocus(Composite.java:1101)
	at org.eclipse.ui.texteditor.AbstractTextEditor.setFocus(AbstractTextEditor.java:6192)
	at org.eclipse.ui.texteditor.StatusTextEditor.setFocus(StatusTextEditor.java:147)
	at org.eclipse.jdt.internal.ui.javaeditor.JavaEditor.setFocus(JavaEditor.java:2372)
	at org.eclipse.jdt.internal.ui.javaeditor.ClassFileEditor.setFocus(ClassFileEditor.java:981)
	at org.eclipse.ui.internal.e4.compatibility.CompatibilityPart.delegateSetFocus(CompatibilityPart.java:225)
	at jdk.internal.reflect.GeneratedMethodAccessor67.invoke(Unknown Source)
	at java.base/jdk.internal.reflect.DelegatingMethodAccessorImpl.invoke(DelegatingMethodAccessorImpl.java:43)
	at java.base/java.lang.reflect.Method.invoke(Method.java:566)
	at org.eclipse.e4.core.internal.di.MethodRequestor.execute(MethodRequestor.java:58)
	at org.eclipse.e4.core.internal.di.InjectorImpl.invokeUsingClass(InjectorImpl.java:320)
	at org.eclipse.e4.core.internal.di.InjectorImpl.invokeUsingClass(InjectorImpl.java:326)
	at org.eclipse.e4.core.internal.di.InjectorImpl.invoke(InjectorImpl.java:248)
	at org.eclipse.e4.core.contexts.ContextInjectionFactory.invoke(ContextInjectionFactory.java:147)
	at org.eclipse.e4.ui.internal.workbench.swt.PartRenderingEngine.focusGui(PartRenderingEngine.java:808)
	at org.eclipse.e4.ui.workbench.renderers.swt.ContributedPartRenderer$1.setFocus(ContributedPartRenderer.java:106)
	at org.eclipse.swt.custom.CTabItem.setFocus(CTabItem.java:343)
	at org.eclipse.swt.custom.CTabFolder.setFocus(CTabFolder.java:2637)
	at org.eclipse.swt.widgets.Control.fixFocus(Control.java:1070)
	at org.eclipse.swt.widgets.Control.setVisible(Control.java:3971)
	at org.eclipse.swt.custom.CTabFolder.setSelection(CTabFolder.java:3181)
	at org.eclipse.swt.custom.CTabFolder.setSelection(CTabFolder.java:3138)
	at org.eclipse.e4.ui.workbench.renderers.swt.StackRenderer.showTab(StackRenderer.java:1307)
	at org.eclipse.e4.ui.workbench.renderers.swt.LazyStackRenderer.lambda$0(LazyStackRenderer.java:75)
	at org.eclipse.e4.ui.services.internal.events.UIEventHandler.lambda$0(UIEventHandler.java:38)
	at org.eclipse.swt.widgets.Synchronizer.syncExec(Synchronizer.java:236)
	at org.eclipse.ui.internal.UISynchronizer.syncExec(UISynchronizer.java:147)
	at org.eclipse.swt.widgets.Display.syncExec(Display.java:4580)
	at org.eclipse.e4.ui.internal.workbench.swt.E4Application$1.syncExec(E4Application.java:219)
	at org.eclipse.e4.ui.services.internal.events.UIEventHandler.handleEvent(UIEventHandler.java:38)
	at org.eclipse.equinox.internal.event.EventHandlerWrapper.handleEvent(EventHandlerWrapper.java:205)
	at org.eclipse.equinox.internal.event.EventHandlerTracker.dispatchEvent(EventHandlerTracker.java:203)
	at org.eclipse.equinox.internal.event.EventHandlerTracker.dispatchEvent(EventHandlerTracker.java:1)
	at org.eclipse.osgi.framework.eventmgr.EventManager.dispatchEvent(EventManager.java:233)
	at org.eclipse.osgi.framework.eventmgr.ListenerQueue.dispatchEventSynchronous(ListenerQueue.java:151)
	at org.eclipse.equinox.internal.event.EventAdminImpl.dispatchEvent(EventAdminImpl.java:132)
	at org.eclipse.equinox.internal.event.EventAdminImpl.sendEvent(EventAdminImpl.java:75)
	at org.eclipse.equinox.internal.event.EventComponent.sendEvent(EventComponent.java:44)
	at org.eclipse.e4.ui.services.internal.events.EventBroker.send(EventBroker.java:55)
	at org.eclipse.e4.ui.internal.workbench.UIEventPublisher.notifyChanged(UIEventPublisher.java:63)
	at org.eclipse.emf.common.notify.impl.BasicNotifierImpl.eNotify(BasicNotifierImpl.java:424)
	at org.eclipse.e4.ui.model.application.ui.impl.ElementContainerImpl.setSelectedElement(ElementContainerImpl.java:177)
	at org.eclipse.e4.ui.internal.workbench.ModelServiceImpl.showElementInWindow(ModelServiceImpl.java:652)
	at org.eclipse.e4.ui.internal.workbench.ModelServiceImpl.bringToTop(ModelServiceImpl.java:616)
	at org.eclipse.e4.ui.internal.workbench.PartServiceImpl.delegateBringToTop(PartServiceImpl.java:791)
	at org.eclipse.e4.ui.internal.workbench.PartServiceImpl.showPart(PartServiceImpl.java:1237)
	at org.eclipse.ui.internal.WorkbenchPage.busyOpenEditor(WorkbenchPage.java:3317)
	at org.eclipse.ui.internal.WorkbenchPage.lambda$9(WorkbenchPage.java:3216)
	at org.eclipse.swt.custom.BusyIndicator.showWhile(BusyIndicator.java:72)
	at org.eclipse.ui.internal.WorkbenchPage.openEditor(WorkbenchPage.java:3213)
	at org.eclipse.ui.internal.WorkbenchPage.openEditor(WorkbenchPage.java:3177)
	at org.eclipse.ui.internal.WorkbenchPage.openEditor(WorkbenchPage.java:3167)
	at org.eclipse.ui.ide.IDE.openEditor(IDE.java:570)
	at org.eclipse.ui.ide.IDE.openEditor(IDE.java:525)
	at org.eclipse.ui.internal.ide.handlers.OpenResourceHandler.execute(OpenResourceHandler.java:130)
	at org.eclipse.ui.internal.ide.handlers.OpenResourceHandler.run(OpenResourceHandler.java:185)
	at org.eclipse.ui.internal.handlers.ActionDelegateHandlerProxy.execute(ActionDelegateHandlerProxy.java:305)
	at org.eclipse.ui.internal.handlers.E4HandlerProxy.execute(E4HandlerProxy.java:96)
	at jdk.internal.reflect.GeneratedMethodAccessor96.invoke(Unknown Source)
	at java.base/jdk.internal.reflect.DelegatingMethodAccessorImpl.invoke(DelegatingMethodAccessorImpl.java:43)
	at java.base/java.lang.reflect.Method.invoke(Method.java:566)
	at org.eclipse.e4.core.internal.di.MethodRequestor.execute(MethodRequestor.java:58)
	at org.eclipse.e4.core.internal.di.InjectorImpl.invokeUsingClass(InjectorImpl.java:320)
	at org.eclipse.e4.core.internal.di.InjectorImpl.invoke(InjectorImpl.java:254)
	at org.eclipse.e4.core.contexts.ContextInjectionFactory.invoke(ContextInjectionFactory.java:173)
	at org.eclipse.e4.core.commands.internal.HandlerServiceHandler.execute(HandlerServiceHandler.java:156)
	at org.eclipse.core.commands.Command.executeWithChecks(Command.java:497)
	at org.eclipse.core.commands.ParameterizedCommand.executeWithChecks(ParameterizedCommand.java:490)
	at org.eclipse.e4.core.commands.internal.HandlerServiceImpl.executeHandler(HandlerServiceImpl.java:213)
	at org.eclipse.e4.ui.bindings.keys.KeyBindingDispatcher.executeCommand(KeyBindingDispatcher.java:308)
	at org.eclipse.e4.ui.bindings.keys.KeyBindingDispatcher.press(KeyBindingDispatcher.java:584)
	at org.eclipse.e4.ui.bindings.keys.KeyBindingDispatcher.processKeyEvent(KeyBindingDispatcher.java:653)
	at org.eclipse.e4.ui.bindings.keys.KeyBindingDispatcher.filterKeySequenceBindings(KeyBindingDispatcher.java:443)
	at org.eclipse.e4.ui.bindings.keys.KeyBindingDispatcher.access$2(KeyBindingDispatcher.java:386)
	at org.eclipse.e4.ui.bindings.keys.KeyBindingDispatcher$KeyDownFilter.handleEvent(KeyBindingDispatcher.java:96)
	at org.eclipse.swt.widgets.EventTable.sendEvent(EventTable.java:89)
	at org.eclipse.swt.widgets.Display.filterEvent(Display.java:1194)
	at org.eclipse.swt.widgets.Widget.sendEvent(Widget.java:1054)
	at org.eclipse.swt.widgets.Widget.sendEvent(Widget.java:1079)
	at org.eclipse.swt.widgets.Widget.sendEvent(Widget.java:1064)
	at org.eclipse.swt.widgets.Widget.sendKeyEvent(Widget.java:1106)
	at org.eclipse.swt.widgets.Widget.sendKeyEvent(Widget.java:1102)
	at org.eclipse.swt.widgets.Widget.wmChar(Widget.java:1489)
	at org.eclipse.swt.widgets.Control.WM_CHAR(Control.java:4888)
	at org.eclipse.swt.widgets.Canvas.WM_CHAR(Canvas.java:353)
	at org.eclipse.swt.widgets.Control.windowProc(Control.java:4768)
	at org.eclipse.swt.widgets.Canvas.windowProc(Canvas.java:348)
	at org.eclipse.swt.widgets.Display.windowProc(Display.java:4770)
	at org.eclipse.swt.internal.win32.OS.DispatchMessage(Native Method)
	at org.eclipse.swt.widgets.Display.readAndDispatch(Display.java:3545)
	at org.eclipse.e4.ui.internal.workbench.swt.PartRenderingEngine$5.run(PartRenderingEngine.java:1173)
	at org.eclipse.core.databinding.observable.Realm.runWithDefault(Realm.java:338)
	at org.eclipse.e4.ui.internal.workbench.swt.PartRenderingEngine.run(PartRenderingEngine.java:1062)
	at org.eclipse.e4.ui.internal.workbench.E4Workbench.createAndRunUI(E4Workbench.java:155)
	at org.eclipse.ui.internal.Workbench.lambda$3(Workbench.java:644)
	at org.eclipse.core.databinding.observable.Realm.runWithDefault(Realm.java:338)
	at org.eclipse.ui.internal.Workbench.createAndRunWorkbench(Workbench.java:566)
	at org.eclipse.ui.PlatformUI.createAndRunWorkbench(PlatformUI.java:150)
	at org.eclipse.ui.internal.ide.application.IDEApplication.start(IDEApplication.java:155)
	at org.eclipse.equinox.internal.app.EclipseAppHandle.run(EclipseAppHandle.java:203)
	at org.eclipse.core.runtime.internal.adaptor.EclipseAppLauncher.runApplication(EclipseAppLauncher.java:137)
	at org.eclipse.core.runtime.internal.adaptor.EclipseAppLauncher.start(EclipseAppLauncher.java:107)
	at org.eclipse.core.runtime.adaptor.EclipseStarter.run(EclipseStarter.java:400)
	at org.eclipse.core.runtime.adaptor.EclipseStarter.run(EclipseStarter.java:255)
	at java.base/jdk.internal.reflect.NativeMethodAccessorImpl.invoke0(Native Method)
	at java.base/jdk.internal.reflect.NativeMethodAccessorImpl.invoke(NativeMethodAccessorImpl.java:62)
	at java.base/jdk.internal.reflect.DelegatingMethodAccessorImpl.invoke(DelegatingMethodAccessorImpl.java:43)
	at java.base/java.lang.reflect.Method.invoke(Method.java:566)
	at org.eclipse.equinox.launcher.Main.invokeFramework(Main.java:661)
	at org.eclipse.equinox.launcher.Main.basicRun(Main.java:597)
	at org.eclipse.equinox.launcher.Main.run(Main.java:1476)
2025-03-30 03:47:56,884 [Worker-2: Loading available Gradle versions] INFO  o.e.b.c.i.u.g.PublishedGradleVersions - Gradle version information cache is out-of-date. Trying to update.
2025-03-31 01:44:30,919 [Worker-3: Loading available Gradle versions] INFO  o.e.b.c.i.u.g.PublishedGradleVersions - Gradle version information cache is up-to-date. Trying to read.
2025-04-02 00:58:47,823 [Worker-6: Loading available Gradle versions] INFO  o.e.b.c.i.u.g.PublishedGradleVersions - Gradle version information cache is out-of-date. Trying to update.
2025-04-03 14:28:05,025 [Worker-0: Loading available Gradle versions] INFO  o.e.b.c.i.u.g.PublishedGradleVersions - Gradle version information cache is out-of-date. Trying to update.
2025-04-03 14:28:05,752 [Worker-0: Loading available Gradle versions] INFO  o.e.b.c.i.u.g.PublishedGradleVersions - Updating Gradle version information cache failed. Using outdated cache.
2025-04-03 19:25:38,532 [Worker-73: Launching ProjectOrsApplication] INFO  o.e.m.c.i.embedder.EclipseLogger - Using 'UTF-8' encoding to copy filtered resources.
2025-04-03 19:25:38,686 [Worker-73: Launching ProjectOrsApplication] INFO  o.e.m.c.i.embedder.EclipseLogger - Copying 1 resource
2025-04-03 19:25:38,719 [Worker-73: Launching ProjectOrsApplication] INFO  o.e.m.c.i.embedder.EclipseLogger - Copying 1 resource
2025-04-03 19:25:38,739 [Worker-73: Launching ProjectOrsApplication] INFO  o.e.m.c.i.embedder.EclipseLogger - Using 'UTF-8' encoding to copy filtered resources.
2025-04-03 19:25:38,739 [Worker-73: Launching ProjectOrsApplication] INFO  o.e.m.c.i.embedder.EclipseLogger - skip non existing resourceDirectory D:\Rays Software\Workspace\Project_10\ORSProj10\Project_10\src\test\resources
2025-04-03 20:00:47,010 [Worker-87: Building workspace] INFO  o.e.m.c.i.embedder.EclipseLogger - Using 'UTF-8' encoding to copy filtered resources.
2025-04-03 20:00:47,012 [Worker-87: Building workspace] INFO  o.e.m.c.i.embedder.EclipseLogger - Copying 1 resource
2025-04-03 20:00:47,014 [Worker-87: Building workspace] INFO  o.e.m.c.i.embedder.EclipseLogger - Copying 0 resource
2025-04-03 20:00:47,016 [Worker-87: Building workspace] INFO  o.e.m.c.i.embedder.EclipseLogger - Using 'UTF-8' encoding to copy filtered resources.
2025-04-03 20:00:47,016 [Worker-87: Building workspace] INFO  o.e.m.c.i.embedder.EclipseLogger - skip non existing resourceDirectory D:\Rays Software\Workspace\Project_10\ORSProj10\Project_10\src\test\resources
2025-04-04 01:06:02,729 [Worker-1: Loading available Gradle versions] INFO  o.e.b.c.i.u.g.PublishedGradleVersions - Gradle version information cache is out-of-date. Trying to update.
2025-04-04 01:06:03,023 [Worker-1: Loading available Gradle versions] INFO  o.e.b.c.i.u.g.PublishedGradleVersions - Updating Gradle version information cache failed. Using outdated cache.
2025-04-04 15:03:03,959 [Worker-3: Loading available Gradle versions] INFO  o.e.b.c.i.u.g.PublishedGradleVersions - Gradle version information cache is out-of-date. Trying to update.
2025-04-05 14:10:16,576 [Worker-3: Loading available Gradle versions] INFO  o.e.b.c.i.u.g.PublishedGradleVersions - Gradle version information cache is up-to-date. Trying to read.
2025-04-06 17:54:56,062 [Worker-1: Loading available Gradle versions] INFO  o.e.b.c.i.u.g.PublishedGradleVersions - Gradle version information cache is up-to-date. Trying to read.
2025-04-07 15:01:14,539 [Worker-6: Loading available Gradle versions] INFO  o.e.b.c.i.u.g.PublishedGradleVersions - Gradle version information cache is out-of-date. Trying to update.
2025-04-08 12:22:38,275 [Worker-3: Loading available Gradle versions] INFO  o.e.b.c.i.u.g.PublishedGradleVersions - Gradle version information cache is up-to-date. Trying to read.
2025-04-08 15:10:15,191 [Worker-31: Building workspace] INFO  o.e.m.c.i.embedder.EclipseLogger - Using 'UTF-8' encoding to copy filtered resources.
2025-04-08 15:10:15,223 [Worker-31: Building workspace] INFO  o.e.m.c.i.embedder.EclipseLogger - Copying 1 resource
2025-04-08 15:10:15,259 [Worker-31: Building workspace] INFO  o.e.m.c.i.embedder.EclipseLogger - Copying 1 resource
2025-04-08 15:10:15,265 [Worker-31: Building workspace] INFO  o.e.m.c.i.embedder.EclipseLogger - Using 'UTF-8' encoding to copy filtered resources.
2025-04-08 15:10:15,265 [Worker-31: Building workspace] INFO  o.e.m.c.i.embedder.EclipseLogger - skip non existing resourceDirectory D:\Rays Software\Workspace\Project_10\ORSProj10\Project_10\src\test\resources
2025-04-08 18:40:29,760 [Worker-100: Building workspace] INFO  o.e.m.c.i.embedder.EclipseLogger - Using 'UTF-8' encoding to copy filtered resources.
2025-04-08 18:40:29,766 [Worker-100: Building workspace] INFO  o.e.m.c.i.embedder.EclipseLogger - Copying 1 resource
2025-04-08 18:40:29,770 [Worker-100: Building workspace] INFO  o.e.m.c.i.embedder.EclipseLogger - Copying 1 resource
2025-04-08 18:40:29,772 [Worker-100: Building workspace] INFO  o.e.m.c.i.embedder.EclipseLogger - Using 'UTF-8' encoding to copy filtered resources.
2025-04-08 18:40:29,773 [Worker-100: Building workspace] INFO  o.e.m.c.i.embedder.EclipseLogger - skip non existing resourceDirectory D:\Rays Software\Workspace\Project_10\ORSProj10\Project_10\src\test\resources
2025-04-08 23:54:02,980 [Worker-1: Loading available Gradle versions] INFO  o.e.b.c.i.u.g.PublishedGradleVersions - Gradle version information cache is out-of-date. Trying to update.
2025-04-09 12:44:52,300 [Worker-1: Loading available Gradle versions] INFO  o.e.b.c.i.u.g.PublishedGradleVersions - Gradle version information cache is up-to-date. Trying to read.
2025-04-09 16:11:38,669 [Worker-56: Building workspace] INFO  o.e.m.c.i.embedder.EclipseLogger - Using 'UTF-8' encoding to copy filtered resources.
2025-04-09 16:11:38,669 [Worker-56: Building workspace] INFO  o.e.m.c.i.embedder.EclipseLogger - Copying 1 resource
2025-04-09 16:11:38,700 [Worker-56: Building workspace] INFO  o.e.m.c.i.embedder.EclipseLogger - Copying 1 resource
2025-04-09 16:11:38,731 [Worker-56: Building workspace] INFO  o.e.m.c.i.embedder.EclipseLogger - Using 'UTF-8' encoding to copy filtered resources.
2025-04-09 16:11:38,731 [Worker-56: Building workspace] INFO  o.e.m.c.i.embedder.EclipseLogger - skip non existing resourceDirectory D:\Rays Software\Workspace\Project_10\ORSProj10\Project_10\src\test\resources
2025-04-11 17:41:55,285 [Worker-120: Building workspace] INFO  o.e.m.c.i.embedder.EclipseLogger - Using 'UTF-8' encoding to copy filtered resources.
2025-04-11 17:41:55,301 [Worker-120: Building workspace] INFO  o.e.m.c.i.embedder.EclipseLogger - Copying 1 resource
2025-04-11 17:41:55,301 [Worker-120: Building workspace] INFO  o.e.m.c.i.embedder.EclipseLogger - Copying 1 resource
2025-04-11 17:41:55,301 [Worker-120: Building workspace] INFO  o.e.m.c.i.embedder.EclipseLogger - Using 'UTF-8' encoding to copy filtered resources.
2025-04-11 17:41:55,301 [Worker-120: Building workspace] INFO  o.e.m.c.i.embedder.EclipseLogger - skip non existing resourceDirectory D:\Rays Software\Workspace\Project_10\ORSProj10\Project_10\src\test\resources
2025-04-11 17:43:08,198 [Worker-118: Building workspace] INFO  o.e.m.c.i.embedder.EclipseLogger - Using 'UTF-8' encoding to copy filtered resources.
2025-04-11 17:43:08,198 [Worker-118: Building workspace] INFO  o.e.m.c.i.embedder.EclipseLogger - Copying 1 resource
2025-04-11 17:43:08,213 [Worker-118: Building workspace] INFO  o.e.m.c.i.embedder.EclipseLogger - Copying 1 resource
2025-04-11 17:43:08,213 [Worker-118: Building workspace] INFO  o.e.m.c.i.embedder.EclipseLogger - Using 'UTF-8' encoding to copy filtered resources.
2025-04-11 17:43:08,213 [Worker-118: Building workspace] INFO  o.e.m.c.i.embedder.EclipseLogger - skip non existing resourceDirectory D:\Rays Software\Workspace\Project_10\ORSProj10\Project_10\src\test\resources
2025-04-11 17:44:15,322 [main] ERROR o.e.m.j.u.i.DownloadSourcesActionDelegate - Could not schedule source download
org.eclipse.jdt.core.JavaModelException: bin/src/main/java/com/rays/common [in Project_10] is not on its project's build path
	at org.eclipse.jdt.internal.core.JavaElement.newJavaModelException(JavaElement.java:583)
	at org.eclipse.jdt.internal.core.Openable.generateInfos(Openable.java:256)
	at org.eclipse.jdt.internal.core.JavaElement.openWhenClosed(JavaElement.java:596)
	at org.eclipse.jdt.internal.core.JavaElement.getElementInfo(JavaElement.java:326)
	at org.eclipse.jdt.internal.core.JavaElement.getElementInfo(JavaElement.java:312)
	at org.eclipse.jdt.internal.core.PackageFragmentRoot.getKind(PackageFragmentRoot.java:516)
	at org.eclipse.jdt.internal.core.PackageFragmentRoot.getSourceAttachmentPath(PackageFragmentRoot.java:641)
	at org.eclipse.m2e.jdt.ui.internal.DownloadSourcesActionDelegate.setActiveEditor(DownloadSourcesActionDelegate.java:51)
	at org.eclipse.ui.internal.EditorPluginAction.editorChanged(EditorPluginAction.java:72)
	at org.eclipse.ui.internal.EditorActionBuilder$EditorContribution.editorChanged(EditorActionBuilder.java:83)
	at org.eclipse.ui.internal.EditorActionBuilder$ExternalContributor.setActiveEditor(EditorActionBuilder.java:132)
	at org.eclipse.ui.internal.EditorActionBars.partChanged(EditorActionBars.java:346)
	at org.eclipse.ui.internal.WorkbenchPage.updateActivations(WorkbenchPage.java:325)
	at org.eclipse.ui.internal.WorkbenchPage.access$2(WorkbenchPage.java:306)
	at org.eclipse.ui.internal.WorkbenchPage$E4PartListener.partActivated(WorkbenchPage.java:213)
	at org.eclipse.e4.ui.internal.workbench.PartServiceImpl$3.run(PartServiceImpl.java:253)
	at org.eclipse.core.runtime.SafeRunner.run(SafeRunner.java:45)
	at org.eclipse.e4.ui.internal.workbench.PartServiceImpl.firePartActivated(PartServiceImpl.java:250)
	at org.eclipse.e4.ui.internal.workbench.PartServiceImpl.activate(PartServiceImpl.java:775)
	at org.eclipse.e4.ui.internal.workbench.PartServiceImpl.activate(PartServiceImpl.java:684)
	at org.eclipse.e4.ui.internal.workbench.swt.AbstractPartRenderer.activate(AbstractPartRenderer.java:97)
	at org.eclipse.e4.ui.workbench.renderers.swt.ContributedPartRenderer.lambda$0(ContributedPartRenderer.java:63)
	at org.eclipse.swt.widgets.EventTable.sendEvent(EventTable.java:89)
	at org.eclipse.swt.widgets.Display.sendEvent(Display.java:4131)
	at org.eclipse.swt.widgets.Widget.sendEvent(Widget.java:1055)
	at org.eclipse.swt.widgets.Widget.sendEvent(Widget.java:1079)
	at org.eclipse.swt.widgets.Widget.sendEvent(Widget.java:1064)
	at org.eclipse.swt.widgets.Shell.setActiveControl(Shell.java:1524)
	at org.eclipse.swt.widgets.Shell.setActiveControl(Shell.java:1487)
	at org.eclipse.swt.widgets.Control.sendFocusEvent(Control.java:2971)
	at org.eclipse.swt.widgets.Widget.wmSetFocus(Widget.java:2234)
	at org.eclipse.swt.widgets.Control.WM_SETFOCUS(Control.java:5434)
	at org.eclipse.swt.widgets.Canvas.WM_SETFOCUS(Canvas.java:445)
	at org.eclipse.swt.widgets.Control.windowProc(Control.java:4838)
	at org.eclipse.swt.widgets.Canvas.windowProc(Canvas.java:348)
	at org.eclipse.swt.widgets.Display.windowProc(Display.java:4770)
	at org.eclipse.swt.internal.win32.OS.SetFocus(Native Method)
	at org.eclipse.swt.widgets.Control.forceFocus(Control.java:1115)
	at org.eclipse.swt.widgets.Control.setFocus(Control.java:3456)
	at org.eclipse.swt.widgets.Composite.setFocus(Composite.java:1101)
	at org.eclipse.ui.texteditor.AbstractTextEditor.setFocus(AbstractTextEditor.java:6192)
	at org.eclipse.ui.texteditor.StatusTextEditor.setFocus(StatusTextEditor.java:147)
	at org.eclipse.jdt.internal.ui.javaeditor.JavaEditor.setFocus(JavaEditor.java:2372)
	at org.eclipse.jdt.internal.ui.javaeditor.ClassFileEditor.setFocus(ClassFileEditor.java:981)
	at org.eclipse.ui.internal.e4.compatibility.CompatibilityPart.delegateSetFocus(CompatibilityPart.java:225)
	at jdk.internal.reflect.GeneratedMethodAccessor87.invoke(Unknown Source)
	at java.base/jdk.internal.reflect.DelegatingMethodAccessorImpl.invoke(DelegatingMethodAccessorImpl.java:43)
	at java.base/java.lang.reflect.Method.invoke(Method.java:566)
	at org.eclipse.e4.core.internal.di.MethodRequestor.execute(MethodRequestor.java:58)
	at org.eclipse.e4.core.internal.di.InjectorImpl.invokeUsingClass(InjectorImpl.java:320)
	at org.eclipse.e4.core.internal.di.InjectorImpl.invokeUsingClass(InjectorImpl.java:326)
	at org.eclipse.e4.core.internal.di.InjectorImpl.invoke(InjectorImpl.java:248)
	at org.eclipse.e4.core.contexts.ContextInjectionFactory.invoke(ContextInjectionFactory.java:147)
	at org.eclipse.e4.ui.internal.workbench.swt.PartRenderingEngine.focusGui(PartRenderingEngine.java:808)
	at org.eclipse.e4.ui.workbench.renderers.swt.ContributedPartRenderer$1.setFocus(ContributedPartRenderer.java:106)
	at org.eclipse.swt.custom.CTabItem.setFocus(CTabItem.java:343)
	at org.eclipse.swt.custom.CTabFolder.setFocus(CTabFolder.java:2637)
	at org.eclipse.swt.widgets.Control.fixFocus(Control.java:1070)
	at org.eclipse.swt.widgets.Control.setVisible(Control.java:3971)
	at org.eclipse.swt.custom.CTabFolder.setSelection(CTabFolder.java:3181)
	at org.eclipse.swt.custom.CTabFolder.setSelection(CTabFolder.java:3138)
	at org.eclipse.e4.ui.workbench.renderers.swt.StackRenderer.showTab(StackRenderer.java:1307)
	at org.eclipse.e4.ui.workbench.renderers.swt.LazyStackRenderer.lambda$0(LazyStackRenderer.java:75)
	at org.eclipse.e4.ui.services.internal.events.UIEventHandler.lambda$0(UIEventHandler.java:38)
	at org.eclipse.swt.widgets.Synchronizer.syncExec(Synchronizer.java:236)
	at org.eclipse.ui.internal.UISynchronizer.syncExec(UISynchronizer.java:147)
	at org.eclipse.swt.widgets.Display.syncExec(Display.java:4580)
	at org.eclipse.e4.ui.internal.workbench.swt.E4Application$1.syncExec(E4Application.java:219)
	at org.eclipse.e4.ui.services.internal.events.UIEventHandler.handleEvent(UIEventHandler.java:38)
	at org.eclipse.equinox.internal.event.EventHandlerWrapper.handleEvent(EventHandlerWrapper.java:205)
	at org.eclipse.equinox.internal.event.EventHandlerTracker.dispatchEvent(EventHandlerTracker.java:203)
	at org.eclipse.equinox.internal.event.EventHandlerTracker.dispatchEvent(EventHandlerTracker.java:1)
	at org.eclipse.osgi.framework.eventmgr.EventManager.dispatchEvent(EventManager.java:233)
	at org.eclipse.osgi.framework.eventmgr.ListenerQueue.dispatchEventSynchronous(ListenerQueue.java:151)
	at org.eclipse.equinox.internal.event.EventAdminImpl.dispatchEvent(EventAdminImpl.java:132)
	at org.eclipse.equinox.internal.event.EventAdminImpl.sendEvent(EventAdminImpl.java:75)
	at org.eclipse.equinox.internal.event.EventComponent.sendEvent(EventComponent.java:44)
	at org.eclipse.e4.ui.services.internal.events.EventBroker.send(EventBroker.java:55)
	at org.eclipse.e4.ui.internal.workbench.UIEventPublisher.notifyChanged(UIEventPublisher.java:63)
	at org.eclipse.emf.common.notify.impl.BasicNotifierImpl.eNotify(BasicNotifierImpl.java:424)
	at org.eclipse.e4.ui.model.application.ui.impl.ElementContainerImpl.setSelectedElement(ElementContainerImpl.java:177)
	at org.eclipse.e4.ui.internal.workbench.ModelServiceImpl.showElementInWindow(ModelServiceImpl.java:652)
	at org.eclipse.e4.ui.internal.workbench.ModelServiceImpl.bringToTop(ModelServiceImpl.java:616)
	at org.eclipse.e4.ui.internal.workbench.PartServiceImpl.delegateBringToTop(PartServiceImpl.java:791)
	at org.eclipse.e4.ui.internal.workbench.PartServiceImpl.showPart(PartServiceImpl.java:1237)
	at org.eclipse.ui.internal.WorkbenchPage.busyOpenEditor(WorkbenchPage.java:3317)
	at org.eclipse.ui.internal.WorkbenchPage.lambda$9(WorkbenchPage.java:3216)
	at org.eclipse.swt.custom.BusyIndicator.showWhile(BusyIndicator.java:72)
	at org.eclipse.ui.internal.WorkbenchPage.openEditor(WorkbenchPage.java:3213)
	at org.eclipse.ui.internal.WorkbenchPage.openEditor(WorkbenchPage.java:3177)
	at org.eclipse.ui.internal.WorkbenchPage.openEditor(WorkbenchPage.java:3167)
	at org.eclipse.ui.ide.IDE.openEditor(IDE.java:570)
	at org.eclipse.ui.ide.IDE.openEditor(IDE.java:525)
	at org.eclipse.ui.internal.ide.handlers.OpenResourceHandler.execute(OpenResourceHandler.java:130)
	at org.eclipse.ui.internal.ide.handlers.OpenResourceHandler.run(OpenResourceHandler.java:185)
	at org.eclipse.ui.internal.handlers.ActionDelegateHandlerProxy.execute(ActionDelegateHandlerProxy.java:305)
	at org.eclipse.ui.internal.handlers.E4HandlerProxy.execute(E4HandlerProxy.java:96)
	at jdk.internal.reflect.GeneratedMethodAccessor114.invoke(Unknown Source)
	at java.base/jdk.internal.reflect.DelegatingMethodAccessorImpl.invoke(DelegatingMethodAccessorImpl.java:43)
	at java.base/java.lang.reflect.Method.invoke(Method.java:566)
	at org.eclipse.e4.core.internal.di.MethodRequestor.execute(MethodRequestor.java:58)
	at org.eclipse.e4.core.internal.di.InjectorImpl.invokeUsingClass(InjectorImpl.java:320)
	at org.eclipse.e4.core.internal.di.InjectorImpl.invoke(InjectorImpl.java:254)
	at org.eclipse.e4.core.contexts.ContextInjectionFactory.invoke(ContextInjectionFactory.java:173)
	at org.eclipse.e4.core.commands.internal.HandlerServiceHandler.execute(HandlerServiceHandler.java:156)
	at org.eclipse.core.commands.Command.executeWithChecks(Command.java:497)
	at org.eclipse.core.commands.ParameterizedCommand.executeWithChecks(ParameterizedCommand.java:490)
	at org.eclipse.e4.core.commands.internal.HandlerServiceImpl.executeHandler(HandlerServiceImpl.java:213)
	at org.eclipse.e4.ui.bindings.keys.KeyBindingDispatcher.executeCommand(KeyBindingDispatcher.java:308)
	at org.eclipse.e4.ui.bindings.keys.KeyBindingDispatcher.press(KeyBindingDispatcher.java:584)
	at org.eclipse.e4.ui.bindings.keys.KeyBindingDispatcher.processKeyEvent(KeyBindingDispatcher.java:653)
	at org.eclipse.e4.ui.bindings.keys.KeyBindingDispatcher.filterKeySequenceBindings(KeyBindingDispatcher.java:443)
	at org.eclipse.e4.ui.bindings.keys.KeyBindingDispatcher.access$2(KeyBindingDispatcher.java:386)
	at org.eclipse.e4.ui.bindings.keys.KeyBindingDispatcher$KeyDownFilter.handleEvent(KeyBindingDispatcher.java:96)
	at org.eclipse.swt.widgets.EventTable.sendEvent(EventTable.java:89)
	at org.eclipse.swt.widgets.Display.filterEvent(Display.java:1194)
	at org.eclipse.swt.widgets.Widget.sendEvent(Widget.java:1054)
	at org.eclipse.swt.widgets.Widget.sendEvent(Widget.java:1079)
	at org.eclipse.swt.widgets.Widget.sendEvent(Widget.java:1064)
	at org.eclipse.swt.widgets.Widget.sendKeyEvent(Widget.java:1106)
	at org.eclipse.swt.widgets.Widget.sendKeyEvent(Widget.java:1102)
	at org.eclipse.swt.widgets.Widget.wmChar(Widget.java:1489)
	at org.eclipse.swt.widgets.Control.WM_CHAR(Control.java:4888)
	at org.eclipse.swt.widgets.Canvas.WM_CHAR(Canvas.java:353)
	at org.eclipse.swt.widgets.Control.windowProc(Control.java:4768)
	at org.eclipse.swt.widgets.Canvas.windowProc(Canvas.java:348)
	at org.eclipse.swt.widgets.Display.windowProc(Display.java:4770)
	at org.eclipse.swt.internal.win32.OS.DispatchMessage(Native Method)
	at org.eclipse.swt.widgets.Display.readAndDispatch(Display.java:3545)
	at org.eclipse.e4.ui.internal.workbench.swt.PartRenderingEngine$5.run(PartRenderingEngine.java:1173)
	at org.eclipse.core.databinding.observable.Realm.runWithDefault(Realm.java:338)
	at org.eclipse.e4.ui.internal.workbench.swt.PartRenderingEngine.run(PartRenderingEngine.java:1062)
	at org.eclipse.e4.ui.internal.workbench.E4Workbench.createAndRunUI(E4Workbench.java:155)
	at org.eclipse.ui.internal.Workbench.lambda$3(Workbench.java:644)
	at org.eclipse.core.databinding.observable.Realm.runWithDefault(Realm.java:338)
	at org.eclipse.ui.internal.Workbench.createAndRunWorkbench(Workbench.java:566)
	at org.eclipse.ui.PlatformUI.createAndRunWorkbench(PlatformUI.java:150)
	at org.eclipse.ui.internal.ide.application.IDEApplication.start(IDEApplication.java:155)
	at org.eclipse.equinox.internal.app.EclipseAppHandle.run(EclipseAppHandle.java:203)
	at org.eclipse.core.runtime.internal.adaptor.EclipseAppLauncher.runApplication(EclipseAppLauncher.java:137)
	at org.eclipse.core.runtime.internal.adaptor.EclipseAppLauncher.start(EclipseAppLauncher.java:107)
	at org.eclipse.core.runtime.adaptor.EclipseStarter.run(EclipseStarter.java:400)
	at org.eclipse.core.runtime.adaptor.EclipseStarter.run(EclipseStarter.java:255)
	at java.base/jdk.internal.reflect.NativeMethodAccessorImpl.invoke0(Native Method)
	at java.base/jdk.internal.reflect.NativeMethodAccessorImpl.invoke(NativeMethodAccessorImpl.java:62)
	at java.base/jdk.internal.reflect.DelegatingMethodAccessorImpl.invoke(DelegatingMethodAccessorImpl.java:43)
	at java.base/java.lang.reflect.Method.invoke(Method.java:566)
	at org.eclipse.equinox.launcher.Main.invokeFramework(Main.java:661)
	at org.eclipse.equinox.launcher.Main.basicRun(Main.java:597)
	at org.eclipse.equinox.launcher.Main.run(Main.java:1476)
2025-04-11 17:55:56,036 [main] ERROR o.e.m.j.u.i.DownloadSourcesActionDelegate - Could not schedule source download
org.eclipse.jdt.core.JavaModelException: bin/src/main/java/com/rays/common [in Project_10] is not on its project's build path
	at org.eclipse.jdt.internal.core.JavaElement.newJavaModelException(JavaElement.java:583)
	at org.eclipse.jdt.internal.core.Openable.generateInfos(Openable.java:256)
	at org.eclipse.jdt.internal.core.JavaElement.openWhenClosed(JavaElement.java:596)
	at org.eclipse.jdt.internal.core.JavaElement.getElementInfo(JavaElement.java:326)
	at org.eclipse.jdt.internal.core.JavaElement.getElementInfo(JavaElement.java:312)
	at org.eclipse.jdt.internal.core.PackageFragmentRoot.getKind(PackageFragmentRoot.java:516)
	at org.eclipse.jdt.internal.core.PackageFragmentRoot.getSourceAttachmentPath(PackageFragmentRoot.java:641)
	at org.eclipse.m2e.jdt.ui.internal.DownloadSourcesActionDelegate.setActiveEditor(DownloadSourcesActionDelegate.java:51)
	at org.eclipse.ui.internal.EditorPluginAction.editorChanged(EditorPluginAction.java:72)
	at org.eclipse.ui.internal.EditorActionBuilder$EditorContribution.editorChanged(EditorActionBuilder.java:83)
	at org.eclipse.ui.internal.EditorActionBuilder$ExternalContributor.setActiveEditor(EditorActionBuilder.java:132)
	at org.eclipse.ui.internal.EditorActionBars.partChanged(EditorActionBars.java:346)
	at org.eclipse.ui.internal.WorkbenchPage.updateActivations(WorkbenchPage.java:325)
	at org.eclipse.ui.internal.WorkbenchPage.access$2(WorkbenchPage.java:306)
	at org.eclipse.ui.internal.WorkbenchPage$E4PartListener.partActivated(WorkbenchPage.java:213)
	at org.eclipse.e4.ui.internal.workbench.PartServiceImpl$3.run(PartServiceImpl.java:253)
	at org.eclipse.core.runtime.SafeRunner.run(SafeRunner.java:45)
	at org.eclipse.e4.ui.internal.workbench.PartServiceImpl.firePartActivated(PartServiceImpl.java:250)
	at org.eclipse.e4.ui.internal.workbench.PartServiceImpl.activate(PartServiceImpl.java:775)
	at org.eclipse.e4.ui.internal.workbench.PartServiceImpl.activate(PartServiceImpl.java:684)
	at org.eclipse.e4.ui.internal.workbench.swt.AbstractPartRenderer.activate(AbstractPartRenderer.java:97)
	at org.eclipse.e4.ui.workbench.renderers.swt.ContributedPartRenderer.lambda$0(ContributedPartRenderer.java:63)
	at org.eclipse.swt.widgets.EventTable.sendEvent(EventTable.java:89)
	at org.eclipse.swt.widgets.Display.sendEvent(Display.java:4131)
	at org.eclipse.swt.widgets.Widget.sendEvent(Widget.java:1055)
	at org.eclipse.swt.widgets.Widget.sendEvent(Widget.java:1079)
	at org.eclipse.swt.widgets.Widget.sendEvent(Widget.java:1064)
	at org.eclipse.swt.widgets.Shell.setActiveControl(Shell.java:1524)
	at org.eclipse.swt.widgets.Shell.setActiveControl(Shell.java:1487)
	at org.eclipse.swt.widgets.Control.sendFocusEvent(Control.java:2971)
	at org.eclipse.swt.widgets.Widget.wmSetFocus(Widget.java:2234)
	at org.eclipse.swt.widgets.Control.WM_SETFOCUS(Control.java:5434)
	at org.eclipse.swt.widgets.Control.windowProc(Control.java:4838)
	at org.eclipse.swt.widgets.Display.windowProc(Display.java:4770)
	at org.eclipse.swt.internal.win32.OS.SetFocus(Native Method)
	at org.eclipse.swt.widgets.Control.forceFocus(Control.java:1115)
	at org.eclipse.swt.widgets.Control.setFocus(Control.java:3456)
	at org.eclipse.swt.widgets.Composite.setFocus(Composite.java:1101)
	at org.eclipse.swt.widgets.Composite.setFocus(Composite.java:1099)
	at org.eclipse.jdt.internal.ui.javaeditor.ClassFileEditor.setFocus(ClassFileEditor.java:984)
	at org.eclipse.ui.internal.e4.compatibility.CompatibilityPart.delegateSetFocus(CompatibilityPart.java:225)
	at jdk.internal.reflect.GeneratedMethodAccessor87.invoke(Unknown Source)
	at java.base/jdk.internal.reflect.DelegatingMethodAccessorImpl.invoke(DelegatingMethodAccessorImpl.java:43)
	at java.base/java.lang.reflect.Method.invoke(Method.java:566)
	at org.eclipse.e4.core.internal.di.MethodRequestor.execute(MethodRequestor.java:58)
	at org.eclipse.e4.core.internal.di.InjectorImpl.invokeUsingClass(InjectorImpl.java:320)
	at org.eclipse.e4.core.internal.di.InjectorImpl.invokeUsingClass(InjectorImpl.java:326)
	at org.eclipse.e4.core.internal.di.InjectorImpl.invoke(InjectorImpl.java:248)
	at org.eclipse.e4.core.contexts.ContextInjectionFactory.invoke(ContextInjectionFactory.java:147)
	at org.eclipse.e4.ui.internal.workbench.swt.PartRenderingEngine.focusGui(PartRenderingEngine.java:808)
	at org.eclipse.e4.ui.workbench.renderers.swt.ContributedPartRenderer$1.setFocus(ContributedPartRenderer.java:106)
	at org.eclipse.swt.custom.CTabItem.setFocus(CTabItem.java:343)
	at org.eclipse.swt.custom.CTabFolder.setFocus(CTabFolder.java:2637)
	at org.eclipse.swt.widgets.Control.fixFocus(Control.java:1070)
	at org.eclipse.swt.widgets.Control.setVisible(Control.java:3971)
	at org.eclipse.swt.custom.CTabFolder.setSelection(CTabFolder.java:3181)
	at org.eclipse.swt.custom.CTabFolder.setSelection(CTabFolder.java:3189)
	at org.eclipse.swt.custom.CTabFolder.onMouse(CTabFolder.java:1876)
	at org.eclipse.swt.custom.CTabFolder.lambda$0(CTabFolder.java:330)
	at org.eclipse.swt.widgets.EventTable.sendEvent(EventTable.java:89)
	at org.eclipse.swt.widgets.Display.sendEvent(Display.java:4131)
	at org.eclipse.swt.widgets.Widget.sendEvent(Widget.java:1055)
	at org.eclipse.swt.widgets.Display.runDeferredEvents(Display.java:3944)
	at org.eclipse.swt.widgets.Display.readAndDispatch(Display.java:3547)
	at org.eclipse.e4.ui.internal.workbench.swt.PartRenderingEngine$5.run(PartRenderingEngine.java:1173)
	at org.eclipse.core.databinding.observable.Realm.runWithDefault(Realm.java:338)
	at org.eclipse.e4.ui.internal.workbench.swt.PartRenderingEngine.run(PartRenderingEngine.java:1062)
	at org.eclipse.e4.ui.internal.workbench.E4Workbench.createAndRunUI(E4Workbench.java:155)
	at org.eclipse.ui.internal.Workbench.lambda$3(Workbench.java:644)
	at org.eclipse.core.databinding.observable.Realm.runWithDefault(Realm.java:338)
	at org.eclipse.ui.internal.Workbench.createAndRunWorkbench(Workbench.java:566)
	at org.eclipse.ui.PlatformUI.createAndRunWorkbench(PlatformUI.java:150)
	at org.eclipse.ui.internal.ide.application.IDEApplication.start(IDEApplication.java:155)
	at org.eclipse.equinox.internal.app.EclipseAppHandle.run(EclipseAppHandle.java:203)
	at org.eclipse.core.runtime.internal.adaptor.EclipseAppLauncher.runApplication(EclipseAppLauncher.java:137)
	at org.eclipse.core.runtime.internal.adaptor.EclipseAppLauncher.start(EclipseAppLauncher.java:107)
	at org.eclipse.core.runtime.adaptor.EclipseStarter.run(EclipseStarter.java:400)
	at org.eclipse.core.runtime.adaptor.EclipseStarter.run(EclipseStarter.java:255)
	at java.base/jdk.internal.reflect.NativeMethodAccessorImpl.invoke0(Native Method)
	at java.base/jdk.internal.reflect.NativeMethodAccessorImpl.invoke(NativeMethodAccessorImpl.java:62)
	at java.base/jdk.internal.reflect.DelegatingMethodAccessorImpl.invoke(DelegatingMethodAccessorImpl.java:43)
	at java.base/java.lang.reflect.Method.invoke(Method.java:566)
	at org.eclipse.equinox.launcher.Main.invokeFramework(Main.java:661)
	at org.eclipse.equinox.launcher.Main.basicRun(Main.java:597)
	at org.eclipse.equinox.launcher.Main.run(Main.java:1476)
2025-04-11 17:56:40,842 [main] ERROR o.e.m.j.u.i.DownloadSourcesActionDelegate - Could not schedule source download
org.eclipse.jdt.core.JavaModelException: bin/src/main/java/com/rays/common [in Project_10] is not on its project's build path
	at org.eclipse.jdt.internal.core.JavaElement.newJavaModelException(JavaElement.java:583)
	at org.eclipse.jdt.internal.core.Openable.generateInfos(Openable.java:256)
	at org.eclipse.jdt.internal.core.JavaElement.openWhenClosed(JavaElement.java:596)
	at org.eclipse.jdt.internal.core.JavaElement.getElementInfo(JavaElement.java:326)
	at org.eclipse.jdt.internal.core.JavaElement.getElementInfo(JavaElement.java:312)
	at org.eclipse.jdt.internal.core.PackageFragmentRoot.getKind(PackageFragmentRoot.java:516)
	at org.eclipse.jdt.internal.core.PackageFragmentRoot.getSourceAttachmentPath(PackageFragmentRoot.java:641)
	at org.eclipse.m2e.jdt.ui.internal.DownloadSourcesActionDelegate.setActiveEditor(DownloadSourcesActionDelegate.java:51)
	at org.eclipse.ui.internal.EditorPluginAction.editorChanged(EditorPluginAction.java:72)
	at org.eclipse.ui.internal.EditorActionBuilder$EditorContribution.editorChanged(EditorActionBuilder.java:83)
	at org.eclipse.ui.internal.EditorActionBuilder$ExternalContributor.setActiveEditor(EditorActionBuilder.java:132)
	at org.eclipse.ui.internal.EditorActionBars.partChanged(EditorActionBars.java:346)
	at org.eclipse.ui.internal.WorkbenchPage.updateActivations(WorkbenchPage.java:325)
	at org.eclipse.ui.internal.WorkbenchPage.access$2(WorkbenchPage.java:306)
	at org.eclipse.ui.internal.WorkbenchPage$E4PartListener.partActivated(WorkbenchPage.java:213)
	at org.eclipse.e4.ui.internal.workbench.PartServiceImpl$3.run(PartServiceImpl.java:253)
	at org.eclipse.core.runtime.SafeRunner.run(SafeRunner.java:45)
	at org.eclipse.e4.ui.internal.workbench.PartServiceImpl.firePartActivated(PartServiceImpl.java:250)
	at org.eclipse.e4.ui.internal.workbench.PartServiceImpl.activate(PartServiceImpl.java:775)
	at org.eclipse.e4.ui.internal.workbench.PartServiceImpl.activate(PartServiceImpl.java:684)
	at org.eclipse.e4.ui.internal.workbench.swt.AbstractPartRenderer.activate(AbstractPartRenderer.java:97)
	at org.eclipse.e4.ui.workbench.renderers.swt.ContributedPartRenderer.lambda$0(ContributedPartRenderer.java:63)
	at org.eclipse.swt.widgets.EventTable.sendEvent(EventTable.java:89)
	at org.eclipse.swt.widgets.Display.sendEvent(Display.java:4131)
	at org.eclipse.swt.widgets.Widget.sendEvent(Widget.java:1055)
	at org.eclipse.swt.widgets.Widget.sendEvent(Widget.java:1079)
	at org.eclipse.swt.widgets.Widget.sendEvent(Widget.java:1064)
	at org.eclipse.swt.widgets.Shell.setActiveControl(Shell.java:1524)
	at org.eclipse.swt.widgets.Shell.setActiveControl(Shell.java:1487)
	at org.eclipse.swt.widgets.Control.sendFocusEvent(Control.java:2971)
	at org.eclipse.swt.widgets.Widget.wmSetFocus(Widget.java:2234)
	at org.eclipse.swt.widgets.Control.WM_SETFOCUS(Control.java:5434)
	at org.eclipse.swt.widgets.Control.windowProc(Control.java:4838)
	at org.eclipse.swt.widgets.Display.windowProc(Display.java:4770)
	at org.eclipse.swt.internal.win32.OS.SetFocus(Native Method)
	at org.eclipse.swt.widgets.Control.forceFocus(Control.java:1115)
	at org.eclipse.swt.widgets.Control.setFocus(Control.java:3456)
	at org.eclipse.swt.widgets.Composite.setFocus(Composite.java:1101)
	at org.eclipse.swt.widgets.Composite.setFocus(Composite.java:1099)
	at org.eclipse.jdt.internal.ui.javaeditor.ClassFileEditor.setFocus(ClassFileEditor.java:984)
	at org.eclipse.ui.internal.e4.compatibility.CompatibilityPart.delegateSetFocus(CompatibilityPart.java:225)
	at jdk.internal.reflect.GeneratedMethodAccessor87.invoke(Unknown Source)
	at java.base/jdk.internal.reflect.DelegatingMethodAccessorImpl.invoke(DelegatingMethodAccessorImpl.java:43)
	at java.base/java.lang.reflect.Method.invoke(Method.java:566)
	at org.eclipse.e4.core.internal.di.MethodRequestor.execute(MethodRequestor.java:58)
	at org.eclipse.e4.core.internal.di.InjectorImpl.invokeUsingClass(InjectorImpl.java:320)
	at org.eclipse.e4.core.internal.di.InjectorImpl.invokeUsingClass(InjectorImpl.java:326)
	at org.eclipse.e4.core.internal.di.InjectorImpl.invoke(InjectorImpl.java:248)
	at org.eclipse.e4.core.contexts.ContextInjectionFactory.invoke(ContextInjectionFactory.java:147)
	at org.eclipse.e4.ui.internal.workbench.swt.PartRenderingEngine.focusGui(PartRenderingEngine.java:808)
	at org.eclipse.e4.ui.workbench.renderers.swt.ContributedPartRenderer$1.setFocus(ContributedPartRenderer.java:106)
	at org.eclipse.swt.custom.CTabItem.setFocus(CTabItem.java:343)
	at org.eclipse.swt.custom.CTabFolder.setFocus(CTabFolder.java:2637)
	at org.eclipse.swt.widgets.Control.fixFocus(Control.java:1070)
	at org.eclipse.swt.widgets.Control.setVisible(Control.java:3971)
	at org.eclipse.swt.custom.CTabFolder.setSelection(CTabFolder.java:3181)
	at org.eclipse.swt.custom.CTabFolder.setSelection(CTabFolder.java:3189)
	at org.eclipse.swt.custom.CTabFolder.onMouse(CTabFolder.java:1876)
	at org.eclipse.swt.custom.CTabFolder.lambda$0(CTabFolder.java:330)
	at org.eclipse.swt.widgets.EventTable.sendEvent(EventTable.java:89)
	at org.eclipse.swt.widgets.Display.sendEvent(Display.java:4131)
	at org.eclipse.swt.widgets.Widget.sendEvent(Widget.java:1055)
	at org.eclipse.swt.widgets.Display.runDeferredEvents(Display.java:3944)
	at org.eclipse.swt.widgets.Display.readAndDispatch(Display.java:3547)
	at org.eclipse.e4.ui.internal.workbench.swt.PartRenderingEngine$5.run(PartRenderingEngine.java:1173)
	at org.eclipse.core.databinding.observable.Realm.runWithDefault(Realm.java:338)
	at org.eclipse.e4.ui.internal.workbench.swt.PartRenderingEngine.run(PartRenderingEngine.java:1062)
	at org.eclipse.e4.ui.internal.workbench.E4Workbench.createAndRunUI(E4Workbench.java:155)
	at org.eclipse.ui.internal.Workbench.lambda$3(Workbench.java:644)
	at org.eclipse.core.databinding.observable.Realm.runWithDefault(Realm.java:338)
	at org.eclipse.ui.internal.Workbench.createAndRunWorkbench(Workbench.java:566)
	at org.eclipse.ui.PlatformUI.createAndRunWorkbench(PlatformUI.java:150)
	at org.eclipse.ui.internal.ide.application.IDEApplication.start(IDEApplication.java:155)
	at org.eclipse.equinox.internal.app.EclipseAppHandle.run(EclipseAppHandle.java:203)
	at org.eclipse.core.runtime.internal.adaptor.EclipseAppLauncher.runApplication(EclipseAppLauncher.java:137)
	at org.eclipse.core.runtime.internal.adaptor.EclipseAppLauncher.start(EclipseAppLauncher.java:107)
	at org.eclipse.core.runtime.adaptor.EclipseStarter.run(EclipseStarter.java:400)
	at org.eclipse.core.runtime.adaptor.EclipseStarter.run(EclipseStarter.java:255)
	at java.base/jdk.internal.reflect.NativeMethodAccessorImpl.invoke0(Native Method)
	at java.base/jdk.internal.reflect.NativeMethodAccessorImpl.invoke(NativeMethodAccessorImpl.java:62)
	at java.base/jdk.internal.reflect.DelegatingMethodAccessorImpl.invoke(DelegatingMethodAccessorImpl.java:43)
	at java.base/java.lang.reflect.Method.invoke(Method.java:566)
	at org.eclipse.equinox.launcher.Main.invokeFramework(Main.java:661)
	at org.eclipse.equinox.launcher.Main.basicRun(Main.java:597)
	at org.eclipse.equinox.launcher.Main.run(Main.java:1476)
2025-04-11 18:11:43,523 [Worker-131: Building workspace] INFO  o.e.m.c.i.embedder.EclipseLogger - Using 'UTF-8' encoding to copy filtered resources.
2025-04-11 18:11:43,523 [Worker-131: Building workspace] INFO  o.e.m.c.i.embedder.EclipseLogger - Copying 1 resource
2025-04-11 18:11:43,523 [Worker-131: Building workspace] INFO  o.e.m.c.i.embedder.EclipseLogger - Copying 1 resource
2025-04-11 18:11:43,539 [Worker-131: Building workspace] INFO  o.e.m.c.i.embedder.EclipseLogger - Using 'UTF-8' encoding to copy filtered resources.
2025-04-11 18:11:43,539 [Worker-131: Building workspace] INFO  o.e.m.c.i.embedder.EclipseLogger - skip non existing resourceDirectory D:\Rays Software\Workspace\Project_10\ORSProj10\Project_10\src\test\resources
2025-04-11 18:17:28,794 [Worker-2: Loading available Gradle versions] INFO  o.e.b.c.i.u.g.PublishedGradleVersions - Gradle version information cache is out-of-date. Trying to update.
2025-04-11 18:17:51,045 [Worker-2: Loading available Gradle versions] INFO  o.e.b.c.i.u.g.PublishedGradleVersions - Updating Gradle version information cache failed. Using outdated cache.
2025-04-11 18:22:07,340 [Worker-28: Building workspace] INFO  o.e.m.c.i.embedder.EclipseLogger - Using 'UTF-8' encoding to copy filtered resources.
2025-04-11 18:22:07,358 [Worker-28: Building workspace] INFO  o.e.m.c.i.embedder.EclipseLogger - Copying 1 resource
2025-04-11 18:22:07,372 [Worker-28: Building workspace] INFO  o.e.m.c.i.embedder.EclipseLogger - Copying 1 resource
2025-04-11 18:22:07,377 [Worker-28: Building workspace] INFO  o.e.m.c.i.embedder.EclipseLogger - Using 'UTF-8' encoding to copy filtered resources.
2025-04-11 18:22:07,377 [Worker-28: Building workspace] INFO  o.e.m.c.i.embedder.EclipseLogger - skip non existing resourceDirectory D:\Rays Software\Workspace\Project_10\ORSProj10\Project_10\src\test\resources
2025-04-11 18:26:17,624 [Worker-3: Loading available Gradle versions] INFO  o.e.b.c.i.u.g.PublishedGradleVersions - Gradle version information cache is out-of-date. Trying to update.
2025-04-11 18:30:44,549 [Worker-6: Loading available Gradle versions] INFO  o.e.b.c.i.u.g.PublishedGradleVersions - Gradle version information cache is up-to-date. Trying to read.
2025-04-11 18:31:01,704 [Worker-7: Building workspace] INFO  o.e.m.c.i.embedder.EclipseLogger - Using 'UTF-8' encoding to copy filtered resources.
2025-04-11 18:31:01,711 [Worker-7: Building workspace] INFO  o.e.m.c.i.embedder.EclipseLogger - Copying 1 resource
2025-04-11 18:31:01,752 [Worker-7: Building workspace] INFO  o.e.m.c.i.embedder.EclipseLogger - Copying 1 resource
2025-04-11 18:31:01,782 [Worker-7: Building workspace] INFO  o.e.m.c.i.embedder.EclipseLogger - Using 'UTF-8' encoding to copy filtered resources.
2025-04-11 18:31:01,782 [Worker-7: Building workspace] INFO  o.e.m.c.i.embedder.EclipseLogger - skip non existing resourceDirectory D:\Rays Software\Workspace\Project_10\ORSProj10\Project_10\src\test\resources
2025-04-11 18:31:20,406 [Worker-18: Updating Maven Project] INFO  o.e.m.c.i.p.ProjectConfigurationManager - Update started
2025-04-11 18:31:23,189 [Worker-18: Updating Maven Project] INFO  o.e.m.c.i.l.LifecycleMappingFactory - Using org.eclipse.m2e.jdt.JarLifecycleMapping lifecycle mapping for MavenProject: com.sunilos:springboottest:0.0.1-SNAPSHOT @ D:\Rays Software\Workspace\Project_10\ORSProj10\Project_10\pom.xml.
2025-04-11 18:31:23,884 [Worker-18: Updating Maven Project] INFO  o.e.m.j.i.AbstractJavaProjectConfigurator - Adding source folder /Project_10/src/main/java
2025-04-11 18:31:23,885 [Worker-18: Updating Maven Project] INFO  o.e.m.j.i.AbstractJavaProjectConfigurator - Adding resource folder /Project_10/src/main/resources
2025-04-11 18:31:23,885 [Worker-18: Updating Maven Project] INFO  o.e.m.j.i.AbstractJavaProjectConfigurator - Adding resource folder /Project_10/src/main/resources
2025-04-11 18:31:23,885 [Worker-18: Updating Maven Project] INFO  o.e.m.j.i.AbstractJavaProjectConfigurator - Adding source folder /Project_10/src/test/java
2025-04-11 18:31:24,213 [Worker-18: Updating Maven Project] INFO  o.e.m.c.i.p.ProjectConfigurationManager - Update completed: 3 sec
2025-04-11 18:31:26,629 [Worker-3: Building workspace] INFO  o.e.m.c.i.embedder.EclipseLogger - Using 'UTF-8' encoding to copy filtered resources.
2025-04-11 18:31:26,630 [Worker-3: Building workspace] INFO  o.e.m.c.i.embedder.EclipseLogger - Copying 1 resource
2025-04-11 18:31:26,646 [Worker-3: Building workspace] INFO  o.e.m.c.i.embedder.EclipseLogger - Copying 1 resource
2025-04-11 18:31:26,654 [Worker-3: Building workspace] INFO  o.e.m.c.i.embedder.EclipseLogger - Using 'UTF-8' encoding to copy filtered resources.
2025-04-11 18:31:26,654 [Worker-3: Building workspace] INFO  o.e.m.c.i.embedder.EclipseLogger - skip non existing resourceDirectory D:\Rays Software\Workspace\Project_10\ORSProj10\Project_10\src\test\resources
2025-04-12 15:55:59,865 [Worker-4: Loading available Gradle versions] INFO  o.e.b.c.i.u.g.PublishedGradleVersions - Gradle version information cache is up-to-date. Trying to read.
2025-04-14 12:48:28,020 [Worker-6: Loading available Gradle versions] INFO  o.e.b.c.i.u.g.PublishedGradleVersions - Gradle version information cache is out-of-date. Trying to update.
2025-04-15 01:31:30,066 [Worker-3: Loading available Gradle versions] INFO  o.e.b.c.i.u.g.PublishedGradleVersions - Gradle version information cache is up-to-date. Trying to read.
2025-04-15 12:45:51,731 [Worker-6: Loading available Gradle versions] INFO  o.e.b.c.i.u.g.PublishedGradleVersions - Gradle version information cache is up-to-date. Trying to read.
2025-04-15 14:23:16,473 [Worker-37: Launching ProjectOrsApplication] INFO  o.e.m.c.i.embedder.EclipseLogger - Using 'UTF-8' encoding to copy filtered resources.
2025-04-15 14:23:16,489 [Worker-37: Launching ProjectOrsApplication] INFO  o.e.m.c.i.embedder.EclipseLogger - Copying 1 resource
2025-04-15 14:23:16,505 [Worker-37: Launching ProjectOrsApplication] INFO  o.e.m.c.i.embedder.EclipseLogger - Copying 1 resource
2025-04-15 14:23:16,521 [Worker-37: Launching ProjectOrsApplication] INFO  o.e.m.c.i.embedder.EclipseLogger - Using 'UTF-8' encoding to copy filtered resources.
2025-04-15 14:23:16,521 [Worker-37: Launching ProjectOrsApplication] INFO  o.e.m.c.i.embedder.EclipseLogger - skip non existing resourceDirectory D:\Rays Software\Workspace\Project_10\ORSProj10\Project_10\src\test\resources
2025-04-15 14:43:50,541 [Worker-48: Building workspace] INFO  o.e.m.c.i.embedder.EclipseLogger - Using 'UTF-8' encoding to copy filtered resources.
2025-04-15 14:43:50,556 [Worker-48: Building workspace] INFO  o.e.m.c.i.embedder.EclipseLogger - Copying 1 resource
2025-04-15 14:43:50,556 [Worker-48: Building workspace] INFO  o.e.m.c.i.embedder.EclipseLogger - Copying 1 resource
2025-04-15 14:43:50,556 [Worker-48: Building workspace] INFO  o.e.m.c.i.embedder.EclipseLogger - Using 'UTF-8' encoding to copy filtered resources.
2025-04-15 14:43:50,556 [Worker-48: Building workspace] INFO  o.e.m.c.i.embedder.EclipseLogger - skip non existing resourceDirectory D:\Rays Software\Workspace\Project_10\ORSProj10\Project_10\src\test\resources
2025-04-15 18:00:14,312 [Worker-81: Building workspace] INFO  o.e.m.c.i.embedder.EclipseLogger - Using 'UTF-8' encoding to copy filtered resources.
2025-04-15 18:00:14,535 [Worker-81: Building workspace] INFO  o.e.m.c.i.embedder.EclipseLogger - Copying 1 resource
2025-04-15 18:00:14,540 [Worker-81: Building workspace] INFO  o.e.m.c.i.embedder.EclipseLogger - Copying 1 resource
2025-04-15 18:00:14,540 [Worker-81: Building workspace] INFO  o.e.m.c.i.embedder.EclipseLogger - Using 'UTF-8' encoding to copy filtered resources.
2025-04-15 18:00:14,540 [Worker-81: Building workspace] INFO  o.e.m.c.i.embedder.EclipseLogger - skip non existing resourceDirectory D:\Rays Software\Workspace\Project_10\ORSProj10\Project_10\src\test\resources
2025-04-15 18:01:24,273 [Worker-87: Building workspace] INFO  o.e.m.c.i.embedder.EclipseLogger - Using 'UTF-8' encoding to copy filtered resources.
2025-04-15 18:01:24,273 [Worker-87: Building workspace] INFO  o.e.m.c.i.embedder.EclipseLogger - Copying 1 resource
2025-04-15 18:01:24,273 [Worker-87: Building workspace] INFO  o.e.m.c.i.embedder.EclipseLogger - Copying 1 resource
2025-04-15 18:01:24,283 [Worker-87: Building workspace] INFO  o.e.m.c.i.embedder.EclipseLogger - Using 'UTF-8' encoding to copy filtered resources.
2025-04-15 18:01:24,283 [Worker-87: Building workspace] INFO  o.e.m.c.i.embedder.EclipseLogger - skip non existing resourceDirectory D:\Rays Software\Workspace\Project_10\ORSProj10\Project_10\src\test\resources
2025-04-15 18:02:45,356 [Worker-88: Building workspace] INFO  o.e.m.c.i.embedder.EclipseLogger - Using 'UTF-8' encoding to copy filtered resources.
2025-04-15 18:02:45,356 [Worker-88: Building workspace] INFO  o.e.m.c.i.embedder.EclipseLogger - Copying 1 resource
2025-04-15 18:02:45,356 [Worker-88: Building workspace] INFO  o.e.m.c.i.embedder.EclipseLogger - Copying 1 resource
2025-04-15 18:02:45,372 [Worker-88: Building workspace] INFO  o.e.m.c.i.embedder.EclipseLogger - Using 'UTF-8' encoding to copy filtered resources.
2025-04-15 18:02:45,372 [Worker-88: Building workspace] INFO  o.e.m.c.i.embedder.EclipseLogger - skip non existing resourceDirectory D:\Rays Software\Workspace\Project_10\ORSProj10\Project_10\src\test\resources
2025-04-15 18:04:02,635 [Worker-84: Building workspace] INFO  o.e.m.c.i.embedder.EclipseLogger - Using 'UTF-8' encoding to copy filtered resources.
2025-04-15 18:04:02,635 [Worker-84: Building workspace] INFO  o.e.m.c.i.embedder.EclipseLogger - Copying 1 resource
2025-04-15 18:04:02,648 [Worker-84: Building workspace] INFO  o.e.m.c.i.embedder.EclipseLogger - Copying 1 resource
2025-04-15 18:04:02,648 [Worker-84: Building workspace] INFO  o.e.m.c.i.embedder.EclipseLogger - Using 'UTF-8' encoding to copy filtered resources.
2025-04-15 18:04:02,648 [Worker-84: Building workspace] INFO  o.e.m.c.i.embedder.EclipseLogger - skip non existing resourceDirectory D:\Rays Software\Workspace\Project_10\ORSProj10\Project_10\src\test\resources
2025-04-15 18:05:21,931 [Worker-88: Building workspace] INFO  o.e.m.c.i.embedder.EclipseLogger - Using 'UTF-8' encoding to copy filtered resources.
2025-04-15 18:05:21,931 [Worker-88: Building workspace] INFO  o.e.m.c.i.embedder.EclipseLogger - Copying 1 resource
2025-04-15 18:05:21,931 [Worker-88: Building workspace] INFO  o.e.m.c.i.embedder.EclipseLogger - Copying 1 resource
2025-04-15 18:05:21,931 [Worker-88: Building workspace] INFO  o.e.m.c.i.embedder.EclipseLogger - Using 'UTF-8' encoding to copy filtered resources.
2025-04-15 18:05:21,931 [Worker-88: Building workspace] INFO  o.e.m.c.i.embedder.EclipseLogger - skip non existing resourceDirectory D:\Rays Software\Workspace\Project_10\ORSProj10\Project_10\src\test\resources
2025-04-15 18:09:38,548 [Worker-92: Building workspace] INFO  o.e.m.c.i.embedder.EclipseLogger - Using 'UTF-8' encoding to copy filtered resources.
2025-04-15 18:09:38,550 [Worker-92: Building workspace] INFO  o.e.m.c.i.embedder.EclipseLogger - Copying 1 resource
2025-04-15 18:09:38,550 [Worker-92: Building workspace] INFO  o.e.m.c.i.embedder.EclipseLogger - Copying 1 resource
2025-04-15 18:09:38,558 [Worker-92: Building workspace] INFO  o.e.m.c.i.embedder.EclipseLogger - Using 'UTF-8' encoding to copy filtered resources.
2025-04-15 18:09:38,558 [Worker-92: Building workspace] INFO  o.e.m.c.i.embedder.EclipseLogger - skip non existing resourceDirectory D:\Rays Software\Workspace\Project_10\ORSProj10\Project_10\src\test\resources
2025-04-15 18:12:22,819 [Worker-84: Building workspace] INFO  o.e.m.c.i.embedder.EclipseLogger - Using 'UTF-8' encoding to copy filtered resources.
2025-04-15 18:12:22,819 [Worker-84: Building workspace] INFO  o.e.m.c.i.embedder.EclipseLogger - Copying 1 resource
2025-04-15 18:12:22,819 [Worker-84: Building workspace] INFO  o.e.m.c.i.embedder.EclipseLogger - Copying 1 resource
2025-04-15 18:12:22,833 [Worker-84: Building workspace] INFO  o.e.m.c.i.embedder.EclipseLogger - Using 'UTF-8' encoding to copy filtered resources.
2025-04-15 18:12:22,833 [Worker-84: Building workspace] INFO  o.e.m.c.i.embedder.EclipseLogger - skip non existing resourceDirectory D:\Rays Software\Workspace\Project_10\ORSProj10\Project_10\src\test\resources
2025-04-15 18:13:10,470 [Worker-92: Building workspace] INFO  o.e.m.c.i.embedder.EclipseLogger - Using 'UTF-8' encoding to copy filtered resources.
2025-04-15 18:13:10,470 [Worker-92: Building workspace] INFO  o.e.m.c.i.embedder.EclipseLogger - Copying 1 resource
2025-04-15 18:13:10,470 [Worker-92: Building workspace] INFO  o.e.m.c.i.embedder.EclipseLogger - Copying 1 resource
2025-04-15 18:13:10,481 [Worker-92: Building workspace] INFO  o.e.m.c.i.embedder.EclipseLogger - Using 'UTF-8' encoding to copy filtered resources.
2025-04-15 18:13:10,481 [Worker-92: Building workspace] INFO  o.e.m.c.i.embedder.EclipseLogger - skip non existing resourceDirectory D:\Rays Software\Workspace\Project_10\ORSProj10\Project_10\src\test\resources
2025-04-15 18:13:27,150 [Worker-90: Building workspace] INFO  o.e.m.c.i.embedder.EclipseLogger - Using 'UTF-8' encoding to copy filtered resources.
2025-04-15 18:13:27,153 [Worker-90: Building workspace] INFO  o.e.m.c.i.embedder.EclipseLogger - Copying 1 resource
2025-04-15 18:13:27,153 [Worker-90: Building workspace] INFO  o.e.m.c.i.embedder.EclipseLogger - Copying 1 resource
2025-04-15 18:13:27,153 [Worker-90: Building workspace] INFO  o.e.m.c.i.embedder.EclipseLogger - Using 'UTF-8' encoding to copy filtered resources.
2025-04-15 18:13:27,153 [Worker-90: Building workspace] INFO  o.e.m.c.i.embedder.EclipseLogger - skip non existing resourceDirectory D:\Rays Software\Workspace\Project_10\ORSProj10\Project_10\src\test\resources
2025-04-15 18:14:35,962 [Worker-92: Building workspace] INFO  o.e.m.c.i.embedder.EclipseLogger - Using 'UTF-8' encoding to copy filtered resources.
2025-04-15 18:14:35,962 [Worker-92: Building workspace] INFO  o.e.m.c.i.embedder.EclipseLogger - Copying 1 resource
2025-04-15 18:14:35,962 [Worker-92: Building workspace] INFO  o.e.m.c.i.embedder.EclipseLogger - Copying 1 resource
2025-04-15 18:14:35,969 [Worker-92: Building workspace] INFO  o.e.m.c.i.embedder.EclipseLogger - Using 'UTF-8' encoding to copy filtered resources.
2025-04-15 18:14:35,969 [Worker-92: Building workspace] INFO  o.e.m.c.i.embedder.EclipseLogger - skip non existing resourceDirectory D:\Rays Software\Workspace\Project_10\ORSProj10\Project_10\src\test\resources
2025-04-15 18:15:37,231 [Worker-92: Updating Maven Project] INFO  o.e.m.c.i.p.ProjectConfigurationManager - Update started
2025-04-15 18:15:40,542 [Worker-92: Updating Maven Project] INFO  o.e.m.c.i.l.LifecycleMappingFactory - Using org.eclipse.m2e.jdt.JarLifecycleMapping lifecycle mapping for MavenProject: com.sunilos:springboottest:0.0.1-SNAPSHOT @ D:\Rays Software\Workspace\Project_10\ORSProj10\Project_10\pom.xml.
2025-04-15 18:15:41,992 [Worker-92: Updating Maven Project] INFO  o.e.m.j.i.AbstractJavaProjectConfigurator - Adding source folder /Project_10/src/main/java
2025-04-15 18:15:41,992 [Worker-92: Updating Maven Project] INFO  o.e.m.j.i.AbstractJavaProjectConfigurator - Adding resource folder /Project_10/src/main/resources
2025-04-15 18:15:41,992 [Worker-92: Updating Maven Project] INFO  o.e.m.j.i.AbstractJavaProjectConfigurator - Adding resource folder /Project_10/src/main/resources
2025-04-15 18:15:41,992 [Worker-92: Updating Maven Project] INFO  o.e.m.j.i.AbstractJavaProjectConfigurator - Adding source folder /Project_10/src/test/java
2025-04-15 18:15:42,228 [Worker-92: Updating Maven Project] INFO  o.e.m.c.i.p.ProjectConfigurationManager - Update completed: 4 sec
2025-04-15 18:15:44,642 [Worker-94: Building workspace] INFO  o.e.m.c.i.embedder.EclipseLogger - Using 'UTF-8' encoding to copy filtered resources.
2025-04-15 18:15:44,642 [Worker-94: Building workspace] INFO  o.e.m.c.i.embedder.EclipseLogger - Copying 1 resource
2025-04-15 18:15:44,655 [Worker-94: Building workspace] INFO  o.e.m.c.i.embedder.EclipseLogger - Copying 1 resource
2025-04-15 18:15:44,658 [Worker-94: Building workspace] INFO  o.e.m.c.i.embedder.EclipseLogger - Using 'UTF-8' encoding to copy filtered resources.
2025-04-15 18:15:44,658 [Worker-94: Building workspace] INFO  o.e.m.c.i.embedder.EclipseLogger - skip non existing resourceDirectory D:\Rays Software\Workspace\Project_10\ORSProj10\Project_10\src\test\resources
2025-04-15 18:15:55,451 [Worker-90: Building workspace] INFO  o.e.m.c.i.embedder.EclipseLogger - Using 'UTF-8' encoding to copy filtered resources.
2025-04-15 18:15:55,451 [Worker-90: Building workspace] INFO  o.e.m.c.i.embedder.EclipseLogger - Copying 1 resource
2025-04-15 18:15:55,451 [Worker-90: Building workspace] INFO  o.e.m.c.i.embedder.EclipseLogger - Copying 1 resource
2025-04-15 18:15:55,451 [Worker-90: Building workspace] INFO  o.e.m.c.i.embedder.EclipseLogger - Using 'UTF-8' encoding to copy filtered resources.
2025-04-15 18:15:55,451 [Worker-90: Building workspace] INFO  o.e.m.c.i.embedder.EclipseLogger - skip non existing resourceDirectory D:\Rays Software\Workspace\Project_10\ORSProj10\Project_10\src\test\resources
2025-04-15 18:19:06,520 [Worker-96: Updating Maven Project] INFO  o.e.m.c.i.p.ProjectConfigurationManager - Update started
2025-04-15 18:19:06,992 [Worker-96: Updating Maven Project] INFO  o.e.m.c.i.l.LifecycleMappingFactory - Using org.eclipse.m2e.jdt.JarLifecycleMapping lifecycle mapping for MavenProject: com.sunilos:springboottest:0.0.1-SNAPSHOT @ D:\Rays Software\Workspace\Project_10\ORSProj10\Project_10\pom.xml.
2025-04-15 18:19:07,433 [Worker-96: Updating Maven Project] INFO  o.e.m.j.i.AbstractJavaProjectConfigurator - Adding source folder /Project_10/src/main/java
2025-04-15 18:19:07,433 [Worker-96: Updating Maven Project] INFO  o.e.m.j.i.AbstractJavaProjectConfigurator - Adding resource folder /Project_10/src/main/resources
2025-04-15 18:19:07,433 [Worker-96: Updating Maven Project] INFO  o.e.m.j.i.AbstractJavaProjectConfigurator - Adding resource folder /Project_10/src/main/resources
2025-04-15 18:19:07,433 [Worker-96: Updating Maven Project] INFO  o.e.m.j.i.AbstractJavaProjectConfigurator - Adding source folder /Project_10/src/test/java
2025-04-15 18:19:07,600 [Worker-96: Updating Maven Project] INFO  o.e.m.c.i.p.ProjectConfigurationManager - Update completed: 1 sec
2025-04-15 18:19:09,403 [Worker-103: Building workspace] INFO  o.e.m.c.i.embedder.EclipseLogger - Using 'UTF-8' encoding to copy filtered resources.
2025-04-15 18:19:09,403 [Worker-103: Building workspace] INFO  o.e.m.c.i.embedder.EclipseLogger - Copying 1 resource
2025-04-15 18:19:09,419 [Worker-103: Building workspace] INFO  o.e.m.c.i.embedder.EclipseLogger - Copying 1 resource
2025-04-15 18:19:09,437 [Worker-103: Building workspace] INFO  o.e.m.c.i.embedder.EclipseLogger - Using 'UTF-8' encoding to copy filtered resources.
2025-04-15 18:19:09,437 [Worker-103: Building workspace] INFO  o.e.m.c.i.embedder.EclipseLogger - skip non existing resourceDirectory D:\Rays Software\Workspace\Project_10\ORSProj10\Project_10\src\test\resources
2025-04-15 18:26:44,061 [Worker-108: Building workspace] INFO  o.e.m.c.i.embedder.EclipseLogger - Using 'UTF-8' encoding to copy filtered resources.
2025-04-15 18:26:44,061 [Worker-108: Building workspace] INFO  o.e.m.c.i.embedder.EclipseLogger - Copying 1 resource
2025-04-15 18:26:44,076 [Worker-108: Building workspace] INFO  o.e.m.c.i.embedder.EclipseLogger - Copying 0 resource
2025-04-15 18:26:44,076 [Worker-108: Building workspace] INFO  o.e.m.c.i.embedder.EclipseLogger - Using 'UTF-8' encoding to copy filtered resources.
2025-04-15 18:26:44,076 [Worker-108: Building workspace] INFO  o.e.m.c.i.embedder.EclipseLogger - skip non existing resourceDirectory D:\Rays Software\Workspace\Project_10\ORSProj10\Project_10\src\test\resources
2025-04-15 18:27:06,431 [Worker-111: Building workspace] INFO  o.e.m.c.i.embedder.EclipseLogger - Using 'UTF-8' encoding to copy filtered resources.
2025-04-15 18:27:06,431 [Worker-111: Building workspace] INFO  o.e.m.c.i.embedder.EclipseLogger - Copying 1 resource
2025-04-15 18:27:06,450 [Worker-111: Building workspace] INFO  o.e.m.c.i.embedder.EclipseLogger - Copying 0 resource
2025-04-15 18:27:06,450 [Worker-111: Building workspace] INFO  o.e.m.c.i.embedder.EclipseLogger - Using 'UTF-8' encoding to copy filtered resources.
2025-04-15 18:27:06,450 [Worker-111: Building workspace] INFO  o.e.m.c.i.embedder.EclipseLogger - skip non existing resourceDirectory D:\Rays Software\Workspace\Project_10\ORSProj10\Project_10\src\test\resources
2025-04-15 18:30:52,899 [Worker-88: Building workspace] INFO  o.e.m.c.i.embedder.EclipseLogger - Using 'UTF-8' encoding to copy filtered resources.
2025-04-15 18:30:52,899 [Worker-88: Building workspace] INFO  o.e.m.c.i.embedder.EclipseLogger - Copying 1 resource
2025-04-15 18:30:52,899 [Worker-88: Building workspace] INFO  o.e.m.c.i.embedder.EclipseLogger - Copying 1 resource
2025-04-15 18:30:52,899 [Worker-88: Building workspace] INFO  o.e.m.c.i.embedder.EclipseLogger - Using 'UTF-8' encoding to copy filtered resources.
2025-04-15 18:30:52,899 [Worker-88: Building workspace] INFO  o.e.m.c.i.embedder.EclipseLogger - skip non existing resourceDirectory D:\Rays Software\Workspace\Project_10\ORSProj10\Project_10\src\test\resources
2025-04-15 18:41:06,284 [Worker-118: Building workspace] INFO  o.e.m.c.i.embedder.EclipseLogger - Using 'UTF-8' encoding to copy filtered resources.
2025-04-15 18:41:06,284 [Worker-118: Building workspace] INFO  o.e.m.c.i.embedder.EclipseLogger - Copying 1 resource
2025-04-15 18:41:06,284 [Worker-118: Building workspace] INFO  o.e.m.c.i.embedder.EclipseLogger - Copying 1 resource
2025-04-15 18:41:06,284 [Worker-118: Building workspace] INFO  o.e.m.c.i.embedder.EclipseLogger - Using 'UTF-8' encoding to copy filtered resources.
2025-04-15 18:41:06,284 [Worker-118: Building workspace] INFO  o.e.m.c.i.embedder.EclipseLogger - skip non existing resourceDirectory D:\Rays Software\Workspace\Project_10\ORSProj10\Project_10\src\test\resources
2025-04-15 18:41:44,203 [Worker-118: Building workspace] INFO  o.e.m.c.i.embedder.EclipseLogger - Using 'UTF-8' encoding to copy filtered resources.
2025-04-15 18:41:44,218 [Worker-118: Building workspace] INFO  o.e.m.c.i.embedder.EclipseLogger - Copying 1 resource
2025-04-15 18:41:44,218 [Worker-118: Building workspace] INFO  o.e.m.c.i.embedder.EclipseLogger - Copying 1 resource
2025-04-15 18:41:44,218 [Worker-118: Building workspace] INFO  o.e.m.c.i.embedder.EclipseLogger - Using 'UTF-8' encoding to copy filtered resources.
2025-04-15 18:41:44,218 [Worker-118: Building workspace] INFO  o.e.m.c.i.embedder.EclipseLogger - skip non existing resourceDirectory D:\Rays Software\Workspace\Project_10\ORSProj10\Project_10\src\test\resources
2025-04-15 18:43:46,642 [Worker-120: Building workspace] INFO  o.e.m.c.i.embedder.EclipseLogger - Using 'UTF-8' encoding to copy filtered resources.
2025-04-15 18:43:46,642 [Worker-120: Building workspace] INFO  o.e.m.c.i.embedder.EclipseLogger - Copying 1 resource
2025-04-15 18:43:46,642 [Worker-120: Building workspace] INFO  o.e.m.c.i.embedder.EclipseLogger - Copying 1 resource
2025-04-15 18:43:46,642 [Worker-120: Building workspace] INFO  o.e.m.c.i.embedder.EclipseLogger - Using 'UTF-8' encoding to copy filtered resources.
2025-04-15 18:43:46,642 [Worker-120: Building workspace] INFO  o.e.m.c.i.embedder.EclipseLogger - skip non existing resourceDirectory D:\Rays Software\Workspace\Project_10\ORSProj10\Project_10\src\test\resources
2025-04-15 18:44:54,972 [Worker-108: Building workspace] INFO  o.e.m.c.i.embedder.EclipseLogger - Using 'UTF-8' encoding to copy filtered resources.
2025-04-15 18:44:54,972 [Worker-108: Building workspace] INFO  o.e.m.c.i.embedder.EclipseLogger - Copying 1 resource
2025-04-15 18:44:54,972 [Worker-108: Building workspace] INFO  o.e.m.c.i.embedder.EclipseLogger - Copying 1 resource
2025-04-15 18:44:54,972 [Worker-108: Building workspace] INFO  o.e.m.c.i.embedder.EclipseLogger - Using 'UTF-8' encoding to copy filtered resources.
2025-04-15 18:44:54,972 [Worker-108: Building workspace] INFO  o.e.m.c.i.embedder.EclipseLogger - skip non existing resourceDirectory D:\Rays Software\Workspace\Project_10\ORSProj10\Project_10\src\test\resources
2025-04-15 19:34:32,655 [Worker-126: Building workspace] INFO  o.e.m.c.i.embedder.EclipseLogger - Using 'UTF-8' encoding to copy filtered resources.
2025-04-15 19:34:32,655 [Worker-126: Building workspace] INFO  o.e.m.c.i.embedder.EclipseLogger - Copying 1 resource
2025-04-15 19:34:32,655 [Worker-126: Building workspace] INFO  o.e.m.c.i.embedder.EclipseLogger - Copying 1 resource
2025-04-15 19:34:32,655 [Worker-126: Building workspace] INFO  o.e.m.c.i.embedder.EclipseLogger - Using 'UTF-8' encoding to copy filtered resources.
2025-04-15 19:34:32,655 [Worker-126: Building workspace] INFO  o.e.m.c.i.embedder.EclipseLogger - skip non existing resourceDirectory D:\Rays Software\Workspace\Project_10\ORSProj10\Project_10\src\test\resources
2025-04-15 19:35:17,891 [Worker-129: Building workspace] INFO  o.e.m.c.i.embedder.EclipseLogger - Using 'UTF-8' encoding to copy filtered resources.
2025-04-15 19:35:17,891 [Worker-129: Building workspace] INFO  o.e.m.c.i.embedder.EclipseLogger - Copying 1 resource
2025-04-15 19:35:17,891 [Worker-129: Building workspace] INFO  o.e.m.c.i.embedder.EclipseLogger - Copying 1 resource
2025-04-15 19:35:17,891 [Worker-129: Building workspace] INFO  o.e.m.c.i.embedder.EclipseLogger - Using 'UTF-8' encoding to copy filtered resources.
2025-04-15 19:35:17,891 [Worker-129: Building workspace] INFO  o.e.m.c.i.embedder.EclipseLogger - skip non existing resourceDirectory D:\Rays Software\Workspace\Project_10\ORSProj10\Project_10\src\test\resources
2025-04-16 14:47:26,839 [Worker-9: Building workspace] INFO  o.e.m.c.i.embedder.EclipseLogger - Using 'UTF-8' encoding to copy filtered resources.
2025-04-16 14:47:26,851 [Worker-9: Building workspace] INFO  o.e.m.c.i.embedder.EclipseLogger - Copying 1 resource
2025-04-16 14:47:26,873 [Worker-9: Building workspace] INFO  o.e.m.c.i.embedder.EclipseLogger - Copying 1 resource
2025-04-16 14:47:26,876 [Worker-9: Building workspace] INFO  o.e.m.c.i.embedder.EclipseLogger - Using 'UTF-8' encoding to copy filtered resources.
2025-04-16 14:47:26,876 [Worker-9: Building workspace] INFO  o.e.m.c.i.embedder.EclipseLogger - skip non existing resourceDirectory D:\Rays Software\Workspace\Project_10\ORSProj10\Project_10\src\test\resources
2025-04-16 15:04:03,889 [Worker-19: Building workspace] INFO  o.e.m.c.i.embedder.EclipseLogger - Using 'UTF-8' encoding to copy filtered resources.
2025-04-16 15:04:03,889 [Worker-19: Building workspace] INFO  o.e.m.c.i.embedder.EclipseLogger - Copying 1 resource
2025-04-16 15:04:03,889 [Worker-19: Building workspace] INFO  o.e.m.c.i.embedder.EclipseLogger - Copying 1 resource
2025-04-16 15:04:03,889 [Worker-19: Building workspace] INFO  o.e.m.c.i.embedder.EclipseLogger - Using 'UTF-8' encoding to copy filtered resources.
2025-04-16 15:04:03,889 [Worker-19: Building workspace] INFO  o.e.m.c.i.embedder.EclipseLogger - skip non existing resourceDirectory D:\Rays Software\Workspace\Project_10\ORSProj10\Project_10\src\test\resources
2025-04-16 15:04:16,305 [Worker-15: Building workspace] INFO  o.e.m.c.i.embedder.EclipseLogger - Using 'UTF-8' encoding to copy filtered resources.
2025-04-16 15:04:16,306 [Worker-15: Building workspace] INFO  o.e.m.c.i.embedder.EclipseLogger - Copying 1 resource
2025-04-16 15:04:16,308 [Worker-15: Building workspace] INFO  o.e.m.c.i.embedder.EclipseLogger - Copying 1 resource
2025-04-16 15:04:16,313 [Worker-15: Building workspace] INFO  o.e.m.c.i.embedder.EclipseLogger - Using 'UTF-8' encoding to copy filtered resources.
2025-04-16 15:04:16,313 [Worker-15: Building workspace] INFO  o.e.m.c.i.embedder.EclipseLogger - skip non existing resourceDirectory D:\Rays Software\Workspace\Project_10\ORSProj10\Project_10\src\test\resources
2025-04-16 16:59:48,517 [Worker-42: Building workspace] INFO  o.e.m.c.i.embedder.EclipseLogger - Using 'UTF-8' encoding to copy filtered resources.
2025-04-16 16:59:48,517 [Worker-42: Building workspace] INFO  o.e.m.c.i.embedder.EclipseLogger - Copying 1 resource
2025-04-16 16:59:48,533 [Worker-42: Building workspace] INFO  o.e.m.c.i.embedder.EclipseLogger - Copying 1 resource
2025-04-16 16:59:48,533 [Worker-42: Building workspace] INFO  o.e.m.c.i.embedder.EclipseLogger - Using 'UTF-8' encoding to copy filtered resources.
2025-04-16 16:59:48,533 [Worker-42: Building workspace] INFO  o.e.m.c.i.embedder.EclipseLogger - skip non existing resourceDirectory D:\Rays Software\Workspace\Project_10\ORSProj10\Project_10\src\test\resources
2025-04-16 17:35:31,754 [Worker-57: Loading available Gradle versions] INFO  o.e.b.c.i.u.g.PublishedGradleVersions - Gradle version information cache is out-of-date. Trying to update.
2025-04-16 19:28:14,480 [Worker-94: Building workspace] INFO  o.e.m.c.i.embedder.EclipseLogger - Using 'UTF-8' encoding to copy filtered resources.
2025-04-16 19:28:14,480 [Worker-94: Building workspace] INFO  o.e.m.c.i.embedder.EclipseLogger - Copying 1 resource
2025-04-16 19:28:14,480 [Worker-94: Building workspace] INFO  o.e.m.c.i.embedder.EclipseLogger - Copying 1 resource
2025-04-16 19:28:14,480 [Worker-94: Building workspace] INFO  o.e.m.c.i.embedder.EclipseLogger - Using 'UTF-8' encoding to copy filtered resources.
2025-04-16 19:28:14,480 [Worker-94: Building workspace] INFO  o.e.m.c.i.embedder.EclipseLogger - skip non existing resourceDirectory D:\Rays Software\Workspace\Project_10\ORSProj10\Project_10\src\test\resources
2025-04-18 13:36:49,621 [Worker-0: Loading available Gradle versions] INFO  o.e.b.c.i.u.g.PublishedGradleVersions - Gradle version information cache is out-of-date. Trying to update.
2025-07-14 16:21:52,138 [Worker-2: Loading available Gradle versions] INFO  o.e.b.c.i.u.g.PublishedGradleVersions - Gradle version information cache is out-of-date. Trying to update.
2025-07-14 16:42:49,763 [Worker-5: Loading available Gradle versions] INFO  o.e.b.c.i.u.g.PublishedGradleVersions - Gradle version information cache is up-to-date. Trying to read.
2025-07-14 16:43:30,477 [Worker-12: Importing Maven projects] INFO  o.e.m.c.i.l.LifecycleMappingFactory - Using org.eclipse.m2e.jdt.JarLifecycleMapping lifecycle mapping for MavenProject: com.sunilos:springboottest:0.0.1-SNAPSHOT @ C:\Users\abeet\Desktop\WorkSpace\Project-10\Project_10\ORSProj10\Project-10\pom.xml.
2025-07-14 16:43:33,475 [Worker-12: Importing Maven projects] INFO  o.e.m.j.i.AbstractJavaProjectConfigurator - Adding source folder /Project-10/src/main/java
2025-07-14 16:43:33,476 [Worker-12: Importing Maven projects] INFO  o.e.m.j.i.AbstractJavaProjectConfigurator - Adding resource folder /Project-10/src/main/resources
2025-07-14 16:43:33,488 [Worker-12: Importing Maven projects] INFO  o.e.m.j.i.AbstractJavaProjectConfigurator - Adding resource folder /Project-10/src/main/resources
2025-07-14 16:43:33,489 [Worker-12: Importing Maven projects] INFO  o.e.m.j.i.AbstractJavaProjectConfigurator - Adding source folder /Project-10/src/test/java
2025-07-14 16:43:38,364 [Worker-12: Importing Maven projects] INFO  o.e.m.c.i.p.ProjectConfigurationManager - Imported and configured 1 project(s) in 11 sec
2025-07-14 16:43:46,387 [Worker-1: Building workspace] INFO  o.e.m.c.i.embedder.EclipseLogger - Using 'UTF-8' encoding to copy filtered resources.
2025-07-14 16:43:46,393 [Worker-1: Building workspace] INFO  o.e.m.c.i.embedder.EclipseLogger - Copying 1 resource
2025-07-14 16:43:46,416 [Worker-1: Building workspace] INFO  o.e.m.c.i.embedder.EclipseLogger - Copying 1 resource
2025-07-14 16:43:46,429 [Worker-1: Building workspace] INFO  o.e.m.c.i.embedder.EclipseLogger - Using 'UTF-8' encoding to copy filtered resources.
2025-07-14 16:43:46,429 [Worker-1: Building workspace] INFO  o.e.m.c.i.embedder.EclipseLogger - skip non existing resourceDirectory C:\Users\abeet\Desktop\WorkSpace\Project-10\Project_10\ORSProj10\Project-10\src\test\resources
2025-07-14 16:43:54,091 [Worker-9: Updating Maven Project] INFO  o.e.m.c.i.p.ProjectConfigurationManager - Update started
2025-07-14 16:43:55,273 [Worker-9: Updating Maven Project] INFO  o.e.m.c.i.l.LifecycleMappingFactory - Using org.eclipse.m2e.jdt.JarLifecycleMapping lifecycle mapping for MavenProject: com.sunilos:springboottest:0.0.1-SNAPSHOT @ C:\Users\abeet\Desktop\WorkSpace\Project-10\Project_10\ORSProj10\Project-10\pom.xml.
2025-07-14 16:43:56,848 [Worker-9: Updating Maven Project] INFO  o.e.m.j.i.AbstractJavaProjectConfigurator - Adding source folder /Project-10/src/main/java
2025-07-14 16:43:56,849 [Worker-9: Updating Maven Project] INFO  o.e.m.j.i.AbstractJavaProjectConfigurator - Adding resource folder /Project-10/src/main/resources
2025-07-14 16:43:56,849 [Worker-9: Updating Maven Project] INFO  o.e.m.j.i.AbstractJavaProjectConfigurator - Adding resource folder /Project-10/src/main/resources
2025-07-14 16:43:56,850 [Worker-9: Updating Maven Project] INFO  o.e.m.j.i.AbstractJavaProjectConfigurator - Adding source folder /Project-10/src/test/java
2025-07-14 16:43:57,548 [Worker-9: Updating Maven Project] INFO  o.e.m.c.i.p.ProjectConfigurationManager - Update completed: 3 sec
2025-07-14 16:43:59,599 [Worker-10: Building workspace] INFO  o.e.m.c.i.embedder.EclipseLogger - Using 'UTF-8' encoding to copy filtered resources.
2025-07-14 16:43:59,600 [Worker-10: Building workspace] INFO  o.e.m.c.i.embedder.EclipseLogger - Copying 1 resource
2025-07-14 16:43:59,620 [Worker-10: Building workspace] INFO  o.e.m.c.i.embedder.EclipseLogger - Copying 1 resource
2025-07-14 16:43:59,634 [Worker-10: Building workspace] INFO  o.e.m.c.i.embedder.EclipseLogger - Using 'UTF-8' encoding to copy filtered resources.
2025-07-14 16:43:59,641 [Worker-10: Building workspace] INFO  o.e.m.c.i.embedder.EclipseLogger - skip non existing resourceDirectory C:\Users\abeet\Desktop\WorkSpace\Project-10\Project_10\ORSProj10\Project-10\src\test\resources
2025-07-14 17:06:58,117 [Worker-24: Building workspace] INFO  o.e.m.c.i.l.LifecycleMappingFactory - Using org.eclipse.m2e.jdt.JarLifecycleMapping lifecycle mapping for MavenProject: com.sunilos:springboottest:0.0.1-SNAPSHOT @ C:\Users\abeet\Desktop\WorkSpace\Project-10\Project_10\ORSProj10\Project-10\pom.xml.
2025-07-14 17:06:59,881 [Worker-24: Building workspace] INFO  o.e.m.c.i.embedder.EclipseLogger - Using 'UTF-8' encoding to copy filtered resources.
2025-07-14 17:06:59,890 [Worker-24: Building workspace] INFO  o.e.m.c.i.embedder.EclipseLogger - Copying 1 resource
2025-07-14 17:06:59,915 [Worker-24: Building workspace] INFO  o.e.m.c.i.embedder.EclipseLogger - Copying 1 resource
2025-07-14 17:06:59,921 [Worker-24: Building workspace] INFO  o.e.m.c.i.embedder.EclipseLogger - Using 'UTF-8' encoding to copy filtered resources.
2025-07-14 17:06:59,922 [Worker-24: Building workspace] INFO  o.e.m.c.i.embedder.EclipseLogger - skip non existing resourceDirectory C:\Users\abeet\Desktop\WorkSpace\Project-10\Project_10\ORSProj10\Project-10\src\test\resources
2025-07-22 15:54:03,576 [Worker-2: Loading available Gradle versions] INFO  o.e.b.c.i.u.g.PublishedGradleVersions - Gradle version information cache is out-of-date. Trying to update.
2025-07-22 15:54:07,259 [Worker-8: Updating Maven Dependencies] INFO  o.e.m.c.i.l.LifecycleMappingFactory - Using org.eclipse.m2e.jdt.JarLifecycleMapping lifecycle mapping for MavenProject: com.sunilos:springboottest:0.0.1-SNAPSHOT @ C:\Users\abeet\Desktop\WorkSpace\Project-10\Project_10\ORSProj10\Project-10\pom.xml.
2025-07-22 15:54:16,457 [Worker-5: Building workspace] INFO  o.e.m.c.i.embedder.EclipseLogger - Using 'UTF-8' encoding to copy filtered resources.
2025-07-22 15:54:16,467 [Worker-5: Building workspace] INFO  o.e.m.c.i.embedder.EclipseLogger - Copying 1 resource
2025-07-22 15:54:16,493 [Worker-5: Building workspace] INFO  o.e.m.c.i.embedder.EclipseLogger - Copying 1 resource
2025-07-22 15:54:16,499 [Worker-5: Building workspace] INFO  o.e.m.c.i.embedder.EclipseLogger - Using 'UTF-8' encoding to copy filtered resources.
2025-07-22 15:54:16,500 [Worker-5: Building workspace] INFO  o.e.m.c.i.embedder.EclipseLogger - skip non existing resourceDirectory C:\Users\abeet\Desktop\WorkSpace\Project-10\Project_10\ORSProj10\Project-10\src\test\resources
2025-07-22 15:58:43,128 [Worker-17: Updating Maven Project] INFO  o.e.m.c.i.p.ProjectConfigurationManager - Update started
2025-07-22 15:58:44,535 [Worker-17: Updating Maven Project] INFO  o.e.m.c.i.l.LifecycleMappingFactory - Using org.eclipse.m2e.jdt.JarLifecycleMapping lifecycle mapping for MavenProject: com.sunilos:springboottest:0.0.1-SNAPSHOT @ C:\Users\abeet\Desktop\WorkSpace\Project-10\Project_10\ORSProj10\Project-10\pom.xml.
2025-07-22 15:58:46,045 [Worker-17: Updating Maven Project] INFO  o.e.m.j.i.AbstractJavaProjectConfigurator - Adding source folder /Project-10/src/main/java
2025-07-22 15:58:46,046 [Worker-17: Updating Maven Project] INFO  o.e.m.j.i.AbstractJavaProjectConfigurator - Adding resource folder /Project-10/src/main/resources
2025-07-22 15:58:46,046 [Worker-17: Updating Maven Project] INFO  o.e.m.j.i.AbstractJavaProjectConfigurator - Adding resource folder /Project-10/src/main/resources
2025-07-22 15:58:46,048 [Worker-17: Updating Maven Project] INFO  o.e.m.j.i.AbstractJavaProjectConfigurator - Adding source folder /Project-10/src/test/java
2025-07-22 15:58:46,922 [Worker-17: Updating Maven Project] INFO  o.e.m.c.i.p.ProjectConfigurationManager - Update completed: 3 sec
2025-07-22 15:58:49,648 [Worker-21: Building workspace] INFO  o.e.m.c.i.embedder.EclipseLogger - Using 'UTF-8' encoding to copy filtered resources.
2025-07-22 15:58:49,650 [Worker-21: Building workspace] INFO  o.e.m.c.i.embedder.EclipseLogger - Copying 1 resource
2025-07-22 15:58:49,689 [Worker-21: Building workspace] INFO  o.e.m.c.i.embedder.EclipseLogger - Copying 1 resource
2025-07-22 15:58:49,705 [Worker-21: Building workspace] INFO  o.e.m.c.i.embedder.EclipseLogger - Using 'UTF-8' encoding to copy filtered resources.
2025-07-22 15:58:49,706 [Worker-21: Building workspace] INFO  o.e.m.c.i.embedder.EclipseLogger - skip non existing resourceDirectory C:\Users\abeet\Desktop\WorkSpace\Project-10\Project_10\ORSProj10\Project-10\src\test\resources
2025-07-23 16:01:01,235 [Worker-3: Loading available Gradle versions] INFO  o.e.b.c.i.u.g.PublishedGradleVersions - Gradle version information cache is out-of-date. Trying to update.
2025-07-23 16:10:25,725 [Worker-18: Building workspace] INFO  o.e.m.c.i.embedder.EclipseLogger - Using 'UTF-8' encoding to copy filtered resources.
2025-07-23 16:10:25,729 [Worker-18: Building workspace] INFO  o.e.m.c.i.embedder.EclipseLogger - Copying 1 resource
2025-07-23 16:10:25,741 [Worker-18: Building workspace] INFO  o.e.m.c.i.embedder.EclipseLogger - Copying 1 resource
2025-07-23 16:10:25,744 [Worker-18: Building workspace] INFO  o.e.m.c.i.embedder.EclipseLogger - Using 'UTF-8' encoding to copy filtered resources.
2025-07-23 16:10:25,744 [Worker-18: Building workspace] INFO  o.e.m.c.i.embedder.EclipseLogger - skip non existing resourceDirectory C:\Users\abeet\Desktop\WorkSpace\Project-10\Project_10\ORSProj10\Project-10\src\test\resources
2025-07-23 16:11:41,027 [Worker-20: Building workspace] INFO  o.e.m.c.i.embedder.EclipseLogger - Using 'UTF-8' encoding to copy filtered resources.
2025-07-23 16:11:41,031 [Worker-20: Building workspace] INFO  o.e.m.c.i.embedder.EclipseLogger - Copying 1 resource
2025-07-23 16:11:41,033 [Worker-20: Building workspace] INFO  o.e.m.c.i.embedder.EclipseLogger - Copying 1 resource
2025-07-23 16:11:41,035 [Worker-20: Building workspace] INFO  o.e.m.c.i.embedder.EclipseLogger - Using 'UTF-8' encoding to copy filtered resources.
2025-07-23 16:11:41,035 [Worker-20: Building workspace] INFO  o.e.m.c.i.embedder.EclipseLogger - skip non existing resourceDirectory C:\Users\abeet\Desktop\WorkSpace\Project-10\Project_10\ORSProj10\Project-10\src\test\resources
2025-07-23 16:12:39,648 [Worker-18: Building workspace] INFO  o.e.m.c.i.embedder.EclipseLogger - Using 'UTF-8' encoding to copy filtered resources.
2025-07-23 16:12:39,649 [Worker-18: Building workspace] INFO  o.e.m.c.i.embedder.EclipseLogger - Copying 1 resource
2025-07-23 16:12:39,652 [Worker-18: Building workspace] INFO  o.e.m.c.i.embedder.EclipseLogger - Copying 1 resource
2025-07-23 16:12:39,653 [Worker-18: Building workspace] INFO  o.e.m.c.i.embedder.EclipseLogger - Using 'UTF-8' encoding to copy filtered resources.
2025-07-23 16:12:39,653 [Worker-18: Building workspace] INFO  o.e.m.c.i.embedder.EclipseLogger - skip non existing resourceDirectory C:\Users\abeet\Desktop\WorkSpace\Project-10\Project_10\ORSProj10\Project-10\src\test\resources
2025-07-23 16:13:34,940 [Worker-19: Building workspace] INFO  o.e.m.c.i.embedder.EclipseLogger - Using 'UTF-8' encoding to copy filtered resources.
2025-07-23 16:13:34,941 [Worker-19: Building workspace] INFO  o.e.m.c.i.embedder.EclipseLogger - Copying 1 resource
2025-07-23 16:13:34,943 [Worker-19: Building workspace] INFO  o.e.m.c.i.embedder.EclipseLogger - Copying 1 resource
2025-07-23 16:13:34,945 [Worker-19: Building workspace] INFO  o.e.m.c.i.embedder.EclipseLogger - Using 'UTF-8' encoding to copy filtered resources.
2025-07-23 16:13:34,945 [Worker-19: Building workspace] INFO  o.e.m.c.i.embedder.EclipseLogger - skip non existing resourceDirectory C:\Users\abeet\Desktop\WorkSpace\Project-10\Project_10\ORSProj10\Project-10\src\test\resources
2025-07-23 16:14:46,182 [Worker-17: Building workspace] INFO  o.e.m.c.i.embedder.EclipseLogger - Using 'UTF-8' encoding to copy filtered resources.
2025-07-23 16:14:46,184 [Worker-17: Building workspace] INFO  o.e.m.c.i.embedder.EclipseLogger - Copying 1 resource
2025-07-23 16:14:46,186 [Worker-17: Building workspace] INFO  o.e.m.c.i.embedder.EclipseLogger - Copying 1 resource
2025-07-23 16:14:46,188 [Worker-17: Building workspace] INFO  o.e.m.c.i.embedder.EclipseLogger - Using 'UTF-8' encoding to copy filtered resources.
2025-07-23 16:14:46,188 [Worker-17: Building workspace] INFO  o.e.m.c.i.embedder.EclipseLogger - skip non existing resourceDirectory C:\Users\abeet\Desktop\WorkSpace\Project-10\Project_10\ORSProj10\Project-10\src\test\resources
2025-07-23 16:17:17,238 [Worker-19: Building workspace] INFO  o.e.m.c.i.embedder.EclipseLogger - Using 'UTF-8' encoding to copy filtered resources.
2025-07-23 16:17:17,240 [Worker-19: Building workspace] INFO  o.e.m.c.i.embedder.EclipseLogger - Copying 1 resource
2025-07-23 16:17:17,244 [Worker-19: Building workspace] INFO  o.e.m.c.i.embedder.EclipseLogger - Copying 1 resource
2025-07-23 16:17:17,248 [Worker-19: Building workspace] INFO  o.e.m.c.i.embedder.EclipseLogger - Using 'UTF-8' encoding to copy filtered resources.
2025-07-23 16:17:17,248 [Worker-19: Building workspace] INFO  o.e.m.c.i.embedder.EclipseLogger - skip non existing resourceDirectory C:\Users\abeet\Desktop\WorkSpace\Project-10\Project_10\ORSProj10\Project-10\src\test\resources
2025-07-23 16:17:39,168 [Worker-18: Building workspace] INFO  o.e.m.c.i.embedder.EclipseLogger - Using 'UTF-8' encoding to copy filtered resources.
2025-07-23 16:17:39,170 [Worker-18: Building workspace] INFO  o.e.m.c.i.embedder.EclipseLogger - Copying 1 resource
2025-07-23 16:17:39,179 [Worker-18: Building workspace] INFO  o.e.m.c.i.embedder.EclipseLogger - Copying 1 resource
2025-07-23 16:17:39,183 [Worker-18: Building workspace] INFO  o.e.m.c.i.embedder.EclipseLogger - Using 'UTF-8' encoding to copy filtered resources.
2025-07-23 16:17:39,183 [Worker-18: Building workspace] INFO  o.e.m.c.i.embedder.EclipseLogger - skip non existing resourceDirectory C:\Users\abeet\Desktop\WorkSpace\Project-10\Project_10\ORSProj10\Project-10\src\test\resources
2025-07-23 16:18:04,657 [Worker-16: Building workspace] INFO  o.e.m.c.i.embedder.EclipseLogger - Using 'UTF-8' encoding to copy filtered resources.
2025-07-23 16:18:04,659 [Worker-16: Building workspace] INFO  o.e.m.c.i.embedder.EclipseLogger - Copying 1 resource
2025-07-23 16:18:04,667 [Worker-16: Building workspace] INFO  o.e.m.c.i.embedder.EclipseLogger - Copying 1 resource
2025-07-23 16:18:04,673 [Worker-16: Building workspace] INFO  o.e.m.c.i.embedder.EclipseLogger - Using 'UTF-8' encoding to copy filtered resources.
2025-07-23 16:18:04,674 [Worker-16: Building workspace] INFO  o.e.m.c.i.embedder.EclipseLogger - skip non existing resourceDirectory C:\Users\abeet\Desktop\WorkSpace\Project-10\Project_10\ORSProj10\Project-10\src\test\resources
2025-07-23 17:13:07,515 [Worker-21: Building workspace] INFO  o.e.m.c.i.embedder.EclipseLogger - Using 'UTF-8' encoding to copy filtered resources.
2025-07-23 17:13:07,516 [Worker-21: Building workspace] INFO  o.e.m.c.i.embedder.EclipseLogger - Copying 1 resource
2025-07-23 17:13:07,519 [Worker-21: Building workspace] INFO  o.e.m.c.i.embedder.EclipseLogger - Copying 1 resource
2025-07-23 17:13:07,521 [Worker-21: Building workspace] INFO  o.e.m.c.i.embedder.EclipseLogger - Using 'UTF-8' encoding to copy filtered resources.
2025-07-23 17:13:07,521 [Worker-21: Building workspace] INFO  o.e.m.c.i.embedder.EclipseLogger - skip non existing resourceDirectory C:\Users\abeet\Desktop\WorkSpace\Project-10\Project_10\ORSProj10\Project-10\src\test\resources
2025-07-23 17:13:57,871 [Worker-19: Building workspace] INFO  o.e.m.c.i.embedder.EclipseLogger - Using 'UTF-8' encoding to copy filtered resources.
2025-07-23 17:13:57,872 [Worker-19: Building workspace] INFO  o.e.m.c.i.embedder.EclipseLogger - Copying 1 resource
2025-07-23 17:13:57,874 [Worker-19: Building workspace] INFO  o.e.m.c.i.embedder.EclipseLogger - Copying 1 resource
2025-07-23 17:13:57,876 [Worker-19: Building workspace] INFO  o.e.m.c.i.embedder.EclipseLogger - Using 'UTF-8' encoding to copy filtered resources.
2025-07-23 17:13:57,876 [Worker-19: Building workspace] INFO  o.e.m.c.i.embedder.EclipseLogger - skip non existing resourceDirectory C:\Users\abeet\Desktop\WorkSpace\Project-10\Project_10\ORSProj10\Project-10\src\test\resources
2025-07-23 17:14:16,267 [Worker-21: Building workspace] INFO  o.e.m.c.i.embedder.EclipseLogger - Using 'UTF-8' encoding to copy filtered resources.
2025-07-23 17:14:16,268 [Worker-21: Building workspace] INFO  o.e.m.c.i.embedder.EclipseLogger - Copying 1 resource
2025-07-23 17:14:16,270 [Worker-21: Building workspace] INFO  o.e.m.c.i.embedder.EclipseLogger - Copying 1 resource
2025-07-23 17:14:16,271 [Worker-21: Building workspace] INFO  o.e.m.c.i.embedder.EclipseLogger - Using 'UTF-8' encoding to copy filtered resources.
2025-07-23 17:14:16,271 [Worker-21: Building workspace] INFO  o.e.m.c.i.embedder.EclipseLogger - skip non existing resourceDirectory C:\Users\abeet\Desktop\WorkSpace\Project-10\Project_10\ORSProj10\Project-10\src\test\resources
2025-07-23 17:15:55,159 [Worker-22: Building workspace] INFO  o.e.m.c.i.embedder.EclipseLogger - Using 'UTF-8' encoding to copy filtered resources.
2025-07-23 17:15:55,160 [Worker-22: Building workspace] INFO  o.e.m.c.i.embedder.EclipseLogger - Copying 1 resource
2025-07-23 17:15:55,168 [Worker-22: Building workspace] INFO  o.e.m.c.i.embedder.EclipseLogger - Copying 1 resource
2025-07-23 17:15:55,170 [Worker-22: Building workspace] INFO  o.e.m.c.i.embedder.EclipseLogger - Using 'UTF-8' encoding to copy filtered resources.
2025-07-23 17:15:55,170 [Worker-22: Building workspace] INFO  o.e.m.c.i.embedder.EclipseLogger - skip non existing resourceDirectory C:\Users\abeet\Desktop\WorkSpace\Project-10\Project_10\ORSProj10\Project-10\src\test\resources
2025-07-23 17:16:51,173 [Worker-21: Building workspace] INFO  o.e.m.c.i.embedder.EclipseLogger - Using 'UTF-8' encoding to copy filtered resources.
2025-07-23 17:16:51,174 [Worker-21: Building workspace] INFO  o.e.m.c.i.embedder.EclipseLogger - Copying 1 resource
2025-07-23 17:16:51,176 [Worker-21: Building workspace] INFO  o.e.m.c.i.embedder.EclipseLogger - Copying 1 resource
2025-07-23 17:16:51,177 [Worker-21: Building workspace] INFO  o.e.m.c.i.embedder.EclipseLogger - Using 'UTF-8' encoding to copy filtered resources.
2025-07-23 17:16:51,177 [Worker-21: Building workspace] INFO  o.e.m.c.i.embedder.EclipseLogger - skip non existing resourceDirectory C:\Users\abeet\Desktop\WorkSpace\Project-10\Project_10\ORSProj10\Project-10\src\test\resources
2025-07-23 17:18:05,883 [Worker-21: Building workspace] INFO  o.e.m.c.i.embedder.EclipseLogger - Using 'UTF-8' encoding to copy filtered resources.
2025-07-23 17:18:05,884 [Worker-21: Building workspace] INFO  o.e.m.c.i.embedder.EclipseLogger - Copying 1 resource
2025-07-23 17:18:05,885 [Worker-21: Building workspace] INFO  o.e.m.c.i.embedder.EclipseLogger - Copying 1 resource
2025-07-23 17:18:05,888 [Worker-21: Building workspace] INFO  o.e.m.c.i.embedder.EclipseLogger - Using 'UTF-8' encoding to copy filtered resources.
2025-07-23 17:18:05,888 [Worker-21: Building workspace] INFO  o.e.m.c.i.embedder.EclipseLogger - skip non existing resourceDirectory C:\Users\abeet\Desktop\WorkSpace\Project-10\Project_10\ORSProj10\Project-10\src\test\resources
2025-07-23 17:19:18,402 [Worker-23: Building workspace] INFO  o.e.m.c.i.embedder.EclipseLogger - Using 'UTF-8' encoding to copy filtered resources.
2025-07-23 17:19:18,403 [Worker-23: Building workspace] INFO  o.e.m.c.i.embedder.EclipseLogger - Copying 1 resource
2025-07-23 17:19:18,405 [Worker-23: Building workspace] INFO  o.e.m.c.i.embedder.EclipseLogger - Copying 1 resource
2025-07-23 17:19:18,407 [Worker-23: Building workspace] INFO  o.e.m.c.i.embedder.EclipseLogger - Using 'UTF-8' encoding to copy filtered resources.
2025-07-23 17:19:18,407 [Worker-23: Building workspace] INFO  o.e.m.c.i.embedder.EclipseLogger - skip non existing resourceDirectory C:\Users\abeet\Desktop\WorkSpace\Project-10\Project_10\ORSProj10\Project-10\src\test\resources
2025-07-23 17:22:08,124 [Worker-21: Building workspace] INFO  o.e.m.c.i.embedder.EclipseLogger - Using 'UTF-8' encoding to copy filtered resources.
2025-07-23 17:22:08,124 [Worker-21: Building workspace] INFO  o.e.m.c.i.embedder.EclipseLogger - Copying 1 resource
2025-07-23 17:22:08,126 [Worker-21: Building workspace] INFO  o.e.m.c.i.embedder.EclipseLogger - Copying 1 resource
2025-07-23 17:22:08,129 [Worker-21: Building workspace] INFO  o.e.m.c.i.embedder.EclipseLogger - Using 'UTF-8' encoding to copy filtered resources.
2025-07-23 17:22:08,129 [Worker-21: Building workspace] INFO  o.e.m.c.i.embedder.EclipseLogger - skip non existing resourceDirectory C:\Users\abeet\Desktop\WorkSpace\Project-10\Project_10\ORSProj10\Project-10\src\test\resources
2025-07-23 17:24:08,975 [Worker-23: Building workspace] INFO  o.e.m.c.i.embedder.EclipseLogger - Using 'UTF-8' encoding to copy filtered resources.
2025-07-23 17:24:08,976 [Worker-23: Building workspace] INFO  o.e.m.c.i.embedder.EclipseLogger - Copying 1 resource
2025-07-23 17:24:08,979 [Worker-23: Building workspace] INFO  o.e.m.c.i.embedder.EclipseLogger - Copying 1 resource
2025-07-23 17:24:08,980 [Worker-23: Building workspace] INFO  o.e.m.c.i.embedder.EclipseLogger - Using 'UTF-8' encoding to copy filtered resources.
2025-07-23 17:24:08,980 [Worker-23: Building workspace] INFO  o.e.m.c.i.embedder.EclipseLogger - skip non existing resourceDirectory C:\Users\abeet\Desktop\WorkSpace\Project-10\Project_10\ORSProj10\Project-10\src\test\resources
2025-07-23 17:28:00,140 [Worker-28: Building workspace] INFO  o.e.m.c.i.embedder.EclipseLogger - Using 'UTF-8' encoding to copy filtered resources.
2025-07-23 17:28:00,141 [Worker-28: Building workspace] INFO  o.e.m.c.i.embedder.EclipseLogger - Copying 1 resource
2025-07-23 17:28:00,144 [Worker-28: Building workspace] INFO  o.e.m.c.i.embedder.EclipseLogger - Copying 1 resource
2025-07-23 17:28:00,146 [Worker-28: Building workspace] INFO  o.e.m.c.i.embedder.EclipseLogger - Using 'UTF-8' encoding to copy filtered resources.
2025-07-23 17:28:00,146 [Worker-28: Building workspace] INFO  o.e.m.c.i.embedder.EclipseLogger - skip non existing resourceDirectory C:\Users\abeet\Desktop\WorkSpace\Project-10\Project_10\ORSProj10\Project-10\src\test\resources
2025-07-23 17:28:32,215 [Worker-21: Building workspace] INFO  o.e.m.c.i.embedder.EclipseLogger - Using 'UTF-8' encoding to copy filtered resources.
2025-07-23 17:28:32,216 [Worker-21: Building workspace] INFO  o.e.m.c.i.embedder.EclipseLogger - Copying 1 resource
2025-07-23 17:28:32,218 [Worker-21: Building workspace] INFO  o.e.m.c.i.embedder.EclipseLogger - Copying 1 resource
2025-07-23 17:28:32,219 [Worker-21: Building workspace] INFO  o.e.m.c.i.embedder.EclipseLogger - Using 'UTF-8' encoding to copy filtered resources.
2025-07-23 17:28:32,219 [Worker-21: Building workspace] INFO  o.e.m.c.i.embedder.EclipseLogger - skip non existing resourceDirectory C:\Users\abeet\Desktop\WorkSpace\Project-10\Project_10\ORSProj10\Project-10\src\test\resources
2025-07-23 17:29:27,316 [Worker-25: Building workspace] INFO  o.e.m.c.i.embedder.EclipseLogger - Using 'UTF-8' encoding to copy filtered resources.
2025-07-23 17:29:27,317 [Worker-25: Building workspace] INFO  o.e.m.c.i.embedder.EclipseLogger - Copying 1 resource
2025-07-23 17:29:27,318 [Worker-25: Building workspace] INFO  o.e.m.c.i.embedder.EclipseLogger - Copying 1 resource
2025-07-23 17:29:27,320 [Worker-25: Building workspace] INFO  o.e.m.c.i.embedder.EclipseLogger - Using 'UTF-8' encoding to copy filtered resources.
2025-07-23 17:29:27,320 [Worker-25: Building workspace] INFO  o.e.m.c.i.embedder.EclipseLogger - skip non existing resourceDirectory C:\Users\abeet\Desktop\WorkSpace\Project-10\Project_10\ORSProj10\Project-10\src\test\resources
2025-07-23 17:30:10,556 [Worker-27: Building workspace] INFO  o.e.m.c.i.embedder.EclipseLogger - Using 'UTF-8' encoding to copy filtered resources.
2025-07-23 17:30:10,557 [Worker-27: Building workspace] INFO  o.e.m.c.i.embedder.EclipseLogger - Copying 1 resource
2025-07-23 17:30:10,560 [Worker-27: Building workspace] INFO  o.e.m.c.i.embedder.EclipseLogger - Copying 1 resource
2025-07-23 17:30:10,562 [Worker-27: Building workspace] INFO  o.e.m.c.i.embedder.EclipseLogger - Using 'UTF-8' encoding to copy filtered resources.
2025-07-23 17:30:10,563 [Worker-27: Building workspace] INFO  o.e.m.c.i.embedder.EclipseLogger - skip non existing resourceDirectory C:\Users\abeet\Desktop\WorkSpace\Project-10\Project_10\ORSProj10\Project-10\src\test\resources
2025-07-23 17:30:17,356 [Worker-21: Building workspace] INFO  o.e.m.c.i.embedder.EclipseLogger - Using 'UTF-8' encoding to copy filtered resources.
2025-07-23 17:30:17,356 [Worker-21: Building workspace] INFO  o.e.m.c.i.embedder.EclipseLogger - Copying 1 resource
2025-07-23 17:30:17,358 [Worker-21: Building workspace] INFO  o.e.m.c.i.embedder.EclipseLogger - Copying 1 resource
2025-07-23 17:30:17,359 [Worker-21: Building workspace] INFO  o.e.m.c.i.embedder.EclipseLogger - Using 'UTF-8' encoding to copy filtered resources.
2025-07-23 17:30:17,360 [Worker-21: Building workspace] INFO  o.e.m.c.i.embedder.EclipseLogger - skip non existing resourceDirectory C:\Users\abeet\Desktop\WorkSpace\Project-10\Project_10\ORSProj10\Project-10\src\test\resources
2025-07-23 17:30:40,184 [Worker-29: Building workspace] INFO  o.e.m.c.i.embedder.EclipseLogger - Using 'UTF-8' encoding to copy filtered resources.
2025-07-23 17:30:40,186 [Worker-29: Building workspace] INFO  o.e.m.c.i.embedder.EclipseLogger - Copying 1 resource
2025-07-23 17:30:40,188 [Worker-29: Building workspace] INFO  o.e.m.c.i.embedder.EclipseLogger - Copying 1 resource
2025-07-23 17:30:40,191 [Worker-29: Building workspace] INFO  o.e.m.c.i.embedder.EclipseLogger - Using 'UTF-8' encoding to copy filtered resources.
2025-07-23 17:30:40,192 [Worker-29: Building workspace] INFO  o.e.m.c.i.embedder.EclipseLogger - skip non existing resourceDirectory C:\Users\abeet\Desktop\WorkSpace\Project-10\Project_10\ORSProj10\Project-10\src\test\resources
2025-07-23 17:32:22,216 [Worker-27: Building workspace] INFO  o.e.m.c.i.embedder.EclipseLogger - Using 'UTF-8' encoding to copy filtered resources.
2025-07-23 17:32:22,216 [Worker-27: Building workspace] INFO  o.e.m.c.i.embedder.EclipseLogger - Copying 1 resource
2025-07-23 17:32:22,218 [Worker-27: Building workspace] INFO  o.e.m.c.i.embedder.EclipseLogger - Copying 1 resource
2025-07-23 17:32:22,220 [Worker-27: Building workspace] INFO  o.e.m.c.i.embedder.EclipseLogger - Using 'UTF-8' encoding to copy filtered resources.
2025-07-23 17:32:22,220 [Worker-27: Building workspace] INFO  o.e.m.c.i.embedder.EclipseLogger - skip non existing resourceDirectory C:\Users\abeet\Desktop\WorkSpace\Project-10\Project_10\ORSProj10\Project-10\src\test\resources
2025-07-23 17:33:36,233 [Worker-30: Building workspace] INFO  o.e.m.c.i.embedder.EclipseLogger - Using 'UTF-8' encoding to copy filtered resources.
2025-07-23 17:33:36,234 [Worker-30: Building workspace] INFO  o.e.m.c.i.embedder.EclipseLogger - Copying 1 resource
2025-07-23 17:33:36,236 [Worker-30: Building workspace] INFO  o.e.m.c.i.embedder.EclipseLogger - Copying 1 resource
2025-07-23 17:33:36,238 [Worker-30: Building workspace] INFO  o.e.m.c.i.embedder.EclipseLogger - Using 'UTF-8' encoding to copy filtered resources.
2025-07-23 17:33:36,238 [Worker-30: Building workspace] INFO  o.e.m.c.i.embedder.EclipseLogger - skip non existing resourceDirectory C:\Users\abeet\Desktop\WorkSpace\Project-10\Project_10\ORSProj10\Project-10\src\test\resources
2025-07-23 17:34:30,386 [Worker-30: Building workspace] INFO  o.e.m.c.i.embedder.EclipseLogger - Using 'UTF-8' encoding to copy filtered resources.
2025-07-23 17:34:30,386 [Worker-30: Building workspace] INFO  o.e.m.c.i.embedder.EclipseLogger - Copying 1 resource
2025-07-23 17:34:30,388 [Worker-30: Building workspace] INFO  o.e.m.c.i.embedder.EclipseLogger - Copying 1 resource
2025-07-23 17:34:30,389 [Worker-30: Building workspace] INFO  o.e.m.c.i.embedder.EclipseLogger - Using 'UTF-8' encoding to copy filtered resources.
2025-07-23 17:34:30,389 [Worker-30: Building workspace] INFO  o.e.m.c.i.embedder.EclipseLogger - skip non existing resourceDirectory C:\Users\abeet\Desktop\WorkSpace\Project-10\Project_10\ORSProj10\Project-10\src\test\resources
2025-07-23 17:34:39,560 [Worker-30: Building workspace] INFO  o.e.m.c.i.embedder.EclipseLogger - Using 'UTF-8' encoding to copy filtered resources.
2025-07-23 17:34:39,560 [Worker-30: Building workspace] INFO  o.e.m.c.i.embedder.EclipseLogger - Copying 1 resource
2025-07-23 17:34:39,562 [Worker-30: Building workspace] INFO  o.e.m.c.i.embedder.EclipseLogger - Copying 1 resource
2025-07-23 17:34:39,565 [Worker-30: Building workspace] INFO  o.e.m.c.i.embedder.EclipseLogger - Using 'UTF-8' encoding to copy filtered resources.
2025-07-23 17:34:39,565 [Worker-30: Building workspace] INFO  o.e.m.c.i.embedder.EclipseLogger - skip non existing resourceDirectory C:\Users\abeet\Desktop\WorkSpace\Project-10\Project_10\ORSProj10\Project-10\src\test\resources
2025-07-23 17:35:47,770 [Worker-32: Building workspace] INFO  o.e.m.c.i.embedder.EclipseLogger - Using 'UTF-8' encoding to copy filtered resources.
2025-07-23 17:35:47,771 [Worker-32: Building workspace] INFO  o.e.m.c.i.embedder.EclipseLogger - Copying 1 resource
2025-07-23 17:35:47,773 [Worker-32: Building workspace] INFO  o.e.m.c.i.embedder.EclipseLogger - Copying 1 resource
2025-07-23 17:35:47,774 [Worker-32: Building workspace] INFO  o.e.m.c.i.embedder.EclipseLogger - Using 'UTF-8' encoding to copy filtered resources.
2025-07-23 17:35:47,774 [Worker-32: Building workspace] INFO  o.e.m.c.i.embedder.EclipseLogger - skip non existing resourceDirectory C:\Users\abeet\Desktop\WorkSpace\Project-10\Project_10\ORSProj10\Project-10\src\test\resources
2025-07-23 17:39:01,629 [Worker-30: Building workspace] INFO  o.e.m.c.i.embedder.EclipseLogger - Using 'UTF-8' encoding to copy filtered resources.
2025-07-23 17:39:01,630 [Worker-30: Building workspace] INFO  o.e.m.c.i.embedder.EclipseLogger - Copying 1 resource
2025-07-23 17:39:01,632 [Worker-30: Building workspace] INFO  o.e.m.c.i.embedder.EclipseLogger - Copying 1 resource
2025-07-23 17:39:01,633 [Worker-30: Building workspace] INFO  o.e.m.c.i.embedder.EclipseLogger - Using 'UTF-8' encoding to copy filtered resources.
2025-07-23 17:39:01,633 [Worker-30: Building workspace] INFO  o.e.m.c.i.embedder.EclipseLogger - skip non existing resourceDirectory C:\Users\abeet\Desktop\WorkSpace\Project-10\Project_10\ORSProj10\Project-10\src\test\resources
2025-07-23 17:39:10,945 [Worker-36: Building workspace] INFO  o.e.m.c.i.embedder.EclipseLogger - Using 'UTF-8' encoding to copy filtered resources.
2025-07-23 17:39:10,946 [Worker-36: Building workspace] INFO  o.e.m.c.i.embedder.EclipseLogger - Copying 1 resource
2025-07-23 17:39:10,948 [Worker-36: Building workspace] INFO  o.e.m.c.i.embedder.EclipseLogger - Copying 1 resource
2025-07-23 17:39:10,949 [Worker-36: Building workspace] INFO  o.e.m.c.i.embedder.EclipseLogger - Using 'UTF-8' encoding to copy filtered resources.
2025-07-23 17:39:10,950 [Worker-36: Building workspace] INFO  o.e.m.c.i.embedder.EclipseLogger - skip non existing resourceDirectory C:\Users\abeet\Desktop\WorkSpace\Project-10\Project_10\ORSProj10\Project-10\src\test\resources
2025-07-23 17:39:21,309 [Worker-34: Building workspace] INFO  o.e.m.c.i.embedder.EclipseLogger - Using 'UTF-8' encoding to copy filtered resources.
2025-07-23 17:39:21,310 [Worker-34: Building workspace] INFO  o.e.m.c.i.embedder.EclipseLogger - Copying 1 resource
2025-07-23 17:39:21,312 [Worker-34: Building workspace] INFO  o.e.m.c.i.embedder.EclipseLogger - Copying 1 resource
2025-07-23 17:39:21,314 [Worker-34: Building workspace] INFO  o.e.m.c.i.embedder.EclipseLogger - Using 'UTF-8' encoding to copy filtered resources.
2025-07-23 17:39:21,314 [Worker-34: Building workspace] INFO  o.e.m.c.i.embedder.EclipseLogger - skip non existing resourceDirectory C:\Users\abeet\Desktop\WorkSpace\Project-10\Project_10\ORSProj10\Project-10\src\test\resources
2025-07-23 17:40:07,723 [Worker-32: Building workspace] INFO  o.e.m.c.i.embedder.EclipseLogger - Using 'UTF-8' encoding to copy filtered resources.
2025-07-23 17:40:07,724 [Worker-32: Building workspace] INFO  o.e.m.c.i.embedder.EclipseLogger - Copying 1 resource
2025-07-23 17:40:07,726 [Worker-32: Building workspace] INFO  o.e.m.c.i.embedder.EclipseLogger - Copying 1 resource
2025-07-23 17:40:07,727 [Worker-32: Building workspace] INFO  o.e.m.c.i.embedder.EclipseLogger - Using 'UTF-8' encoding to copy filtered resources.
2025-07-23 17:40:07,727 [Worker-32: Building workspace] INFO  o.e.m.c.i.embedder.EclipseLogger - skip non existing resourceDirectory C:\Users\abeet\Desktop\WorkSpace\Project-10\Project_10\ORSProj10\Project-10\src\test\resources
2025-07-23 17:40:24,027 [Worker-34: Building workspace] INFO  o.e.m.c.i.embedder.EclipseLogger - Using 'UTF-8' encoding to copy filtered resources.
2025-07-23 17:40:24,028 [Worker-34: Building workspace] INFO  o.e.m.c.i.embedder.EclipseLogger - Copying 1 resource
2025-07-23 17:40:24,030 [Worker-34: Building workspace] INFO  o.e.m.c.i.embedder.EclipseLogger - Copying 1 resource
2025-07-23 17:40:24,032 [Worker-34: Building workspace] INFO  o.e.m.c.i.embedder.EclipseLogger - Using 'UTF-8' encoding to copy filtered resources.
2025-07-23 17:40:24,032 [Worker-34: Building workspace] INFO  o.e.m.c.i.embedder.EclipseLogger - skip non existing resourceDirectory C:\Users\abeet\Desktop\WorkSpace\Project-10\Project_10\ORSProj10\Project-10\src\test\resources
2025-07-23 17:40:35,186 [Worker-36: Building workspace] INFO  o.e.m.c.i.embedder.EclipseLogger - Using 'UTF-8' encoding to copy filtered resources.
2025-07-23 17:40:35,187 [Worker-36: Building workspace] INFO  o.e.m.c.i.embedder.EclipseLogger - Copying 1 resource
2025-07-23 17:40:35,189 [Worker-36: Building workspace] INFO  o.e.m.c.i.embedder.EclipseLogger - Copying 1 resource
2025-07-23 17:40:35,190 [Worker-36: Building workspace] INFO  o.e.m.c.i.embedder.EclipseLogger - Using 'UTF-8' encoding to copy filtered resources.
2025-07-23 17:40:35,190 [Worker-36: Building workspace] INFO  o.e.m.c.i.embedder.EclipseLogger - skip non existing resourceDirectory C:\Users\abeet\Desktop\WorkSpace\Project-10\Project_10\ORSProj10\Project-10\src\test\resources
2025-07-23 17:40:42,515 [Worker-35: Building workspace] INFO  o.e.m.c.i.embedder.EclipseLogger - Using 'UTF-8' encoding to copy filtered resources.
2025-07-23 17:40:42,515 [Worker-35: Building workspace] INFO  o.e.m.c.i.embedder.EclipseLogger - Copying 1 resource
2025-07-23 17:40:42,517 [Worker-35: Building workspace] INFO  o.e.m.c.i.embedder.EclipseLogger - Copying 1 resource
2025-07-23 17:40:42,518 [Worker-35: Building workspace] INFO  o.e.m.c.i.embedder.EclipseLogger - Using 'UTF-8' encoding to copy filtered resources.
2025-07-23 17:40:42,519 [Worker-35: Building workspace] INFO  o.e.m.c.i.embedder.EclipseLogger - skip non existing resourceDirectory C:\Users\abeet\Desktop\WorkSpace\Project-10\Project_10\ORSProj10\Project-10\src\test\resources
2025-07-23 17:41:25,198 [Worker-37: Building workspace] INFO  o.e.m.c.i.embedder.EclipseLogger - Using 'UTF-8' encoding to copy filtered resources.
2025-07-23 17:41:25,198 [Worker-37: Building workspace] INFO  o.e.m.c.i.embedder.EclipseLogger - Copying 1 resource
2025-07-23 17:41:25,200 [Worker-37: Building workspace] INFO  o.e.m.c.i.embedder.EclipseLogger - Copying 1 resource
2025-07-23 17:41:25,202 [Worker-37: Building workspace] INFO  o.e.m.c.i.embedder.EclipseLogger - Using 'UTF-8' encoding to copy filtered resources.
2025-07-23 17:41:25,202 [Worker-37: Building workspace] INFO  o.e.m.c.i.embedder.EclipseLogger - skip non existing resourceDirectory C:\Users\abeet\Desktop\WorkSpace\Project-10\Project_10\ORSProj10\Project-10\src\test\resources
2025-07-23 17:41:46,857 [Worker-37: Building workspace] INFO  o.e.m.c.i.embedder.EclipseLogger - Using 'UTF-8' encoding to copy filtered resources.
2025-07-23 17:41:46,858 [Worker-37: Building workspace] INFO  o.e.m.c.i.embedder.EclipseLogger - Copying 1 resource
2025-07-23 17:41:46,860 [Worker-37: Building workspace] INFO  o.e.m.c.i.embedder.EclipseLogger - Copying 1 resource
2025-07-23 17:41:46,861 [Worker-37: Building workspace] INFO  o.e.m.c.i.embedder.EclipseLogger - Using 'UTF-8' encoding to copy filtered resources.
2025-07-23 17:41:46,862 [Worker-37: Building workspace] INFO  o.e.m.c.i.embedder.EclipseLogger - skip non existing resourceDirectory C:\Users\abeet\Desktop\WorkSpace\Project-10\Project_10\ORSProj10\Project-10\src\test\resources
2025-07-23 17:42:17,287 [Worker-36: Building workspace] INFO  o.e.m.c.i.embedder.EclipseLogger - Using 'UTF-8' encoding to copy filtered resources.
2025-07-23 17:42:17,288 [Worker-36: Building workspace] INFO  o.e.m.c.i.embedder.EclipseLogger - Copying 1 resource
2025-07-23 17:42:17,290 [Worker-36: Building workspace] INFO  o.e.m.c.i.embedder.EclipseLogger - Copying 1 resource
2025-07-23 17:42:17,291 [Worker-36: Building workspace] INFO  o.e.m.c.i.embedder.EclipseLogger - Using 'UTF-8' encoding to copy filtered resources.
2025-07-23 17:42:17,291 [Worker-36: Building workspace] INFO  o.e.m.c.i.embedder.EclipseLogger - skip non existing resourceDirectory C:\Users\abeet\Desktop\WorkSpace\Project-10\Project_10\ORSProj10\Project-10\src\test\resources
2025-07-23 17:42:30,059 [Worker-35: Building workspace] INFO  o.e.m.c.i.embedder.EclipseLogger - Using 'UTF-8' encoding to copy filtered resources.
2025-07-23 17:42:30,060 [Worker-35: Building workspace] INFO  o.e.m.c.i.embedder.EclipseLogger - Copying 1 resource
2025-07-23 17:42:30,062 [Worker-35: Building workspace] INFO  o.e.m.c.i.embedder.EclipseLogger - Copying 1 resource
2025-07-23 17:42:30,063 [Worker-35: Building workspace] INFO  o.e.m.c.i.embedder.EclipseLogger - Using 'UTF-8' encoding to copy filtered resources.
2025-07-23 17:42:30,063 [Worker-35: Building workspace] INFO  o.e.m.c.i.embedder.EclipseLogger - skip non existing resourceDirectory C:\Users\abeet\Desktop\WorkSpace\Project-10\Project_10\ORSProj10\Project-10\src\test\resources
2025-07-23 17:42:58,545 [Worker-34: Building workspace] INFO  o.e.m.c.i.embedder.EclipseLogger - Using 'UTF-8' encoding to copy filtered resources.
2025-07-23 17:42:58,546 [Worker-34: Building workspace] INFO  o.e.m.c.i.embedder.EclipseLogger - Copying 1 resource
2025-07-23 17:42:58,547 [Worker-34: Building workspace] INFO  o.e.m.c.i.embedder.EclipseLogger - Copying 1 resource
2025-07-23 17:42:58,549 [Worker-34: Building workspace] INFO  o.e.m.c.i.embedder.EclipseLogger - Using 'UTF-8' encoding to copy filtered resources.
2025-07-23 17:42:58,549 [Worker-34: Building workspace] INFO  o.e.m.c.i.embedder.EclipseLogger - skip non existing resourceDirectory C:\Users\abeet\Desktop\WorkSpace\Project-10\Project_10\ORSProj10\Project-10\src\test\resources
2025-07-23 17:43:10,262 [Worker-36: Building workspace] INFO  o.e.m.c.i.embedder.EclipseLogger - Using 'UTF-8' encoding to copy filtered resources.
2025-07-23 17:43:10,263 [Worker-36: Building workspace] INFO  o.e.m.c.i.embedder.EclipseLogger - Copying 1 resource
2025-07-23 17:43:10,266 [Worker-36: Building workspace] INFO  o.e.m.c.i.embedder.EclipseLogger - Copying 1 resource
2025-07-23 17:43:10,267 [Worker-36: Building workspace] INFO  o.e.m.c.i.embedder.EclipseLogger - Using 'UTF-8' encoding to copy filtered resources.
2025-07-23 17:43:10,268 [Worker-36: Building workspace] INFO  o.e.m.c.i.embedder.EclipseLogger - skip non existing resourceDirectory C:\Users\abeet\Desktop\WorkSpace\Project-10\Project_10\ORSProj10\Project-10\src\test\resources
2025-07-23 17:43:36,358 [Worker-30: Building workspace] INFO  o.e.m.c.i.embedder.EclipseLogger - Using 'UTF-8' encoding to copy filtered resources.
2025-07-23 17:43:36,359 [Worker-30: Building workspace] INFO  o.e.m.c.i.embedder.EclipseLogger - Copying 1 resource
2025-07-23 17:43:36,360 [Worker-30: Building workspace] INFO  o.e.m.c.i.embedder.EclipseLogger - Copying 1 resource
2025-07-23 17:43:36,363 [Worker-30: Building workspace] INFO  o.e.m.c.i.embedder.EclipseLogger - Using 'UTF-8' encoding to copy filtered resources.
2025-07-23 17:43:36,363 [Worker-30: Building workspace] INFO  o.e.m.c.i.embedder.EclipseLogger - skip non existing resourceDirectory C:\Users\abeet\Desktop\WorkSpace\Project-10\Project_10\ORSProj10\Project-10\src\test\resources
2025-07-23 17:44:23,514 [Worker-36: Building workspace] INFO  o.e.m.c.i.embedder.EclipseLogger - Using 'UTF-8' encoding to copy filtered resources.
2025-07-23 17:44:23,515 [Worker-36: Building workspace] INFO  o.e.m.c.i.embedder.EclipseLogger - Copying 1 resource
2025-07-23 17:44:23,516 [Worker-36: Building workspace] INFO  o.e.m.c.i.embedder.EclipseLogger - Copying 1 resource
2025-07-23 17:44:23,519 [Worker-36: Building workspace] INFO  o.e.m.c.i.embedder.EclipseLogger - Using 'UTF-8' encoding to copy filtered resources.
2025-07-23 17:44:23,519 [Worker-36: Building workspace] INFO  o.e.m.c.i.embedder.EclipseLogger - skip non existing resourceDirectory C:\Users\abeet\Desktop\WorkSpace\Project-10\Project_10\ORSProj10\Project-10\src\test\resources
2025-07-23 17:44:52,869 [Worker-34: Building workspace] INFO  o.e.m.c.i.embedder.EclipseLogger - Using 'UTF-8' encoding to copy filtered resources.
2025-07-23 17:44:52,870 [Worker-34: Building workspace] INFO  o.e.m.c.i.embedder.EclipseLogger - Copying 1 resource
2025-07-23 17:44:52,872 [Worker-34: Building workspace] INFO  o.e.m.c.i.embedder.EclipseLogger - Copying 1 resource
2025-07-23 17:44:52,879 [Worker-34: Building workspace] INFO  o.e.m.c.i.embedder.EclipseLogger - Using 'UTF-8' encoding to copy filtered resources.
2025-07-23 17:44:52,879 [Worker-34: Building workspace] INFO  o.e.m.c.i.embedder.EclipseLogger - skip non existing resourceDirectory C:\Users\abeet\Desktop\WorkSpace\Project-10\Project_10\ORSProj10\Project-10\src\test\resources
2025-07-23 17:48:13,737 [Worker-35: Building workspace] INFO  o.e.m.c.i.embedder.EclipseLogger - Using 'UTF-8' encoding to copy filtered resources.
2025-07-23 17:48:13,738 [Worker-35: Building workspace] INFO  o.e.m.c.i.embedder.EclipseLogger - Copying 1 resource
2025-07-23 17:48:13,739 [Worker-35: Building workspace] INFO  o.e.m.c.i.embedder.EclipseLogger - Copying 1 resource
2025-07-23 17:48:13,741 [Worker-35: Building workspace] INFO  o.e.m.c.i.embedder.EclipseLogger - Using 'UTF-8' encoding to copy filtered resources.
2025-07-23 17:48:13,741 [Worker-35: Building workspace] INFO  o.e.m.c.i.embedder.EclipseLogger - skip non existing resourceDirectory C:\Users\abeet\Desktop\WorkSpace\Project-10\Project_10\ORSProj10\Project-10\src\test\resources
2025-07-23 17:48:22,031 [Worker-34: Building workspace] INFO  o.e.m.c.i.embedder.EclipseLogger - Using 'UTF-8' encoding to copy filtered resources.
2025-07-23 17:48:22,032 [Worker-34: Building workspace] INFO  o.e.m.c.i.embedder.EclipseLogger - Copying 1 resource
2025-07-23 17:48:22,034 [Worker-34: Building workspace] INFO  o.e.m.c.i.embedder.EclipseLogger - Copying 1 resource
2025-07-23 17:48:22,035 [Worker-34: Building workspace] INFO  o.e.m.c.i.embedder.EclipseLogger - Using 'UTF-8' encoding to copy filtered resources.
2025-07-23 17:48:22,035 [Worker-34: Building workspace] INFO  o.e.m.c.i.embedder.EclipseLogger - skip non existing resourceDirectory C:\Users\abeet\Desktop\WorkSpace\Project-10\Project_10\ORSProj10\Project-10\src\test\resources
2025-07-23 17:51:00,882 [Worker-38: Building workspace] INFO  o.e.m.c.i.embedder.EclipseLogger - Using 'UTF-8' encoding to copy filtered resources.
2025-07-23 17:51:00,883 [Worker-38: Building workspace] INFO  o.e.m.c.i.embedder.EclipseLogger - Copying 1 resource
2025-07-23 17:51:00,885 [Worker-38: Building workspace] INFO  o.e.m.c.i.embedder.EclipseLogger - Copying 1 resource
2025-07-23 17:51:00,887 [Worker-38: Building workspace] INFO  o.e.m.c.i.embedder.EclipseLogger - Using 'UTF-8' encoding to copy filtered resources.
2025-07-23 17:51:00,887 [Worker-38: Building workspace] INFO  o.e.m.c.i.embedder.EclipseLogger - skip non existing resourceDirectory C:\Users\abeet\Desktop\WorkSpace\Project-10\Project_10\ORSProj10\Project-10\src\test\resources
2025-07-23 17:52:21,748 [Worker-34: Building workspace] INFO  o.e.m.c.i.embedder.EclipseLogger - Using 'UTF-8' encoding to copy filtered resources.
2025-07-23 17:52:21,749 [Worker-34: Building workspace] INFO  o.e.m.c.i.embedder.EclipseLogger - Copying 1 resource
2025-07-23 17:52:21,751 [Worker-34: Building workspace] INFO  o.e.m.c.i.embedder.EclipseLogger - Copying 1 resource
2025-07-23 17:52:21,752 [Worker-34: Building workspace] INFO  o.e.m.c.i.embedder.EclipseLogger - Using 'UTF-8' encoding to copy filtered resources.
2025-07-23 17:52:21,752 [Worker-34: Building workspace] INFO  o.e.m.c.i.embedder.EclipseLogger - skip non existing resourceDirectory C:\Users\abeet\Desktop\WorkSpace\Project-10\Project_10\ORSProj10\Project-10\src\test\resources
2025-07-23 17:52:32,263 [Worker-34: Building workspace] INFO  o.e.m.c.i.embedder.EclipseLogger - Using 'UTF-8' encoding to copy filtered resources.
2025-07-23 17:52:32,265 [Worker-34: Building workspace] INFO  o.e.m.c.i.embedder.EclipseLogger - Copying 1 resource
2025-07-23 17:52:32,267 [Worker-34: Building workspace] INFO  o.e.m.c.i.embedder.EclipseLogger - Copying 1 resource
2025-07-23 17:52:32,269 [Worker-34: Building workspace] INFO  o.e.m.c.i.embedder.EclipseLogger - Using 'UTF-8' encoding to copy filtered resources.
2025-07-23 17:52:32,269 [Worker-34: Building workspace] INFO  o.e.m.c.i.embedder.EclipseLogger - skip non existing resourceDirectory C:\Users\abeet\Desktop\WorkSpace\Project-10\Project_10\ORSProj10\Project-10\src\test\resources
2025-07-23 17:54:50,665 [Worker-30: Building workspace] INFO  o.e.m.c.i.embedder.EclipseLogger - Using 'UTF-8' encoding to copy filtered resources.
2025-07-23 17:54:50,665 [Worker-30: Building workspace] INFO  o.e.m.c.i.embedder.EclipseLogger - Copying 1 resource
2025-07-23 17:54:50,667 [Worker-30: Building workspace] INFO  o.e.m.c.i.embedder.EclipseLogger - Copying 1 resource
2025-07-23 17:54:50,669 [Worker-30: Building workspace] INFO  o.e.m.c.i.embedder.EclipseLogger - Using 'UTF-8' encoding to copy filtered resources.
2025-07-23 17:54:50,669 [Worker-30: Building workspace] INFO  o.e.m.c.i.embedder.EclipseLogger - skip non existing resourceDirectory C:\Users\abeet\Desktop\WorkSpace\Project-10\Project_10\ORSProj10\Project-10\src\test\resources
2025-07-23 17:55:08,331 [Worker-30: Building workspace] INFO  o.e.m.c.i.embedder.EclipseLogger - Using 'UTF-8' encoding to copy filtered resources.
2025-07-23 17:55:08,332 [Worker-30: Building workspace] INFO  o.e.m.c.i.embedder.EclipseLogger - Copying 1 resource
2025-07-23 17:55:08,334 [Worker-30: Building workspace] INFO  o.e.m.c.i.embedder.EclipseLogger - Copying 1 resource
2025-07-23 17:55:08,336 [Worker-30: Building workspace] INFO  o.e.m.c.i.embedder.EclipseLogger - Using 'UTF-8' encoding to copy filtered resources.
2025-07-23 17:55:08,336 [Worker-30: Building workspace] INFO  o.e.m.c.i.embedder.EclipseLogger - skip non existing resourceDirectory C:\Users\abeet\Desktop\WorkSpace\Project-10\Project_10\ORSProj10\Project-10\src\test\resources
2025-07-23 17:56:12,990 [Worker-32: Building workspace] INFO  o.e.m.c.i.embedder.EclipseLogger - Using 'UTF-8' encoding to copy filtered resources.
2025-07-23 17:56:12,990 [Worker-32: Building workspace] INFO  o.e.m.c.i.embedder.EclipseLogger - Copying 1 resource
2025-07-23 17:56:12,992 [Worker-32: Building workspace] INFO  o.e.m.c.i.embedder.EclipseLogger - Copying 1 resource
2025-07-23 17:56:12,993 [Worker-32: Building workspace] INFO  o.e.m.c.i.embedder.EclipseLogger - Using 'UTF-8' encoding to copy filtered resources.
2025-07-23 17:56:12,993 [Worker-32: Building workspace] INFO  o.e.m.c.i.embedder.EclipseLogger - skip non existing resourceDirectory C:\Users\abeet\Desktop\WorkSpace\Project-10\Project_10\ORSProj10\Project-10\src\test\resources
2025-07-23 17:56:16,145 [Worker-34: Building workspace] INFO  o.e.m.c.i.embedder.EclipseLogger - Using 'UTF-8' encoding to copy filtered resources.
2025-07-23 17:56:16,146 [Worker-34: Building workspace] INFO  o.e.m.c.i.embedder.EclipseLogger - Copying 1 resource
2025-07-23 17:56:16,148 [Worker-34: Building workspace] INFO  o.e.m.c.i.embedder.EclipseLogger - Copying 1 resource
2025-07-23 17:56:16,149 [Worker-34: Building workspace] INFO  o.e.m.c.i.embedder.EclipseLogger - Using 'UTF-8' encoding to copy filtered resources.
2025-07-23 17:56:16,149 [Worker-34: Building workspace] INFO  o.e.m.c.i.embedder.EclipseLogger - skip non existing resourceDirectory C:\Users\abeet\Desktop\WorkSpace\Project-10\Project_10\ORSProj10\Project-10\src\test\resources
2025-07-23 17:56:53,079 [Worker-37: Building workspace] INFO  o.e.m.c.i.embedder.EclipseLogger - Using 'UTF-8' encoding to copy filtered resources.
2025-07-23 17:56:53,080 [Worker-37: Building workspace] INFO  o.e.m.c.i.embedder.EclipseLogger - Copying 1 resource
2025-07-23 17:56:53,081 [Worker-37: Building workspace] INFO  o.e.m.c.i.embedder.EclipseLogger - Copying 1 resource
2025-07-23 17:56:53,082 [Worker-37: Building workspace] INFO  o.e.m.c.i.embedder.EclipseLogger - Using 'UTF-8' encoding to copy filtered resources.
2025-07-23 17:56:53,082 [Worker-37: Building workspace] INFO  o.e.m.c.i.embedder.EclipseLogger - skip non existing resourceDirectory C:\Users\abeet\Desktop\WorkSpace\Project-10\Project_10\ORSProj10\Project-10\src\test\resources
2025-07-25 00:14:52,891 [Worker-3: Loading available Gradle versions] INFO  o.e.b.c.i.u.g.PublishedGradleVersions - Gradle version information cache is out-of-date. Trying to update.
2025-07-26 17:05:21,775 [Worker-5: Loading available Gradle versions] INFO  o.e.b.c.i.u.g.PublishedGradleVersions - Gradle version information cache is out-of-date. Trying to update.
2025-07-26 17:06:24,168 [Worker-13: Launching ProjectOrsApplication (1)] INFO  o.e.m.c.i.embedder.EclipseLogger - Using 'UTF-8' encoding to copy filtered resources.
2025-07-26 17:06:24,177 [Worker-13: Launching ProjectOrsApplication (1)] INFO  o.e.m.c.i.embedder.EclipseLogger - Copying 1 resource
2025-07-26 17:06:24,208 [Worker-13: Launching ProjectOrsApplication (1)] INFO  o.e.m.c.i.embedder.EclipseLogger - Copying 1 resource
2025-07-26 17:06:24,240 [Worker-13: Launching ProjectOrsApplication (1)] INFO  o.e.m.c.i.embedder.EclipseLogger - Using 'UTF-8' encoding to copy filtered resources.
2025-07-26 17:06:24,240 [Worker-13: Launching ProjectOrsApplication (1)] INFO  o.e.m.c.i.embedder.EclipseLogger - skip non existing resourceDirectory C:\Users\abeet\Desktop\WorkSpace\Project-10\Project_10\ORSProj10\Project-10\src\test\resources
2025-07-28 16:40:16,180 [Worker-1: Loading available Gradle versions] INFO  o.e.b.c.i.u.g.PublishedGradleVersions - Gradle version information cache is out-of-date. Trying to update.
2025-07-29 16:21:54,335 [Worker-2: Loading available Gradle versions] INFO  o.e.b.c.i.u.g.PublishedGradleVersions - Gradle version information cache is up-to-date. Trying to read.
2025-07-29 16:51:31,882 [Worker-17: Building workspace] INFO  o.e.m.c.i.embedder.EclipseLogger - Using 'UTF-8' encoding to copy filtered resources.
2025-07-29 16:51:31,892 [Worker-17: Building workspace] INFO  o.e.m.c.i.embedder.EclipseLogger - Copying 1 resource
2025-07-29 16:51:31,919 [Worker-17: Building workspace] INFO  o.e.m.c.i.embedder.EclipseLogger - Copying 1 resource
2025-07-29 16:51:31,926 [Worker-17: Building workspace] INFO  o.e.m.c.i.embedder.EclipseLogger - Using 'UTF-8' encoding to copy filtered resources.
2025-07-29 16:51:31,927 [Worker-17: Building workspace] INFO  o.e.m.c.i.embedder.EclipseLogger - skip non existing resourceDirectory C:\Users\abeet\Desktop\WorkSpace\Project-10\Project_10\ORSProj10\Project-10\src\test\resources
2025-07-29 16:52:32,366 [Worker-15: Building workspace] INFO  o.e.m.c.i.embedder.EclipseLogger - Using 'UTF-8' encoding to copy filtered resources.
2025-07-29 16:52:32,372 [Worker-15: Building workspace] INFO  o.e.m.c.i.embedder.EclipseLogger - Copying 1 resource
2025-07-29 16:52:32,378 [Worker-15: Building workspace] INFO  o.e.m.c.i.embedder.EclipseLogger - Copying 1 resource
2025-07-29 16:52:32,381 [Worker-15: Building workspace] INFO  o.e.m.c.i.embedder.EclipseLogger - Using 'UTF-8' encoding to copy filtered resources.
2025-07-29 16:52:32,381 [Worker-15: Building workspace] INFO  o.e.m.c.i.embedder.EclipseLogger - skip non existing resourceDirectory C:\Users\abeet\Desktop\WorkSpace\Project-10\Project_10\ORSProj10\Project-10\src\test\resources
2025-07-29 16:56:11,392 [Worker-17: Building workspace] INFO  o.e.m.c.i.embedder.EclipseLogger - Using 'UTF-8' encoding to copy filtered resources.
2025-07-29 16:56:11,395 [Worker-17: Building workspace] INFO  o.e.m.c.i.embedder.EclipseLogger - Copying 1 resource
2025-07-29 16:56:11,401 [Worker-17: Building workspace] INFO  o.e.m.c.i.embedder.EclipseLogger - Copying 1 resource
2025-07-29 16:56:11,405 [Worker-17: Building workspace] INFO  o.e.m.c.i.embedder.EclipseLogger - Using 'UTF-8' encoding to copy filtered resources.
2025-07-29 16:56:11,405 [Worker-17: Building workspace] INFO  o.e.m.c.i.embedder.EclipseLogger - skip non existing resourceDirectory C:\Users\abeet\Desktop\WorkSpace\Project-10\Project_10\ORSProj10\Project-10\src\test\resources
2025-07-29 16:56:32,145 [Worker-19: Building workspace] INFO  o.e.m.c.i.embedder.EclipseLogger - Using 'UTF-8' encoding to copy filtered resources.
2025-07-29 16:56:32,147 [Worker-19: Building workspace] INFO  o.e.m.c.i.embedder.EclipseLogger - Copying 1 resource
2025-07-29 16:56:32,151 [Worker-19: Building workspace] INFO  o.e.m.c.i.embedder.EclipseLogger - Copying 1 resource
2025-07-29 16:56:32,154 [Worker-19: Building workspace] INFO  o.e.m.c.i.embedder.EclipseLogger - Using 'UTF-8' encoding to copy filtered resources.
2025-07-29 16:56:32,155 [Worker-19: Building workspace] INFO  o.e.m.c.i.embedder.EclipseLogger - skip non existing resourceDirectory C:\Users\abeet\Desktop\WorkSpace\Project-10\Project_10\ORSProj10\Project-10\src\test\resources
2025-07-29 16:57:38,180 [Worker-15: Building workspace] INFO  o.e.m.c.i.embedder.EclipseLogger - Using 'UTF-8' encoding to copy filtered resources.
2025-07-29 16:57:38,181 [Worker-15: Building workspace] INFO  o.e.m.c.i.embedder.EclipseLogger - Copying 1 resource
2025-07-29 16:57:38,185 [Worker-15: Building workspace] INFO  o.e.m.c.i.embedder.EclipseLogger - Copying 1 resource
2025-07-29 16:57:38,188 [Worker-15: Building workspace] INFO  o.e.m.c.i.embedder.EclipseLogger - Using 'UTF-8' encoding to copy filtered resources.
2025-07-29 16:57:38,188 [Worker-15: Building workspace] INFO  o.e.m.c.i.embedder.EclipseLogger - skip non existing resourceDirectory C:\Users\abeet\Desktop\WorkSpace\Project-10\Project_10\ORSProj10\Project-10\src\test\resources
2025-07-29 16:58:11,997 [Worker-17: Building workspace] INFO  o.e.m.c.i.embedder.EclipseLogger - Using 'UTF-8' encoding to copy filtered resources.
2025-07-29 16:58:12,000 [Worker-17: Building workspace] INFO  o.e.m.c.i.embedder.EclipseLogger - Copying 1 resource
2025-07-29 16:58:12,005 [Worker-17: Building workspace] INFO  o.e.m.c.i.embedder.EclipseLogger - Copying 1 resource
2025-07-29 16:58:12,008 [Worker-17: Building workspace] INFO  o.e.m.c.i.embedder.EclipseLogger - Using 'UTF-8' encoding to copy filtered resources.
2025-07-29 16:58:12,009 [Worker-17: Building workspace] INFO  o.e.m.c.i.embedder.EclipseLogger - skip non existing resourceDirectory C:\Users\abeet\Desktop\WorkSpace\Project-10\Project_10\ORSProj10\Project-10\src\test\resources
2025-07-29 17:00:12,429 [Worker-19: Building workspace] INFO  o.e.m.c.i.embedder.EclipseLogger - Using 'UTF-8' encoding to copy filtered resources.
2025-07-29 17:00:12,432 [Worker-19: Building workspace] INFO  o.e.m.c.i.embedder.EclipseLogger - Copying 1 resource
2025-07-29 17:00:12,436 [Worker-19: Building workspace] INFO  o.e.m.c.i.embedder.EclipseLogger - Copying 1 resource
2025-07-29 17:00:12,440 [Worker-19: Building workspace] INFO  o.e.m.c.i.embedder.EclipseLogger - Using 'UTF-8' encoding to copy filtered resources.
2025-07-29 17:00:12,440 [Worker-19: Building workspace] INFO  o.e.m.c.i.embedder.EclipseLogger - skip non existing resourceDirectory C:\Users\abeet\Desktop\WorkSpace\Project-10\Project_10\ORSProj10\Project-10\src\test\resources
2025-07-29 17:01:21,259 [Worker-19: Building workspace] INFO  o.e.m.c.i.embedder.EclipseLogger - Using 'UTF-8' encoding to copy filtered resources.
2025-07-29 17:01:21,260 [Worker-19: Building workspace] INFO  o.e.m.c.i.embedder.EclipseLogger - Copying 1 resource
2025-07-29 17:01:21,264 [Worker-19: Building workspace] INFO  o.e.m.c.i.embedder.EclipseLogger - Copying 1 resource
2025-07-29 17:01:21,271 [Worker-19: Building workspace] INFO  o.e.m.c.i.embedder.EclipseLogger - Using 'UTF-8' encoding to copy filtered resources.
2025-07-29 17:01:21,272 [Worker-19: Building workspace] INFO  o.e.m.c.i.embedder.EclipseLogger - skip non existing resourceDirectory C:\Users\abeet\Desktop\WorkSpace\Project-10\Project_10\ORSProj10\Project-10\src\test\resources
2025-07-29 17:01:26,484 [Worker-15: Building workspace] INFO  o.e.m.c.i.embedder.EclipseLogger - Using 'UTF-8' encoding to copy filtered resources.
2025-07-29 17:01:26,486 [Worker-15: Building workspace] INFO  o.e.m.c.i.embedder.EclipseLogger - Copying 1 resource
2025-07-29 17:01:26,491 [Worker-15: Building workspace] INFO  o.e.m.c.i.embedder.EclipseLogger - Copying 1 resource
2025-07-29 17:01:26,495 [Worker-15: Building workspace] INFO  o.e.m.c.i.embedder.EclipseLogger - Using 'UTF-8' encoding to copy filtered resources.
2025-07-29 17:01:26,495 [Worker-15: Building workspace] INFO  o.e.m.c.i.embedder.EclipseLogger - skip non existing resourceDirectory C:\Users\abeet\Desktop\WorkSpace\Project-10\Project_10\ORSProj10\Project-10\src\test\resources
2025-07-29 17:18:07,428 [Worker-24: Building workspace] INFO  o.e.m.c.i.embedder.EclipseLogger - Using 'UTF-8' encoding to copy filtered resources.
2025-07-29 17:18:07,432 [Worker-24: Building workspace] INFO  o.e.m.c.i.embedder.EclipseLogger - Copying 1 resource
2025-07-29 17:18:07,438 [Worker-24: Building workspace] INFO  o.e.m.c.i.embedder.EclipseLogger - Copying 1 resource
2025-07-29 17:18:07,442 [Worker-24: Building workspace] INFO  o.e.m.c.i.embedder.EclipseLogger - Using 'UTF-8' encoding to copy filtered resources.
2025-07-29 17:18:07,443 [Worker-24: Building workspace] INFO  o.e.m.c.i.embedder.EclipseLogger - skip non existing resourceDirectory C:\Users\abeet\Desktop\WorkSpace\Project-10\Project_10\ORSProj10\Project-10\src\test\resources
2025-07-29 17:18:26,590 [Worker-17: Building workspace] INFO  o.e.m.c.i.embedder.EclipseLogger - Using 'UTF-8' encoding to copy filtered resources.
2025-07-29 17:18:26,592 [Worker-17: Building workspace] INFO  o.e.m.c.i.embedder.EclipseLogger - Copying 1 resource
2025-07-29 17:18:26,597 [Worker-17: Building workspace] INFO  o.e.m.c.i.embedder.EclipseLogger - Copying 1 resource
2025-07-29 17:18:26,600 [Worker-17: Building workspace] INFO  o.e.m.c.i.embedder.EclipseLogger - Using 'UTF-8' encoding to copy filtered resources.
2025-07-29 17:18:26,600 [Worker-17: Building workspace] INFO  o.e.m.c.i.embedder.EclipseLogger - skip non existing resourceDirectory C:\Users\abeet\Desktop\WorkSpace\Project-10\Project_10\ORSProj10\Project-10\src\test\resources
2025-07-29 17:19:22,662 [Worker-19: Building workspace] INFO  o.e.m.c.i.embedder.EclipseLogger - Using 'UTF-8' encoding to copy filtered resources.
2025-07-29 17:19:22,664 [Worker-19: Building workspace] INFO  o.e.m.c.i.embedder.EclipseLogger - Copying 1 resource
2025-07-29 17:19:22,669 [Worker-19: Building workspace] INFO  o.e.m.c.i.embedder.EclipseLogger - Copying 1 resource
2025-07-29 17:19:22,674 [Worker-19: Building workspace] INFO  o.e.m.c.i.embedder.EclipseLogger - Using 'UTF-8' encoding to copy filtered resources.
2025-07-29 17:19:22,674 [Worker-19: Building workspace] INFO  o.e.m.c.i.embedder.EclipseLogger - skip non existing resourceDirectory C:\Users\abeet\Desktop\WorkSpace\Project-10\Project_10\ORSProj10\Project-10\src\test\resources
2025-07-29 17:19:57,991 [Worker-23: Building workspace] INFO  o.e.m.c.i.embedder.EclipseLogger - Using 'UTF-8' encoding to copy filtered resources.
2025-07-29 17:19:57,993 [Worker-23: Building workspace] INFO  o.e.m.c.i.embedder.EclipseLogger - Copying 1 resource
2025-07-29 17:19:57,997 [Worker-23: Building workspace] INFO  o.e.m.c.i.embedder.EclipseLogger - Copying 1 resource
2025-07-29 17:19:58,000 [Worker-23: Building workspace] INFO  o.e.m.c.i.embedder.EclipseLogger - Using 'UTF-8' encoding to copy filtered resources.
2025-07-29 17:19:58,000 [Worker-23: Building workspace] INFO  o.e.m.c.i.embedder.EclipseLogger - skip non existing resourceDirectory C:\Users\abeet\Desktop\WorkSpace\Project-10\Project_10\ORSProj10\Project-10\src\test\resources
2025-07-29 17:20:23,725 [Worker-26: Building workspace] INFO  o.e.m.c.i.embedder.EclipseLogger - Using 'UTF-8' encoding to copy filtered resources.
2025-07-29 17:20:23,726 [Worker-26: Building workspace] INFO  o.e.m.c.i.embedder.EclipseLogger - Copying 1 resource
2025-07-29 17:20:23,731 [Worker-26: Building workspace] INFO  o.e.m.c.i.embedder.EclipseLogger - Copying 1 resource
2025-07-29 17:20:23,734 [Worker-26: Building workspace] INFO  o.e.m.c.i.embedder.EclipseLogger - Using 'UTF-8' encoding to copy filtered resources.
2025-07-29 17:20:23,735 [Worker-26: Building workspace] INFO  o.e.m.c.i.embedder.EclipseLogger - skip non existing resourceDirectory C:\Users\abeet\Desktop\WorkSpace\Project-10\Project_10\ORSProj10\Project-10\src\test\resources
2025-07-29 17:23:22,852 [Worker-26: Building workspace] INFO  o.e.m.c.i.embedder.EclipseLogger - Using 'UTF-8' encoding to copy filtered resources.
2025-07-29 17:23:22,854 [Worker-26: Building workspace] INFO  o.e.m.c.i.embedder.EclipseLogger - Copying 1 resource
2025-07-29 17:23:22,860 [Worker-26: Building workspace] INFO  o.e.m.c.i.embedder.EclipseLogger - Copying 1 resource
2025-07-29 17:23:22,863 [Worker-26: Building workspace] INFO  o.e.m.c.i.embedder.EclipseLogger - Using 'UTF-8' encoding to copy filtered resources.
2025-07-29 17:23:22,863 [Worker-26: Building workspace] INFO  o.e.m.c.i.embedder.EclipseLogger - skip non existing resourceDirectory C:\Users\abeet\Desktop\WorkSpace\Project-10\Project_10\ORSProj10\Project-10\src\test\resources
2025-07-29 17:23:35,340 [Worker-19: Building workspace] INFO  o.e.m.c.i.embedder.EclipseLogger - Using 'UTF-8' encoding to copy filtered resources.
2025-07-29 17:23:35,342 [Worker-19: Building workspace] INFO  o.e.m.c.i.embedder.EclipseLogger - Copying 1 resource
2025-07-29 17:23:35,347 [Worker-19: Building workspace] INFO  o.e.m.c.i.embedder.EclipseLogger - Copying 1 resource
2025-07-29 17:23:35,352 [Worker-19: Building workspace] INFO  o.e.m.c.i.embedder.EclipseLogger - Using 'UTF-8' encoding to copy filtered resources.
2025-07-29 17:23:35,352 [Worker-19: Building workspace] INFO  o.e.m.c.i.embedder.EclipseLogger - skip non existing resourceDirectory C:\Users\abeet\Desktop\WorkSpace\Project-10\Project_10\ORSProj10\Project-10\src\test\resources
2025-07-29 17:24:38,698 [Worker-24: Building workspace] INFO  o.e.m.c.i.embedder.EclipseLogger - Using 'UTF-8' encoding to copy filtered resources.
2025-07-29 17:24:38,701 [Worker-24: Building workspace] INFO  o.e.m.c.i.embedder.EclipseLogger - Copying 1 resource
2025-07-29 17:24:38,705 [Worker-24: Building workspace] INFO  o.e.m.c.i.embedder.EclipseLogger - Copying 1 resource
2025-07-29 17:24:38,709 [Worker-24: Building workspace] INFO  o.e.m.c.i.embedder.EclipseLogger - Using 'UTF-8' encoding to copy filtered resources.
2025-07-29 17:24:38,709 [Worker-24: Building workspace] INFO  o.e.m.c.i.embedder.EclipseLogger - skip non existing resourceDirectory C:\Users\abeet\Desktop\WorkSpace\Project-10\Project_10\ORSProj10\Project-10\src\test\resources
2025-07-29 17:25:16,103 [Worker-24: Building workspace] INFO  o.e.m.c.i.embedder.EclipseLogger - Using 'UTF-8' encoding to copy filtered resources.
2025-07-29 17:25:16,105 [Worker-24: Building workspace] INFO  o.e.m.c.i.embedder.EclipseLogger - Copying 1 resource
2025-07-29 17:25:16,110 [Worker-24: Building workspace] INFO  o.e.m.c.i.embedder.EclipseLogger - Copying 1 resource
2025-07-29 17:25:16,123 [Worker-24: Building workspace] INFO  o.e.m.c.i.embedder.EclipseLogger - Using 'UTF-8' encoding to copy filtered resources.
2025-07-29 17:25:16,123 [Worker-24: Building workspace] INFO  o.e.m.c.i.embedder.EclipseLogger - skip non existing resourceDirectory C:\Users\abeet\Desktop\WorkSpace\Project-10\Project_10\ORSProj10\Project-10\src\test\resources
2025-07-29 17:25:49,841 [Worker-24: Building workspace] INFO  o.e.m.c.i.embedder.EclipseLogger - Using 'UTF-8' encoding to copy filtered resources.
2025-07-29 17:25:49,843 [Worker-24: Building workspace] INFO  o.e.m.c.i.embedder.EclipseLogger - Copying 1 resource
2025-07-29 17:25:49,848 [Worker-24: Building workspace] INFO  o.e.m.c.i.embedder.EclipseLogger - Copying 1 resource
2025-07-29 17:25:49,850 [Worker-24: Building workspace] INFO  o.e.m.c.i.embedder.EclipseLogger - Using 'UTF-8' encoding to copy filtered resources.
2025-07-29 17:25:49,851 [Worker-24: Building workspace] INFO  o.e.m.c.i.embedder.EclipseLogger - skip non existing resourceDirectory C:\Users\abeet\Desktop\WorkSpace\Project-10\Project_10\ORSProj10\Project-10\src\test\resources
2025-08-01 14:26:14,573 [Worker-3: Loading available Gradle versions] INFO  o.e.b.c.i.u.g.PublishedGradleVersions - Gradle version information cache is up-to-date. Trying to read.
2025-08-01 14:34:32,633 [Worker-12: Building workspace] INFO  o.e.m.c.i.embedder.EclipseLogger - Using 'UTF-8' encoding to copy filtered resources.
2025-08-01 14:34:32,639 [Worker-12: Building workspace] INFO  o.e.m.c.i.embedder.EclipseLogger - Copying 1 resource
2025-08-01 14:34:32,650 [Worker-12: Building workspace] INFO  o.e.m.c.i.embedder.EclipseLogger - Copying 1 resource
2025-08-01 14:34:32,653 [Worker-12: Building workspace] INFO  o.e.m.c.i.embedder.EclipseLogger - Using 'UTF-8' encoding to copy filtered resources.
2025-08-01 14:34:32,653 [Worker-12: Building workspace] INFO  o.e.m.c.i.embedder.EclipseLogger - skip non existing resourceDirectory C:\Users\abeet\Desktop\WorkSpace\Project-10\Project_10\ORSProj10\Project-10\src\test\resources
2025-08-01 14:35:49,372 [Worker-15: Building workspace] INFO  o.e.m.c.i.embedder.EclipseLogger - Using 'UTF-8' encoding to copy filtered resources.
2025-08-01 14:35:49,374 [Worker-15: Building workspace] INFO  o.e.m.c.i.embedder.EclipseLogger - Copying 1 resource
2025-08-01 14:35:49,376 [Worker-15: Building workspace] INFO  o.e.m.c.i.embedder.EclipseLogger - Copying 1 resource
2025-08-01 14:35:49,378 [Worker-15: Building workspace] INFO  o.e.m.c.i.embedder.EclipseLogger - Using 'UTF-8' encoding to copy filtered resources.
2025-08-01 14:35:49,378 [Worker-15: Building workspace] INFO  o.e.m.c.i.embedder.EclipseLogger - skip non existing resourceDirectory C:\Users\abeet\Desktop\WorkSpace\Project-10\Project_10\ORSProj10\Project-10\src\test\resources
2025-08-01 14:36:16,065 [Worker-16: Building workspace] INFO  o.e.m.c.i.embedder.EclipseLogger - Using 'UTF-8' encoding to copy filtered resources.
2025-08-01 14:36:16,066 [Worker-16: Building workspace] INFO  o.e.m.c.i.embedder.EclipseLogger - Copying 1 resource
2025-08-01 14:36:16,069 [Worker-16: Building workspace] INFO  o.e.m.c.i.embedder.EclipseLogger - Copying 1 resource
2025-08-01 14:36:16,070 [Worker-16: Building workspace] INFO  o.e.m.c.i.embedder.EclipseLogger - Using 'UTF-8' encoding to copy filtered resources.
2025-08-01 14:36:16,070 [Worker-16: Building workspace] INFO  o.e.m.c.i.embedder.EclipseLogger - skip non existing resourceDirectory C:\Users\abeet\Desktop\WorkSpace\Project-10\Project_10\ORSProj10\Project-10\src\test\resources
2025-08-01 14:38:51,141 [Worker-16: Building workspace] INFO  o.e.m.c.i.embedder.EclipseLogger - Using 'UTF-8' encoding to copy filtered resources.
2025-08-01 14:38:51,142 [Worker-16: Building workspace] INFO  o.e.m.c.i.embedder.EclipseLogger - Copying 1 resource
2025-08-01 14:38:51,145 [Worker-16: Building workspace] INFO  o.e.m.c.i.embedder.EclipseLogger - Copying 1 resource
2025-08-01 14:38:51,146 [Worker-16: Building workspace] INFO  o.e.m.c.i.embedder.EclipseLogger - Using 'UTF-8' encoding to copy filtered resources.
2025-08-01 14:38:51,146 [Worker-16: Building workspace] INFO  o.e.m.c.i.embedder.EclipseLogger - skip non existing resourceDirectory C:\Users\abeet\Desktop\WorkSpace\Project-10\Project_10\ORSProj10\Project-10\src\test\resources
2025-08-01 14:40:07,931 [Worker-12: Building workspace] INFO  o.e.m.c.i.embedder.EclipseLogger - Using 'UTF-8' encoding to copy filtered resources.
2025-08-01 14:40:07,932 [Worker-12: Building workspace] INFO  o.e.m.c.i.embedder.EclipseLogger - Copying 1 resource
2025-08-01 14:40:07,934 [Worker-12: Building workspace] INFO  o.e.m.c.i.embedder.EclipseLogger - Copying 1 resource
2025-08-01 14:40:07,935 [Worker-12: Building workspace] INFO  o.e.m.c.i.embedder.EclipseLogger - Using 'UTF-8' encoding to copy filtered resources.
2025-08-01 14:40:07,935 [Worker-12: Building workspace] INFO  o.e.m.c.i.embedder.EclipseLogger - skip non existing resourceDirectory C:\Users\abeet\Desktop\WorkSpace\Project-10\Project_10\ORSProj10\Project-10\src\test\resources
2025-08-01 14:40:14,030 [Worker-16: Building workspace] INFO  o.e.m.c.i.embedder.EclipseLogger - Using 'UTF-8' encoding to copy filtered resources.
2025-08-01 14:40:14,031 [Worker-16: Building workspace] INFO  o.e.m.c.i.embedder.EclipseLogger - Copying 1 resource
2025-08-01 14:40:14,033 [Worker-16: Building workspace] INFO  o.e.m.c.i.embedder.EclipseLogger - Copying 1 resource
2025-08-01 14:40:14,035 [Worker-16: Building workspace] INFO  o.e.m.c.i.embedder.EclipseLogger - Using 'UTF-8' encoding to copy filtered resources.
2025-08-01 14:40:14,035 [Worker-16: Building workspace] INFO  o.e.m.c.i.embedder.EclipseLogger - skip non existing resourceDirectory C:\Users\abeet\Desktop\WorkSpace\Project-10\Project_10\ORSProj10\Project-10\src\test\resources
2025-08-01 14:40:30,084 [Worker-19: Building workspace] INFO  o.e.m.c.i.embedder.EclipseLogger - Using 'UTF-8' encoding to copy filtered resources.
2025-08-01 14:40:30,085 [Worker-19: Building workspace] INFO  o.e.m.c.i.embedder.EclipseLogger - Copying 1 resource
2025-08-01 14:40:30,087 [Worker-19: Building workspace] INFO  o.e.m.c.i.embedder.EclipseLogger - Copying 1 resource
2025-08-01 14:40:30,088 [Worker-19: Building workspace] INFO  o.e.m.c.i.embedder.EclipseLogger - Using 'UTF-8' encoding to copy filtered resources.
2025-08-01 14:40:30,088 [Worker-19: Building workspace] INFO  o.e.m.c.i.embedder.EclipseLogger - skip non existing resourceDirectory C:\Users\abeet\Desktop\WorkSpace\Project-10\Project_10\ORSProj10\Project-10\src\test\resources
2025-08-01 14:41:02,311 [Worker-18: Building workspace] INFO  o.e.m.c.i.embedder.EclipseLogger - Using 'UTF-8' encoding to copy filtered resources.
2025-08-01 14:41:02,312 [Worker-18: Building workspace] INFO  o.e.m.c.i.embedder.EclipseLogger - Copying 1 resource
2025-08-01 14:41:02,314 [Worker-18: Building workspace] INFO  o.e.m.c.i.embedder.EclipseLogger - Copying 1 resource
2025-08-01 14:41:02,316 [Worker-18: Building workspace] INFO  o.e.m.c.i.embedder.EclipseLogger - Using 'UTF-8' encoding to copy filtered resources.
2025-08-01 14:41:02,317 [Worker-18: Building workspace] INFO  o.e.m.c.i.embedder.EclipseLogger - skip non existing resourceDirectory C:\Users\abeet\Desktop\WorkSpace\Project-10\Project_10\ORSProj10\Project-10\src\test\resources
2025-08-01 14:41:17,049 [Worker-17: Building workspace] INFO  o.e.m.c.i.embedder.EclipseLogger - Using 'UTF-8' encoding to copy filtered resources.
2025-08-01 14:41:17,050 [Worker-17: Building workspace] INFO  o.e.m.c.i.embedder.EclipseLogger - Copying 1 resource
2025-08-01 14:41:17,052 [Worker-17: Building workspace] INFO  o.e.m.c.i.embedder.EclipseLogger - Copying 1 resource
2025-08-01 14:41:17,053 [Worker-17: Building workspace] INFO  o.e.m.c.i.embedder.EclipseLogger - Using 'UTF-8' encoding to copy filtered resources.
2025-08-01 14:41:17,053 [Worker-17: Building workspace] INFO  o.e.m.c.i.embedder.EclipseLogger - skip non existing resourceDirectory C:\Users\abeet\Desktop\WorkSpace\Project-10\Project_10\ORSProj10\Project-10\src\test\resources
2025-08-01 14:42:17,924 [Worker-16: Building workspace] INFO  o.e.m.c.i.embedder.EclipseLogger - Using 'UTF-8' encoding to copy filtered resources.
2025-08-01 14:42:17,925 [Worker-16: Building workspace] INFO  o.e.m.c.i.embedder.EclipseLogger - Copying 1 resource
2025-08-01 14:42:17,927 [Worker-16: Building workspace] INFO  o.e.m.c.i.embedder.EclipseLogger - Copying 1 resource
2025-08-01 14:42:17,929 [Worker-16: Building workspace] INFO  o.e.m.c.i.embedder.EclipseLogger - Using 'UTF-8' encoding to copy filtered resources.
2025-08-01 14:42:17,929 [Worker-16: Building workspace] INFO  o.e.m.c.i.embedder.EclipseLogger - skip non existing resourceDirectory C:\Users\abeet\Desktop\WorkSpace\Project-10\Project_10\ORSProj10\Project-10\src\test\resources
2025-08-01 14:44:50,055 [Worker-18: Building workspace] INFO  o.e.m.c.i.embedder.EclipseLogger - Using 'UTF-8' encoding to copy filtered resources.
2025-08-01 14:44:50,056 [Worker-18: Building workspace] INFO  o.e.m.c.i.embedder.EclipseLogger - Copying 1 resource
2025-08-01 14:44:50,059 [Worker-18: Building workspace] INFO  o.e.m.c.i.embedder.EclipseLogger - Copying 1 resource
2025-08-01 14:44:50,062 [Worker-18: Building workspace] INFO  o.e.m.c.i.embedder.EclipseLogger - Using 'UTF-8' encoding to copy filtered resources.
2025-08-01 14:44:50,062 [Worker-18: Building workspace] INFO  o.e.m.c.i.embedder.EclipseLogger - skip non existing resourceDirectory C:\Users\abeet\Desktop\WorkSpace\Project-10\Project_10\ORSProj10\Project-10\src\test\resources
2025-08-01 14:45:11,788 [Worker-20: Building workspace] INFO  o.e.m.c.i.embedder.EclipseLogger - Using 'UTF-8' encoding to copy filtered resources.
2025-08-01 14:45:11,789 [Worker-20: Building workspace] INFO  o.e.m.c.i.embedder.EclipseLogger - Copying 1 resource
2025-08-01 14:45:11,791 [Worker-20: Building workspace] INFO  o.e.m.c.i.embedder.EclipseLogger - Copying 1 resource
2025-08-01 14:45:11,793 [Worker-20: Building workspace] INFO  o.e.m.c.i.embedder.EclipseLogger - Using 'UTF-8' encoding to copy filtered resources.
2025-08-01 14:45:11,793 [Worker-20: Building workspace] INFO  o.e.m.c.i.embedder.EclipseLogger - skip non existing resourceDirectory C:\Users\abeet\Desktop\WorkSpace\Project-10\Project_10\ORSProj10\Project-10\src\test\resources
2025-08-01 14:47:35,786 [Worker-20: Building workspace] INFO  o.e.m.c.i.embedder.EclipseLogger - Using 'UTF-8' encoding to copy filtered resources.
2025-08-01 14:47:35,786 [Worker-20: Building workspace] INFO  o.e.m.c.i.embedder.EclipseLogger - Copying 1 resource
2025-08-01 14:47:35,788 [Worker-20: Building workspace] INFO  o.e.m.c.i.embedder.EclipseLogger - Copying 1 resource
2025-08-01 14:47:35,790 [Worker-20: Building workspace] INFO  o.e.m.c.i.embedder.EclipseLogger - Using 'UTF-8' encoding to copy filtered resources.
2025-08-01 14:47:35,790 [Worker-20: Building workspace] INFO  o.e.m.c.i.embedder.EclipseLogger - skip non existing resourceDirectory C:\Users\abeet\Desktop\WorkSpace\Project-10\Project_10\ORSProj10\Project-10\src\test\resources
2025-08-01 14:48:00,443 [Worker-22: Building workspace] INFO  o.e.m.c.i.embedder.EclipseLogger - Using 'UTF-8' encoding to copy filtered resources.
2025-08-01 14:48:00,443 [Worker-22: Building workspace] INFO  o.e.m.c.i.embedder.EclipseLogger - Copying 1 resource
2025-08-01 14:48:00,445 [Worker-22: Building workspace] INFO  o.e.m.c.i.embedder.EclipseLogger - Copying 1 resource
2025-08-01 14:48:00,447 [Worker-22: Building workspace] INFO  o.e.m.c.i.embedder.EclipseLogger - Using 'UTF-8' encoding to copy filtered resources.
2025-08-01 14:48:00,447 [Worker-22: Building workspace] INFO  o.e.m.c.i.embedder.EclipseLogger - skip non existing resourceDirectory C:\Users\abeet\Desktop\WorkSpace\Project-10\Project_10\ORSProj10\Project-10\src\test\resources
2025-08-01 14:49:25,084 [Worker-21: Building workspace] INFO  o.e.m.c.i.embedder.EclipseLogger - Using 'UTF-8' encoding to copy filtered resources.
2025-08-01 14:49:25,085 [Worker-21: Building workspace] INFO  o.e.m.c.i.embedder.EclipseLogger - Copying 1 resource
2025-08-01 14:49:25,086 [Worker-21: Building workspace] INFO  o.e.m.c.i.embedder.EclipseLogger - Copying 1 resource
2025-08-01 14:49:25,087 [Worker-21: Building workspace] INFO  o.e.m.c.i.embedder.EclipseLogger - Using 'UTF-8' encoding to copy filtered resources.
2025-08-01 14:49:25,088 [Worker-21: Building workspace] INFO  o.e.m.c.i.embedder.EclipseLogger - skip non existing resourceDirectory C:\Users\abeet\Desktop\WorkSpace\Project-10\Project_10\ORSProj10\Project-10\src\test\resources
2025-08-01 14:49:47,650 [Worker-18: Building workspace] INFO  o.e.m.c.i.embedder.EclipseLogger - Using 'UTF-8' encoding to copy filtered resources.
2025-08-01 14:49:47,651 [Worker-18: Building workspace] INFO  o.e.m.c.i.embedder.EclipseLogger - Copying 1 resource
2025-08-01 14:49:47,653 [Worker-18: Building workspace] INFO  o.e.m.c.i.embedder.EclipseLogger - Copying 1 resource
2025-08-01 14:49:47,655 [Worker-18: Building workspace] INFO  o.e.m.c.i.embedder.EclipseLogger - Using 'UTF-8' encoding to copy filtered resources.
2025-08-01 14:49:47,655 [Worker-18: Building workspace] INFO  o.e.m.c.i.embedder.EclipseLogger - skip non existing resourceDirectory C:\Users\abeet\Desktop\WorkSpace\Project-10\Project_10\ORSProj10\Project-10\src\test\resources
2025-08-01 14:50:20,199 [Worker-18: Building workspace] INFO  o.e.m.c.i.embedder.EclipseLogger - Using 'UTF-8' encoding to copy filtered resources.
2025-08-01 14:50:20,200 [Worker-18: Building workspace] INFO  o.e.m.c.i.embedder.EclipseLogger - Copying 1 resource
2025-08-01 14:50:20,202 [Worker-18: Building workspace] INFO  o.e.m.c.i.embedder.EclipseLogger - Copying 1 resource
2025-08-01 14:50:20,204 [Worker-18: Building workspace] INFO  o.e.m.c.i.embedder.EclipseLogger - Using 'UTF-8' encoding to copy filtered resources.
2025-08-01 14:50:20,204 [Worker-18: Building workspace] INFO  o.e.m.c.i.embedder.EclipseLogger - skip non existing resourceDirectory C:\Users\abeet\Desktop\WorkSpace\Project-10\Project_10\ORSProj10\Project-10\src\test\resources
2025-08-01 14:50:38,385 [Worker-21: Building workspace] INFO  o.e.m.c.i.embedder.EclipseLogger - Using 'UTF-8' encoding to copy filtered resources.
2025-08-01 14:50:38,386 [Worker-21: Building workspace] INFO  o.e.m.c.i.embedder.EclipseLogger - Copying 1 resource
2025-08-01 14:50:38,388 [Worker-21: Building workspace] INFO  o.e.m.c.i.embedder.EclipseLogger - Copying 1 resource
2025-08-01 14:50:38,390 [Worker-21: Building workspace] INFO  o.e.m.c.i.embedder.EclipseLogger - Using 'UTF-8' encoding to copy filtered resources.
2025-08-01 14:50:38,390 [Worker-21: Building workspace] INFO  o.e.m.c.i.embedder.EclipseLogger - skip non existing resourceDirectory C:\Users\abeet\Desktop\WorkSpace\Project-10\Project_10\ORSProj10\Project-10\src\test\resources
2025-08-01 14:51:19,163 [Worker-22: Building workspace] INFO  o.e.m.c.i.embedder.EclipseLogger - Using 'UTF-8' encoding to copy filtered resources.
2025-08-01 14:51:19,164 [Worker-22: Building workspace] INFO  o.e.m.c.i.embedder.EclipseLogger - Copying 1 resource
2025-08-01 14:51:19,166 [Worker-22: Building workspace] INFO  o.e.m.c.i.embedder.EclipseLogger - Copying 1 resource
2025-08-01 14:51:19,167 [Worker-22: Building workspace] INFO  o.e.m.c.i.embedder.EclipseLogger - Using 'UTF-8' encoding to copy filtered resources.
2025-08-01 14:51:19,167 [Worker-22: Building workspace] INFO  o.e.m.c.i.embedder.EclipseLogger - skip non existing resourceDirectory C:\Users\abeet\Desktop\WorkSpace\Project-10\Project_10\ORSProj10\Project-10\src\test\resources
2025-08-01 16:12:50,093 [Worker-28: Building workspace] INFO  o.e.m.c.i.embedder.EclipseLogger - Using 'UTF-8' encoding to copy filtered resources.
2025-08-01 16:12:50,095 [Worker-28: Building workspace] INFO  o.e.m.c.i.embedder.EclipseLogger - Copying 1 resource
2025-08-01 16:12:50,097 [Worker-28: Building workspace] INFO  o.e.m.c.i.embedder.EclipseLogger - Copying 1 resource
2025-08-01 16:12:50,099 [Worker-28: Building workspace] INFO  o.e.m.c.i.embedder.EclipseLogger - Using 'UTF-8' encoding to copy filtered resources.
2025-08-01 16:12:50,099 [Worker-28: Building workspace] INFO  o.e.m.c.i.embedder.EclipseLogger - skip non existing resourceDirectory C:\Users\abeet\Desktop\WorkSpace\Project-10\Project_10\ORSProj10\Project-10\src\test\resources
2025-08-01 16:13:12,462 [Worker-28: Building workspace] INFO  o.e.m.c.i.embedder.EclipseLogger - Using 'UTF-8' encoding to copy filtered resources.
2025-08-01 16:13:12,463 [Worker-28: Building workspace] INFO  o.e.m.c.i.embedder.EclipseLogger - Copying 1 resource
2025-08-01 16:13:12,465 [Worker-28: Building workspace] INFO  o.e.m.c.i.embedder.EclipseLogger - Copying 1 resource
2025-08-01 16:13:12,466 [Worker-28: Building workspace] INFO  o.e.m.c.i.embedder.EclipseLogger - Using 'UTF-8' encoding to copy filtered resources.
2025-08-01 16:13:12,467 [Worker-28: Building workspace] INFO  o.e.m.c.i.embedder.EclipseLogger - skip non existing resourceDirectory C:\Users\abeet\Desktop\WorkSpace\Project-10\Project_10\ORSProj10\Project-10\src\test\resources
2025-08-01 16:13:44,804 [Worker-28: Building workspace] INFO  o.e.m.c.i.embedder.EclipseLogger - Using 'UTF-8' encoding to copy filtered resources.
2025-08-01 16:13:44,805 [Worker-28: Building workspace] INFO  o.e.m.c.i.embedder.EclipseLogger - Copying 1 resource
2025-08-01 16:13:44,807 [Worker-28: Building workspace] INFO  o.e.m.c.i.embedder.EclipseLogger - Copying 1 resource
2025-08-01 16:13:44,809 [Worker-28: Building workspace] INFO  o.e.m.c.i.embedder.EclipseLogger - Using 'UTF-8' encoding to copy filtered resources.
2025-08-01 16:13:44,809 [Worker-28: Building workspace] INFO  o.e.m.c.i.embedder.EclipseLogger - skip non existing resourceDirectory C:\Users\abeet\Desktop\WorkSpace\Project-10\Project_10\ORSProj10\Project-10\src\test\resources
2025-08-01 16:14:17,573 [Worker-28: Building workspace] INFO  o.e.m.c.i.embedder.EclipseLogger - Using 'UTF-8' encoding to copy filtered resources.
2025-08-01 16:14:17,575 [Worker-28: Building workspace] INFO  o.e.m.c.i.embedder.EclipseLogger - Copying 1 resource
2025-08-01 16:14:17,576 [Worker-28: Building workspace] INFO  o.e.m.c.i.embedder.EclipseLogger - Copying 1 resource
2025-08-01 16:14:17,578 [Worker-28: Building workspace] INFO  o.e.m.c.i.embedder.EclipseLogger - Using 'UTF-8' encoding to copy filtered resources.
2025-08-01 16:14:17,578 [Worker-28: Building workspace] INFO  o.e.m.c.i.embedder.EclipseLogger - skip non existing resourceDirectory C:\Users\abeet\Desktop\WorkSpace\Project-10\Project_10\ORSProj10\Project-10\src\test\resources
2025-08-01 16:15:01,498 [Worker-34: Building workspace] INFO  o.e.m.c.i.embedder.EclipseLogger - Using 'UTF-8' encoding to copy filtered resources.
2025-08-01 16:15:01,499 [Worker-34: Building workspace] INFO  o.e.m.c.i.embedder.EclipseLogger - Copying 1 resource
2025-08-01 16:15:01,500 [Worker-34: Building workspace] INFO  o.e.m.c.i.embedder.EclipseLogger - Copying 1 resource
2025-08-01 16:15:01,502 [Worker-34: Building workspace] INFO  o.e.m.c.i.embedder.EclipseLogger - Using 'UTF-8' encoding to copy filtered resources.
2025-08-01 16:15:01,502 [Worker-34: Building workspace] INFO  o.e.m.c.i.embedder.EclipseLogger - skip non existing resourceDirectory C:\Users\abeet\Desktop\WorkSpace\Project-10\Project_10\ORSProj10\Project-10\src\test\resources
2025-08-01 16:15:38,222 [Worker-28: Building workspace] INFO  o.e.m.c.i.embedder.EclipseLogger - Using 'UTF-8' encoding to copy filtered resources.
2025-08-01 16:15:38,223 [Worker-28: Building workspace] INFO  o.e.m.c.i.embedder.EclipseLogger - Copying 1 resource
2025-08-01 16:15:38,225 [Worker-28: Building workspace] INFO  o.e.m.c.i.embedder.EclipseLogger - Copying 1 resource
2025-08-01 16:15:38,227 [Worker-28: Building workspace] INFO  o.e.m.c.i.embedder.EclipseLogger - Using 'UTF-8' encoding to copy filtered resources.
2025-08-01 16:15:38,227 [Worker-28: Building workspace] INFO  o.e.m.c.i.embedder.EclipseLogger - skip non existing resourceDirectory C:\Users\abeet\Desktop\WorkSpace\Project-10\Project_10\ORSProj10\Project-10\src\test\resources
2025-08-01 16:15:55,579 [Worker-34: Building workspace] INFO  o.e.m.c.i.embedder.EclipseLogger - Using 'UTF-8' encoding to copy filtered resources.
2025-08-01 16:15:55,580 [Worker-34: Building workspace] INFO  o.e.m.c.i.embedder.EclipseLogger - Copying 1 resource
2025-08-01 16:15:55,582 [Worker-34: Building workspace] INFO  o.e.m.c.i.embedder.EclipseLogger - Copying 1 resource
2025-08-01 16:15:55,584 [Worker-34: Building workspace] INFO  o.e.m.c.i.embedder.EclipseLogger - Using 'UTF-8' encoding to copy filtered resources.
2025-08-01 16:15:55,585 [Worker-34: Building workspace] INFO  o.e.m.c.i.embedder.EclipseLogger - skip non existing resourceDirectory C:\Users\abeet\Desktop\WorkSpace\Project-10\Project_10\ORSProj10\Project-10\src\test\resources
2025-08-01 16:16:46,309 [Worker-28: Building workspace] INFO  o.e.m.c.i.embedder.EclipseLogger - Using 'UTF-8' encoding to copy filtered resources.
2025-08-01 16:16:46,311 [Worker-28: Building workspace] INFO  o.e.m.c.i.embedder.EclipseLogger - Copying 1 resource
2025-08-01 16:16:46,312 [Worker-28: Building workspace] INFO  o.e.m.c.i.embedder.EclipseLogger - Copying 1 resource
2025-08-01 16:16:46,314 [Worker-28: Building workspace] INFO  o.e.m.c.i.embedder.EclipseLogger - Using 'UTF-8' encoding to copy filtered resources.
2025-08-01 16:16:46,315 [Worker-28: Building workspace] INFO  o.e.m.c.i.embedder.EclipseLogger - skip non existing resourceDirectory C:\Users\abeet\Desktop\WorkSpace\Project-10\Project_10\ORSProj10\Project-10\src\test\resources
2025-08-01 16:21:05,632 [Worker-30: Building workspace] INFO  o.e.m.c.i.embedder.EclipseLogger - Using 'UTF-8' encoding to copy filtered resources.
2025-08-01 16:21:05,633 [Worker-30: Building workspace] INFO  o.e.m.c.i.embedder.EclipseLogger - Copying 1 resource
2025-08-01 16:21:05,634 [Worker-30: Building workspace] INFO  o.e.m.c.i.embedder.EclipseLogger - Copying 1 resource
2025-08-01 16:21:05,635 [Worker-30: Building workspace] INFO  o.e.m.c.i.embedder.EclipseLogger - Using 'UTF-8' encoding to copy filtered resources.
2025-08-01 16:21:05,635 [Worker-30: Building workspace] INFO  o.e.m.c.i.embedder.EclipseLogger - skip non existing resourceDirectory C:\Users\abeet\Desktop\WorkSpace\Project-10\Project_10\ORSProj10\Project-10\src\test\resources
2025-08-01 22:00:24,052 [Worker-41: Building workspace] INFO  o.e.m.c.i.embedder.EclipseLogger - Using 'UTF-8' encoding to copy filtered resources.
2025-08-01 22:00:24,061 [Worker-41: Building workspace] INFO  o.e.m.c.i.embedder.EclipseLogger - Copying 1 resource
2025-08-01 22:00:24,065 [Worker-41: Building workspace] INFO  o.e.m.c.i.embedder.EclipseLogger - Copying 1 resource
2025-08-01 22:00:24,069 [Worker-41: Building workspace] INFO  o.e.m.c.i.embedder.EclipseLogger - Using 'UTF-8' encoding to copy filtered resources.
2025-08-01 22:00:24,069 [Worker-41: Building workspace] INFO  o.e.m.c.i.embedder.EclipseLogger - skip non existing resourceDirectory C:\Users\abeet\Desktop\WorkSpace\Project-10\Project_10\ORSProj10\Project-10\src\test\resources
2025-08-01 22:01:41,311 [Worker-41: Building workspace] INFO  o.e.m.c.i.embedder.EclipseLogger - Using 'UTF-8' encoding to copy filtered resources.
2025-08-01 22:01:41,312 [Worker-41: Building workspace] INFO  o.e.m.c.i.embedder.EclipseLogger - Copying 1 resource
2025-08-01 22:01:41,314 [Worker-41: Building workspace] INFO  o.e.m.c.i.embedder.EclipseLogger - Copying 1 resource
2025-08-01 22:01:41,315 [Worker-41: Building workspace] INFO  o.e.m.c.i.embedder.EclipseLogger - Using 'UTF-8' encoding to copy filtered resources.
2025-08-01 22:01:41,315 [Worker-41: Building workspace] INFO  o.e.m.c.i.embedder.EclipseLogger - skip non existing resourceDirectory C:\Users\abeet\Desktop\WorkSpace\Project-10\Project_10\ORSProj10\Project-10\src\test\resources
2025-08-01 22:01:56,119 [Worker-40: Building workspace] INFO  o.e.m.c.i.embedder.EclipseLogger - Using 'UTF-8' encoding to copy filtered resources.
2025-08-01 22:01:56,120 [Worker-40: Building workspace] INFO  o.e.m.c.i.embedder.EclipseLogger - Copying 1 resource
2025-08-01 22:01:56,122 [Worker-40: Building workspace] INFO  o.e.m.c.i.embedder.EclipseLogger - Copying 1 resource
2025-08-01 22:01:56,124 [Worker-40: Building workspace] INFO  o.e.m.c.i.embedder.EclipseLogger - Using 'UTF-8' encoding to copy filtered resources.
2025-08-01 22:01:56,124 [Worker-40: Building workspace] INFO  o.e.m.c.i.embedder.EclipseLogger - skip non existing resourceDirectory C:\Users\abeet\Desktop\WorkSpace\Project-10\Project_10\ORSProj10\Project-10\src\test\resources
2025-08-01 22:02:25,529 [Worker-40: Building workspace] INFO  o.e.m.c.i.embedder.EclipseLogger - Using 'UTF-8' encoding to copy filtered resources.
2025-08-01 22:02:25,530 [Worker-40: Building workspace] INFO  o.e.m.c.i.embedder.EclipseLogger - Copying 1 resource
2025-08-01 22:02:25,532 [Worker-40: Building workspace] INFO  o.e.m.c.i.embedder.EclipseLogger - Copying 1 resource
2025-08-01 22:02:25,533 [Worker-40: Building workspace] INFO  o.e.m.c.i.embedder.EclipseLogger - Using 'UTF-8' encoding to copy filtered resources.
2025-08-01 22:02:25,534 [Worker-40: Building workspace] INFO  o.e.m.c.i.embedder.EclipseLogger - skip non existing resourceDirectory C:\Users\abeet\Desktop\WorkSpace\Project-10\Project_10\ORSProj10\Project-10\src\test\resources
2025-08-01 22:02:31,517 [Worker-42: Building workspace] INFO  o.e.m.c.i.embedder.EclipseLogger - Using 'UTF-8' encoding to copy filtered resources.
2025-08-01 22:02:31,518 [Worker-42: Building workspace] INFO  o.e.m.c.i.embedder.EclipseLogger - Copying 1 resource
2025-08-01 22:02:31,521 [Worker-42: Building workspace] INFO  o.e.m.c.i.embedder.EclipseLogger - Copying 1 resource
2025-08-01 22:02:31,522 [Worker-42: Building workspace] INFO  o.e.m.c.i.embedder.EclipseLogger - Using 'UTF-8' encoding to copy filtered resources.
2025-08-01 22:02:31,522 [Worker-42: Building workspace] INFO  o.e.m.c.i.embedder.EclipseLogger - skip non existing resourceDirectory C:\Users\abeet\Desktop\WorkSpace\Project-10\Project_10\ORSProj10\Project-10\src\test\resources
2025-08-01 22:03:05,324 [Worker-41: Building workspace] INFO  o.e.m.c.i.embedder.EclipseLogger - Using 'UTF-8' encoding to copy filtered resources.
2025-08-01 22:03:05,325 [Worker-41: Building workspace] INFO  o.e.m.c.i.embedder.EclipseLogger - Copying 1 resource
2025-08-01 22:03:05,327 [Worker-41: Building workspace] INFO  o.e.m.c.i.embedder.EclipseLogger - Copying 1 resource
2025-08-01 22:03:05,328 [Worker-41: Building workspace] INFO  o.e.m.c.i.embedder.EclipseLogger - Using 'UTF-8' encoding to copy filtered resources.
2025-08-01 22:03:05,328 [Worker-41: Building workspace] INFO  o.e.m.c.i.embedder.EclipseLogger - skip non existing resourceDirectory C:\Users\abeet\Desktop\WorkSpace\Project-10\Project_10\ORSProj10\Project-10\src\test\resources
2025-08-01 22:04:53,961 [Worker-40: Building workspace] INFO  o.e.m.c.i.embedder.EclipseLogger - Using 'UTF-8' encoding to copy filtered resources.
2025-08-01 22:04:53,963 [Worker-40: Building workspace] INFO  o.e.m.c.i.embedder.EclipseLogger - Copying 1 resource
2025-08-01 22:04:53,965 [Worker-40: Building workspace] INFO  o.e.m.c.i.embedder.EclipseLogger - Copying 1 resource
2025-08-01 22:04:53,967 [Worker-40: Building workspace] INFO  o.e.m.c.i.embedder.EclipseLogger - Using 'UTF-8' encoding to copy filtered resources.
2025-08-01 22:04:53,967 [Worker-40: Building workspace] INFO  o.e.m.c.i.embedder.EclipseLogger - skip non existing resourceDirectory C:\Users\abeet\Desktop\WorkSpace\Project-10\Project_10\ORSProj10\Project-10\src\test\resources
2025-08-01 22:05:29,308 [Worker-43: Building workspace] INFO  o.e.m.c.i.embedder.EclipseLogger - Using 'UTF-8' encoding to copy filtered resources.
2025-08-01 22:05:29,309 [Worker-43: Building workspace] INFO  o.e.m.c.i.embedder.EclipseLogger - Copying 1 resource
2025-08-01 22:05:29,313 [Worker-43: Building workspace] INFO  o.e.m.c.i.embedder.EclipseLogger - Copying 1 resource
2025-08-01 22:05:29,316 [Worker-43: Building workspace] INFO  o.e.m.c.i.embedder.EclipseLogger - Using 'UTF-8' encoding to copy filtered resources.
2025-08-01 22:05:29,316 [Worker-43: Building workspace] INFO  o.e.m.c.i.embedder.EclipseLogger - skip non existing resourceDirectory C:\Users\abeet\Desktop\WorkSpace\Project-10\Project_10\ORSProj10\Project-10\src\test\resources
2025-08-01 22:06:12,334 [Worker-41: Building workspace] INFO  o.e.m.c.i.embedder.EclipseLogger - Using 'UTF-8' encoding to copy filtered resources.
2025-08-01 22:06:12,334 [Worker-41: Building workspace] INFO  o.e.m.c.i.embedder.EclipseLogger - Copying 1 resource
2025-08-01 22:06:12,337 [Worker-41: Building workspace] INFO  o.e.m.c.i.embedder.EclipseLogger - Copying 1 resource
2025-08-01 22:06:12,338 [Worker-41: Building workspace] INFO  o.e.m.c.i.embedder.EclipseLogger - Using 'UTF-8' encoding to copy filtered resources.
2025-08-01 22:06:12,339 [Worker-41: Building workspace] INFO  o.e.m.c.i.embedder.EclipseLogger - skip non existing resourceDirectory C:\Users\abeet\Desktop\WorkSpace\Project-10\Project_10\ORSProj10\Project-10\src\test\resources
2025-08-01 22:06:54,970 [Worker-43: Building workspace] INFO  o.e.m.c.i.embedder.EclipseLogger - Using 'UTF-8' encoding to copy filtered resources.
2025-08-01 22:06:54,971 [Worker-43: Building workspace] INFO  o.e.m.c.i.embedder.EclipseLogger - Copying 1 resource
2025-08-01 22:06:54,973 [Worker-43: Building workspace] INFO  o.e.m.c.i.embedder.EclipseLogger - Copying 1 resource
2025-08-01 22:06:54,974 [Worker-43: Building workspace] INFO  o.e.m.c.i.embedder.EclipseLogger - Using 'UTF-8' encoding to copy filtered resources.
2025-08-01 22:06:54,974 [Worker-43: Building workspace] INFO  o.e.m.c.i.embedder.EclipseLogger - skip non existing resourceDirectory C:\Users\abeet\Desktop\WorkSpace\Project-10\Project_10\ORSProj10\Project-10\src\test\resources
2025-08-01 22:13:00,535 [Worker-6: Building workspace] INFO  o.e.m.c.i.embedder.EclipseLogger - Using 'UTF-8' encoding to copy filtered resources.
2025-08-01 22:13:00,537 [Worker-6: Building workspace] INFO  o.e.m.c.i.embedder.EclipseLogger - Copying 1 resource
2025-08-01 22:13:00,539 [Worker-6: Building workspace] INFO  o.e.m.c.i.embedder.EclipseLogger - Copying 1 resource
2025-08-01 22:13:00,542 [Worker-6: Building workspace] INFO  o.e.m.c.i.embedder.EclipseLogger - Using 'UTF-8' encoding to copy filtered resources.
2025-08-01 22:13:00,542 [Worker-6: Building workspace] INFO  o.e.m.c.i.embedder.EclipseLogger - skip non existing resourceDirectory C:\Users\abeet\Desktop\WorkSpace\Project-10\Project_10\ORSProj10\Project-10\src\test\resources
2025-08-01 22:13:56,765 [Worker-40: Building workspace] INFO  o.e.m.c.i.embedder.EclipseLogger - Using 'UTF-8' encoding to copy filtered resources.
2025-08-01 22:13:56,765 [Worker-40: Building workspace] INFO  o.e.m.c.i.embedder.EclipseLogger - Copying 1 resource
2025-08-01 22:13:56,767 [Worker-40: Building workspace] INFO  o.e.m.c.i.embedder.EclipseLogger - Copying 1 resource
2025-08-01 22:13:56,768 [Worker-40: Building workspace] INFO  o.e.m.c.i.embedder.EclipseLogger - Using 'UTF-8' encoding to copy filtered resources.
2025-08-01 22:13:56,768 [Worker-40: Building workspace] INFO  o.e.m.c.i.embedder.EclipseLogger - skip non existing resourceDirectory C:\Users\abeet\Desktop\WorkSpace\Project-10\Project_10\ORSProj10\Project-10\src\test\resources
2025-08-01 22:14:05,701 [Worker-45: Building workspace] INFO  o.e.m.c.i.embedder.EclipseLogger - Using 'UTF-8' encoding to copy filtered resources.
2025-08-01 22:14:05,701 [Worker-45: Building workspace] INFO  o.e.m.c.i.embedder.EclipseLogger - Copying 1 resource
2025-08-01 22:14:05,703 [Worker-45: Building workspace] INFO  o.e.m.c.i.embedder.EclipseLogger - Copying 1 resource
2025-08-01 22:14:05,705 [Worker-45: Building workspace] INFO  o.e.m.c.i.embedder.EclipseLogger - Using 'UTF-8' encoding to copy filtered resources.
2025-08-01 22:14:05,705 [Worker-45: Building workspace] INFO  o.e.m.c.i.embedder.EclipseLogger - skip non existing resourceDirectory C:\Users\abeet\Desktop\WorkSpace\Project-10\Project_10\ORSProj10\Project-10\src\test\resources
2025-08-01 22:15:19,997 [Worker-45: Building workspace] INFO  o.e.m.c.i.embedder.EclipseLogger - Using 'UTF-8' encoding to copy filtered resources.
2025-08-01 22:15:19,998 [Worker-45: Building workspace] INFO  o.e.m.c.i.embedder.EclipseLogger - Copying 1 resource
2025-08-01 22:15:20,000 [Worker-45: Building workspace] INFO  o.e.m.c.i.embedder.EclipseLogger - Copying 1 resource
2025-08-01 22:15:20,001 [Worker-45: Building workspace] INFO  o.e.m.c.i.embedder.EclipseLogger - Using 'UTF-8' encoding to copy filtered resources.
2025-08-01 22:15:20,002 [Worker-45: Building workspace] INFO  o.e.m.c.i.embedder.EclipseLogger - skip non existing resourceDirectory C:\Users\abeet\Desktop\WorkSpace\Project-10\Project_10\ORSProj10\Project-10\src\test\resources
2025-08-01 22:16:20,287 [Worker-41: Building workspace] INFO  o.e.m.c.i.embedder.EclipseLogger - Using 'UTF-8' encoding to copy filtered resources.
2025-08-01 22:16:20,288 [Worker-41: Building workspace] INFO  o.e.m.c.i.embedder.EclipseLogger - Copying 1 resource
2025-08-01 22:16:20,290 [Worker-41: Building workspace] INFO  o.e.m.c.i.embedder.EclipseLogger - Copying 1 resource
2025-08-01 22:16:20,291 [Worker-41: Building workspace] INFO  o.e.m.c.i.embedder.EclipseLogger - Using 'UTF-8' encoding to copy filtered resources.
2025-08-01 22:16:20,291 [Worker-41: Building workspace] INFO  o.e.m.c.i.embedder.EclipseLogger - skip non existing resourceDirectory C:\Users\abeet\Desktop\WorkSpace\Project-10\Project_10\ORSProj10\Project-10\src\test\resources
2025-08-01 22:16:32,353 [Worker-41: Building workspace] INFO  o.e.m.c.i.embedder.EclipseLogger - Using 'UTF-8' encoding to copy filtered resources.
2025-08-01 22:16:32,353 [Worker-41: Building workspace] INFO  o.e.m.c.i.embedder.EclipseLogger - Copying 1 resource
2025-08-01 22:16:32,355 [Worker-41: Building workspace] INFO  o.e.m.c.i.embedder.EclipseLogger - Copying 1 resource
2025-08-01 22:16:32,357 [Worker-41: Building workspace] INFO  o.e.m.c.i.embedder.EclipseLogger - Using 'UTF-8' encoding to copy filtered resources.
2025-08-01 22:16:32,357 [Worker-41: Building workspace] INFO  o.e.m.c.i.embedder.EclipseLogger - skip non existing resourceDirectory C:\Users\abeet\Desktop\WorkSpace\Project-10\Project_10\ORSProj10\Project-10\src\test\resources
2025-08-01 22:16:46,180 [Worker-40: Building workspace] INFO  o.e.m.c.i.embedder.EclipseLogger - Using 'UTF-8' encoding to copy filtered resources.
2025-08-01 22:16:46,181 [Worker-40: Building workspace] INFO  o.e.m.c.i.embedder.EclipseLogger - Copying 1 resource
2025-08-01 22:16:46,183 [Worker-40: Building workspace] INFO  o.e.m.c.i.embedder.EclipseLogger - Copying 1 resource
2025-08-01 22:16:46,185 [Worker-40: Building workspace] INFO  o.e.m.c.i.embedder.EclipseLogger - Using 'UTF-8' encoding to copy filtered resources.
2025-08-01 22:16:46,185 [Worker-40: Building workspace] INFO  o.e.m.c.i.embedder.EclipseLogger - skip non existing resourceDirectory C:\Users\abeet\Desktop\WorkSpace\Project-10\Project_10\ORSProj10\Project-10\src\test\resources
2025-08-01 22:20:41,463 [Worker-45: Building workspace] INFO  o.e.m.c.i.embedder.EclipseLogger - Using 'UTF-8' encoding to copy filtered resources.
2025-08-01 22:20:41,463 [Worker-45: Building workspace] INFO  o.e.m.c.i.embedder.EclipseLogger - Copying 1 resource
2025-08-01 22:20:41,466 [Worker-45: Building workspace] INFO  o.e.m.c.i.embedder.EclipseLogger - Copying 1 resource
2025-08-01 22:20:41,468 [Worker-45: Building workspace] INFO  o.e.m.c.i.embedder.EclipseLogger - Using 'UTF-8' encoding to copy filtered resources.
2025-08-01 22:20:41,468 [Worker-45: Building workspace] INFO  o.e.m.c.i.embedder.EclipseLogger - skip non existing resourceDirectory C:\Users\abeet\Desktop\WorkSpace\Project-10\Project_10\ORSProj10\Project-10\src\test\resources
2025-08-01 22:20:48,437 [Worker-6: Building workspace] INFO  o.e.m.c.i.embedder.EclipseLogger - Using 'UTF-8' encoding to copy filtered resources.
2025-08-01 22:20:48,438 [Worker-6: Building workspace] INFO  o.e.m.c.i.embedder.EclipseLogger - Copying 1 resource
2025-08-01 22:20:48,439 [Worker-6: Building workspace] INFO  o.e.m.c.i.embedder.EclipseLogger - Copying 1 resource
2025-08-01 22:20:48,440 [Worker-6: Building workspace] INFO  o.e.m.c.i.embedder.EclipseLogger - Using 'UTF-8' encoding to copy filtered resources.
2025-08-01 22:20:48,440 [Worker-6: Building workspace] INFO  o.e.m.c.i.embedder.EclipseLogger - skip non existing resourceDirectory C:\Users\abeet\Desktop\WorkSpace\Project-10\Project_10\ORSProj10\Project-10\src\test\resources
2025-08-01 22:25:22,326 [Worker-2: Loading available Gradle versions] INFO  o.e.b.c.i.u.g.PublishedGradleVersions - Gradle version information cache is up-to-date. Trying to read.
2025-08-01 22:25:32,676 [Worker-7: Updating Maven Project] INFO  o.e.m.c.i.p.ProjectConfigurationManager - Update started
2025-08-01 22:25:34,097 [Worker-7: Updating Maven Project] INFO  o.e.m.c.i.l.LifecycleMappingFactory - Using org.eclipse.m2e.jdt.JarLifecycleMapping lifecycle mapping for MavenProject: com.sunilos:springboottest:0.0.1-SNAPSHOT @ C:\Users\abeet\Desktop\WorkSpace\Project-10\Project_10\ORSProj10\Project-10\pom.xml.
2025-08-01 22:25:35,022 [Worker-7: Updating Maven Project] INFO  o.e.m.j.i.AbstractJavaProjectConfigurator - Adding source folder /Project-10/src/main/java
2025-08-01 22:25:35,023 [Worker-7: Updating Maven Project] INFO  o.e.m.j.i.AbstractJavaProjectConfigurator - Adding resource folder /Project-10/src/main/resources
2025-08-01 22:25:35,023 [Worker-7: Updating Maven Project] INFO  o.e.m.j.i.AbstractJavaProjectConfigurator - Adding resource folder /Project-10/src/main/resources
2025-08-01 22:25:35,024 [Worker-7: Updating Maven Project] INFO  o.e.m.j.i.AbstractJavaProjectConfigurator - Adding source folder /Project-10/src/test/java
2025-08-01 22:25:35,465 [Worker-7: Updating Maven Project] INFO  o.e.m.c.i.p.ProjectConfigurationManager - Update completed: 2 sec
2025-08-01 22:25:37,004 [Worker-11: Building workspace] INFO  o.e.m.c.i.embedder.EclipseLogger - Using 'UTF-8' encoding to copy filtered resources.
2025-08-01 22:25:37,008 [Worker-11: Building workspace] INFO  o.e.m.c.i.embedder.EclipseLogger - Copying 1 resource
2025-08-01 22:25:37,018 [Worker-11: Building workspace] INFO  o.e.m.c.i.embedder.EclipseLogger - Copying 1 resource
2025-08-01 22:25:37,027 [Worker-11: Building workspace] INFO  o.e.m.c.i.embedder.EclipseLogger - Using 'UTF-8' encoding to copy filtered resources.
2025-08-01 22:25:37,027 [Worker-11: Building workspace] INFO  o.e.m.c.i.embedder.EclipseLogger - skip non existing resourceDirectory C:\Users\abeet\Desktop\WorkSpace\Project-10\Project_10\ORSProj10\Project-10\src\test\resources
2025-08-01 22:28:52,317 [Worker-0: Building workspace] INFO  o.e.m.c.i.embedder.EclipseLogger - Using 'UTF-8' encoding to copy filtered resources.
2025-08-01 22:28:52,320 [Worker-0: Building workspace] INFO  o.e.m.c.i.embedder.EclipseLogger - Copying 1 resource
2025-08-01 22:28:52,323 [Worker-0: Building workspace] INFO  o.e.m.c.i.embedder.EclipseLogger - Copying 1 resource
2025-08-01 22:28:52,324 [Worker-0: Building workspace] INFO  o.e.m.c.i.embedder.EclipseLogger - Using 'UTF-8' encoding to copy filtered resources.
2025-08-01 22:28:52,325 [Worker-0: Building workspace] INFO  o.e.m.c.i.embedder.EclipseLogger - skip non existing resourceDirectory C:\Users\abeet\Desktop\WorkSpace\Project-10\Project_10\ORSProj10\Project-10\src\test\resources
2025-08-01 22:32:34,833 [Worker-13: Building workspace] INFO  o.e.m.c.i.embedder.EclipseLogger - Using 'UTF-8' encoding to copy filtered resources.
2025-08-01 22:32:34,834 [Worker-13: Building workspace] INFO  o.e.m.c.i.embedder.EclipseLogger - Copying 1 resource
2025-08-01 22:32:34,836 [Worker-13: Building workspace] INFO  o.e.m.c.i.embedder.EclipseLogger - Copying 1 resource
2025-08-01 22:32:34,838 [Worker-13: Building workspace] INFO  o.e.m.c.i.embedder.EclipseLogger - Using 'UTF-8' encoding to copy filtered resources.
2025-08-01 22:32:34,838 [Worker-13: Building workspace] INFO  o.e.m.c.i.embedder.EclipseLogger - skip non existing resourceDirectory C:\Users\abeet\Desktop\WorkSpace\Project-10\Project_10\ORSProj10\Project-10\src\test\resources
2025-08-02 12:57:24,102 [Worker-14: Loading available Gradle versions] INFO  o.e.b.c.i.u.g.PublishedGradleVersions - Gradle version information cache is up-to-date. Trying to read.
2025-08-02 12:57:30,469 [Worker-13: Updating Maven Project] INFO  o.e.m.c.i.p.ProjectConfigurationManager - Update started
2025-08-02 12:57:33,403 [Worker-13: Updating Maven Project] INFO  o.e.m.c.i.l.LifecycleMappingFactory - Using org.eclipse.m2e.jdt.JarLifecycleMapping lifecycle mapping for MavenProject: com.sunilos:springboottest:0.0.1-SNAPSHOT @ C:\Users\abeet\Desktop\WorkSpace\Project-10\Project_10\ORSProj10\Project-10\pom.xml.
2025-08-02 12:57:35,662 [Worker-13: Updating Maven Project] INFO  o.e.m.j.i.AbstractJavaProjectConfigurator - Adding source folder /Project-10/src/main/java
2025-08-02 12:57:35,663 [Worker-13: Updating Maven Project] INFO  o.e.m.j.i.AbstractJavaProjectConfigurator - Adding resource folder /Project-10/src/main/resources
2025-08-02 12:57:35,664 [Worker-13: Updating Maven Project] INFO  o.e.m.j.i.AbstractJavaProjectConfigurator - Adding resource folder /Project-10/src/main/resources
2025-08-02 12:57:35,665 [Worker-13: Updating Maven Project] INFO  o.e.m.j.i.AbstractJavaProjectConfigurator - Adding source folder /Project-10/src/test/java
2025-08-02 12:57:36,757 [Worker-13: Updating Maven Project] INFO  o.e.m.c.i.p.ProjectConfigurationManager - Update completed: 6 sec
2025-08-02 12:57:41,668 [Worker-15: Building workspace] INFO  o.e.m.c.i.embedder.EclipseLogger - Using 'UTF-8' encoding to copy filtered resources.
2025-08-02 12:57:41,674 [Worker-15: Building workspace] INFO  o.e.m.c.i.embedder.EclipseLogger - Copying 1 resource
2025-08-02 12:57:41,696 [Worker-15: Building workspace] INFO  o.e.m.c.i.embedder.EclipseLogger - Copying 1 resource
2025-08-02 12:57:41,730 [Worker-15: Building workspace] INFO  o.e.m.c.i.embedder.EclipseLogger - Using 'UTF-8' encoding to copy filtered resources.
2025-08-02 12:57:41,730 [Worker-15: Building workspace] INFO  o.e.m.c.i.embedder.EclipseLogger - skip non existing resourceDirectory C:\Users\abeet\Desktop\WorkSpace\Project-10\Project_10\ORSProj10\Project-10\src\test\resources
2025-08-02 12:59:19,507 [Worker-13: Building workspace] INFO  o.e.m.c.i.embedder.EclipseLogger - Using 'UTF-8' encoding to copy filtered resources.
2025-08-02 12:59:19,514 [Worker-13: Building workspace] INFO  o.e.m.c.i.embedder.EclipseLogger - Copying 1 resource
2025-08-02 12:59:19,519 [Worker-13: Building workspace] INFO  o.e.m.c.i.embedder.EclipseLogger - Copying 1 resource
2025-08-02 12:59:19,522 [Worker-13: Building workspace] INFO  o.e.m.c.i.embedder.EclipseLogger - Using 'UTF-8' encoding to copy filtered resources.
2025-08-02 12:59:19,522 [Worker-13: Building workspace] INFO  o.e.m.c.i.embedder.EclipseLogger - skip non existing resourceDirectory C:\Users\abeet\Desktop\WorkSpace\Project-10\Project_10\ORSProj10\Project-10\src\test\resources
2025-08-02 13:00:47,991 [Worker-14: Building workspace] INFO  o.e.m.c.i.embedder.EclipseLogger - Using 'UTF-8' encoding to copy filtered resources.
2025-08-02 13:00:47,993 [Worker-14: Building workspace] INFO  o.e.m.c.i.embedder.EclipseLogger - Copying 1 resource
2025-08-02 13:00:47,997 [Worker-14: Building workspace] INFO  o.e.m.c.i.embedder.EclipseLogger - Copying 1 resource
2025-08-02 13:00:48,002 [Worker-14: Building workspace] INFO  o.e.m.c.i.embedder.EclipseLogger - Using 'UTF-8' encoding to copy filtered resources.
2025-08-02 13:00:48,002 [Worker-14: Building workspace] INFO  o.e.m.c.i.embedder.EclipseLogger - skip non existing resourceDirectory C:\Users\abeet\Desktop\WorkSpace\Project-10\Project_10\ORSProj10\Project-10\src\test\resources
2025-08-02 13:04:11,115 [Worker-14: Building workspace] INFO  o.e.m.c.i.embedder.EclipseLogger - Using 'UTF-8' encoding to copy filtered resources.
2025-08-02 13:04:11,118 [Worker-14: Building workspace] INFO  o.e.m.c.i.embedder.EclipseLogger - Copying 1 resource
2025-08-02 13:04:11,126 [Worker-14: Building workspace] INFO  o.e.m.c.i.embedder.EclipseLogger - Copying 1 resource
2025-08-02 13:04:11,129 [Worker-14: Building workspace] INFO  o.e.m.c.i.embedder.EclipseLogger - Using 'UTF-8' encoding to copy filtered resources.
2025-08-02 13:04:11,129 [Worker-14: Building workspace] INFO  o.e.m.c.i.embedder.EclipseLogger - skip non existing resourceDirectory C:\Users\abeet\Desktop\WorkSpace\Project-10\Project_10\ORSProj10\Project-10\src\test\resources
2025-08-25 15:46:51,379 [Worker-12: Loading available Gradle versions] INFO  o.e.b.c.i.u.g.PublishedGradleVersions - Gradle version information cache is out-of-date. Trying to update.
2025-08-25 16:41:54,350 [Worker-31: Building workspace] INFO  o.e.m.c.i.embedder.EclipseLogger - Using 'UTF-8' encoding to copy filtered resources.
2025-08-25 16:41:54,362 [Worker-31: Building workspace] INFO  o.e.m.c.i.embedder.EclipseLogger - Copying 1 resource
2025-08-25 16:41:54,384 [Worker-31: Building workspace] INFO  o.e.m.c.i.embedder.EclipseLogger - Copying 1 resource
2025-08-25 16:41:54,389 [Worker-31: Building workspace] INFO  o.e.m.c.i.embedder.EclipseLogger - Using 'UTF-8' encoding to copy filtered resources.
2025-08-25 16:41:54,389 [Worker-31: Building workspace] INFO  o.e.m.c.i.embedder.EclipseLogger - skip non existing resourceDirectory C:\Users\abeet\Desktop\WorkSpace\Project-10\Project_10\ORSProj10\Project-10\src\test\resources
2025-08-25 16:42:39,027 [Worker-32: Building workspace] INFO  o.e.m.c.i.embedder.EclipseLogger - Using 'UTF-8' encoding to copy filtered resources.
2025-08-25 16:42:39,032 [Worker-32: Building workspace] INFO  o.e.m.c.i.embedder.EclipseLogger - Copying 1 resource
2025-08-25 16:42:39,038 [Worker-32: Building workspace] INFO  o.e.m.c.i.embedder.EclipseLogger - Copying 1 resource
2025-08-25 16:42:39,041 [Worker-32: Building workspace] INFO  o.e.m.c.i.embedder.EclipseLogger - Using 'UTF-8' encoding to copy filtered resources.
2025-08-25 16:42:39,041 [Worker-32: Building workspace] INFO  o.e.m.c.i.embedder.EclipseLogger - skip non existing resourceDirectory C:\Users\abeet\Desktop\WorkSpace\Project-10\Project_10\ORSProj10\Project-10\src\test\resources
2025-08-26 00:42:22,125 [Worker-49: Building workspace] INFO  o.e.m.c.i.embedder.EclipseLogger - Using 'UTF-8' encoding to copy filtered resources.
2025-08-26 00:42:22,128 [Worker-49: Building workspace] INFO  o.e.m.c.i.embedder.EclipseLogger - Copying 1 resource
2025-08-26 00:42:22,132 [Worker-49: Building workspace] INFO  o.e.m.c.i.embedder.EclipseLogger - Copying 1 resource
2025-08-26 00:42:22,133 [Worker-49: Building workspace] INFO  o.e.m.c.i.embedder.EclipseLogger - Using 'UTF-8' encoding to copy filtered resources.
2025-08-26 00:42:22,133 [Worker-49: Building workspace] INFO  o.e.m.c.i.embedder.EclipseLogger - skip non existing resourceDirectory C:\Users\abeet\Desktop\WorkSpace\Project-10\Project_10\ORSProj10\Project-10\src\test\resources
2025-08-26 00:51:09,711 [Worker-49: Building workspace] INFO  o.e.m.c.i.embedder.EclipseLogger - Using 'UTF-8' encoding to copy filtered resources.
2025-08-26 00:51:09,713 [Worker-49: Building workspace] INFO  o.e.m.c.i.embedder.EclipseLogger - Copying 1 resource
2025-08-26 00:51:09,715 [Worker-49: Building workspace] INFO  o.e.m.c.i.embedder.EclipseLogger - Copying 1 resource
2025-08-26 00:51:09,717 [Worker-49: Building workspace] INFO  o.e.m.c.i.embedder.EclipseLogger - Using 'UTF-8' encoding to copy filtered resources.
2025-08-26 00:51:09,717 [Worker-49: Building workspace] INFO  o.e.m.c.i.embedder.EclipseLogger - skip non existing resourceDirectory C:\Users\abeet\Desktop\WorkSpace\Project-10\Project_10\ORSProj10\Project-10\src\test\resources
2025-08-26 16:40:23,735 [Worker-12: Loading available Gradle versions] INFO  o.e.b.c.i.u.g.PublishedGradleVersions - Gradle version information cache is out-of-date. Trying to update.
2025-08-26 17:03:55,502 [Worker-18: Building workspace] INFO  o.e.m.c.i.embedder.EclipseLogger - Using 'UTF-8' encoding to copy filtered resources.
2025-08-26 17:03:55,513 [Worker-18: Building workspace] INFO  o.e.m.c.i.embedder.EclipseLogger - Copying 1 resource
2025-08-26 17:03:55,539 [Worker-18: Building workspace] INFO  o.e.m.c.i.embedder.EclipseLogger - Copying 1 resource
2025-08-26 17:03:55,544 [Worker-18: Building workspace] INFO  o.e.m.c.i.embedder.EclipseLogger - Using 'UTF-8' encoding to copy filtered resources.
2025-08-26 17:03:55,545 [Worker-18: Building workspace] INFO  o.e.m.c.i.embedder.EclipseLogger - skip non existing resourceDirectory C:\Users\abeet\Desktop\WorkSpace\Project-10\Project_10\ORSProj10\Project-10\src\test\resources
2025-08-26 17:04:16,926 [Worker-18: Building workspace] INFO  o.e.m.c.i.embedder.EclipseLogger - Using 'UTF-8' encoding to copy filtered resources.
2025-08-26 17:04:16,931 [Worker-18: Building workspace] INFO  o.e.m.c.i.embedder.EclipseLogger - Copying 1 resource
2025-08-26 17:04:16,937 [Worker-18: Building workspace] INFO  o.e.m.c.i.embedder.EclipseLogger - Copying 1 resource
2025-08-26 17:04:16,940 [Worker-18: Building workspace] INFO  o.e.m.c.i.embedder.EclipseLogger - Using 'UTF-8' encoding to copy filtered resources.
2025-08-26 17:04:16,942 [Worker-18: Building workspace] INFO  o.e.m.c.i.embedder.EclipseLogger - skip non existing resourceDirectory C:\Users\abeet\Desktop\WorkSpace\Project-10\Project_10\ORSProj10\Project-10\src\test\resources
2025-08-26 17:09:20,810 [Worker-23: Building workspace] INFO  o.e.m.c.i.embedder.EclipseLogger - Using 'UTF-8' encoding to copy filtered resources.
2025-08-26 17:09:20,811 [Worker-23: Building workspace] INFO  o.e.m.c.i.embedder.EclipseLogger - Copying 1 resource
2025-08-26 17:09:20,815 [Worker-23: Building workspace] INFO  o.e.m.c.i.embedder.EclipseLogger - Copying 1 resource
2025-08-26 17:09:20,818 [Worker-23: Building workspace] INFO  o.e.m.c.i.embedder.EclipseLogger - Using 'UTF-8' encoding to copy filtered resources.
2025-08-26 17:09:20,818 [Worker-23: Building workspace] INFO  o.e.m.c.i.embedder.EclipseLogger - skip non existing resourceDirectory C:\Users\abeet\Desktop\WorkSpace\Project-10\Project_10\ORSProj10\Project-10\src\test\resources
2025-08-26 17:15:35,208 [Worker-23: Building workspace] INFO  o.e.m.c.i.embedder.EclipseLogger - Using 'UTF-8' encoding to copy filtered resources.
2025-08-26 17:15:35,209 [Worker-23: Building workspace] INFO  o.e.m.c.i.embedder.EclipseLogger - Copying 1 resource
2025-08-26 17:15:35,211 [Worker-23: Building workspace] INFO  o.e.m.c.i.embedder.EclipseLogger - Copying 1 resource
2025-08-26 17:15:35,213 [Worker-23: Building workspace] INFO  o.e.m.c.i.embedder.EclipseLogger - Using 'UTF-8' encoding to copy filtered resources.
2025-08-26 17:15:35,213 [Worker-23: Building workspace] INFO  o.e.m.c.i.embedder.EclipseLogger - skip non existing resourceDirectory C:\Users\abeet\Desktop\WorkSpace\Project-10\Project_10\ORSProj10\Project-10\src\test\resources
2025-08-26 17:16:58,806 [Worker-25: Building workspace] INFO  o.e.m.c.i.embedder.EclipseLogger - Using 'UTF-8' encoding to copy filtered resources.
2025-08-26 17:16:58,807 [Worker-25: Building workspace] INFO  o.e.m.c.i.embedder.EclipseLogger - Copying 1 resource
2025-08-26 17:16:58,809 [Worker-25: Building workspace] INFO  o.e.m.c.i.embedder.EclipseLogger - Copying 1 resource
2025-08-26 17:16:58,811 [Worker-25: Building workspace] INFO  o.e.m.c.i.embedder.EclipseLogger - Using 'UTF-8' encoding to copy filtered resources.
2025-08-26 17:16:58,811 [Worker-25: Building workspace] INFO  o.e.m.c.i.embedder.EclipseLogger - skip non existing resourceDirectory C:\Users\abeet\Desktop\WorkSpace\Project-10\Project_10\ORSProj10\Project-10\src\test\resources
2025-08-26 17:17:36,437 [Worker-24: Building workspace] INFO  o.e.m.c.i.embedder.EclipseLogger - Using 'UTF-8' encoding to copy filtered resources.
2025-08-26 17:17:36,438 [Worker-24: Building workspace] INFO  o.e.m.c.i.embedder.EclipseLogger - Copying 1 resource
2025-08-26 17:17:36,454 [Worker-24: Building workspace] INFO  o.e.m.c.i.embedder.EclipseLogger - Copying 1 resource
2025-08-26 17:17:36,456 [Worker-24: Building workspace] INFO  o.e.m.c.i.embedder.EclipseLogger - Using 'UTF-8' encoding to copy filtered resources.
2025-08-26 17:17:36,456 [Worker-24: Building workspace] INFO  o.e.m.c.i.embedder.EclipseLogger - skip non existing resourceDirectory C:\Users\abeet\Desktop\WorkSpace\Project-10\Project_10\ORSProj10\Project-10\src\test\resources
2025-08-26 17:20:33,278 [Worker-25: Building workspace] INFO  o.e.m.c.i.embedder.EclipseLogger - Using 'UTF-8' encoding to copy filtered resources.
2025-08-26 17:20:33,279 [Worker-25: Building workspace] INFO  o.e.m.c.i.embedder.EclipseLogger - Copying 1 resource
2025-08-26 17:20:33,281 [Worker-25: Building workspace] INFO  o.e.m.c.i.embedder.EclipseLogger - Copying 1 resource
2025-08-26 17:20:33,282 [Worker-25: Building workspace] INFO  o.e.m.c.i.embedder.EclipseLogger - Using 'UTF-8' encoding to copy filtered resources.
2025-08-26 17:20:33,283 [Worker-25: Building workspace] INFO  o.e.m.c.i.embedder.EclipseLogger - skip non existing resourceDirectory C:\Users\abeet\Desktop\WorkSpace\Project-10\Project_10\ORSProj10\Project-10\src\test\resources
2025-08-26 17:22:22,479 [Worker-29: Building workspace] INFO  o.e.m.c.i.embedder.EclipseLogger - Using 'UTF-8' encoding to copy filtered resources.
2025-08-26 17:22:22,480 [Worker-29: Building workspace] INFO  o.e.m.c.i.embedder.EclipseLogger - Copying 1 resource
2025-08-26 17:22:22,482 [Worker-29: Building workspace] INFO  o.e.m.c.i.embedder.EclipseLogger - Copying 1 resource
2025-08-26 17:22:22,485 [Worker-29: Building workspace] INFO  o.e.m.c.i.embedder.EclipseLogger - Using 'UTF-8' encoding to copy filtered resources.
2025-08-26 17:22:22,485 [Worker-29: Building workspace] INFO  o.e.m.c.i.embedder.EclipseLogger - skip non existing resourceDirectory C:\Users\abeet\Desktop\WorkSpace\Project-10\Project_10\ORSProj10\Project-10\src\test\resources
2025-08-28 16:18:16,841 [Worker-20: Loading available Gradle versions] INFO  o.e.b.c.i.u.g.PublishedGradleVersions - Gradle version information cache is out-of-date. Trying to update.
2025-08-28 16:18:29,180 [Worker-20: Loading available Gradle versions] INFO  o.e.b.c.i.u.g.PublishedGradleVersions - Updating Gradle version information cache failed. Using outdated cache.
2025-09-04 16:33:43,830 [Worker-5: Loading available Gradle versions] INFO  o.e.b.c.i.u.g.PublishedGradleVersions - Gradle version information cache is up-to-date. Trying to read.
2025-09-05 17:23:32,539 [Worker-0: Loading available Gradle versions] INFO  o.e.b.c.i.u.g.PublishedGradleVersions - Gradle version information cache is up-to-date. Trying to read.
2025-09-08 15:20:26,916 [Worker-3: Loading available Gradle versions] INFO  o.e.b.c.i.u.g.PublishedGradleVersions - Gradle version information cache is out-of-date. Trying to update.
2025-09-08 17:46:56,369 [Worker-40: Building workspace] INFO  o.e.m.c.i.embedder.EclipseLogger - Using 'UTF-8' encoding to copy filtered resources.
2025-09-08 17:46:56,374 [Worker-40: Building workspace] INFO  o.e.m.c.i.embedder.EclipseLogger - Copying 1 resource
2025-09-08 17:46:56,386 [Worker-40: Building workspace] INFO  o.e.m.c.i.embedder.EclipseLogger - Copying 1 resource
2025-09-08 17:46:56,395 [Worker-40: Building workspace] INFO  o.e.m.c.i.embedder.EclipseLogger - Using 'UTF-8' encoding to copy filtered resources.
2025-09-08 17:46:56,395 [Worker-40: Building workspace] INFO  o.e.m.c.i.embedder.EclipseLogger - skip non existing resourceDirectory C:\Users\abeet\Desktop\WorkSpace\Project-10\Project_10\ORSProj10\Project-10\src\test\resources
2025-09-09 13:26:42,276 [Worker-1: Loading available Gradle versions] INFO  o.e.b.c.i.u.g.PublishedGradleVersions - Gradle version information cache is up-to-date. Trying to read.
2025-09-10 13:01:02,887 [Worker-11: Loading available Gradle versions] INFO  o.e.b.c.i.u.g.PublishedGradleVersions - Gradle version information cache is out-of-date. Trying to update.
2025-09-10 13:47:04,277 [Worker-2: Loading available Gradle versions] INFO  o.e.b.c.i.u.g.PublishedGradleVersions - Gradle version information cache is up-to-date. Trying to read.
2025-09-20 13:56:49,600 [Worker-7: Building workspace] INFO  o.e.m.c.i.embedder.EclipseLogger - Using 'UTF-8' encoding to copy filtered resources.
2025-09-20 13:56:49,613 [Worker-7: Building workspace] INFO  o.e.m.c.i.embedder.EclipseLogger - Copying 1 resource
2025-09-20 13:56:49,640 [Worker-7: Building workspace] INFO  o.e.m.c.i.embedder.EclipseLogger - Copying 1 resource
2025-09-20 13:56:49,645 [Worker-7: Building workspace] INFO  o.e.m.c.i.embedder.EclipseLogger - Using 'UTF-8' encoding to copy filtered resources.
2025-09-20 13:56:49,646 [Worker-7: Building workspace] INFO  o.e.m.c.i.embedder.EclipseLogger - skip non existing resourceDirectory C:\Users\abeet\Desktop\WorkSpace\Project-10\Project_10\ORSProj10\Project-10\src\test\resources
2025-09-20 17:16:12,243 [Worker-7: Loading available Gradle versions] INFO  o.e.b.c.i.u.g.PublishedGradleVersions - Gradle version information cache is up-to-date. Trying to read.
2025-10-09 16:50:42,181 [Worker-4: Loading available Gradle versions] INFO  o.e.b.c.i.u.g.PublishedGradleVersions - Gradle version information cache is out-of-date. Trying to update.
2025-10-13 13:19:10,175 [Worker-4: Loading available Gradle versions] INFO  o.e.b.c.i.u.g.PublishedGradleVersions - Gradle version information cache is out-of-date. Trying to update.
2025-10-13 13:23:48,496 [Worker-7: Loading available Gradle versions] INFO  o.e.b.c.i.u.g.PublishedGradleVersions - Gradle version information cache is up-to-date. Trying to read.
2025-10-13 14:06:32,402 [Worker-15: Launching ProjectOrsApplication (1)] INFO  o.e.m.c.i.embedder.EclipseLogger - Using 'UTF-8' encoding to copy filtered resources.
2025-10-13 14:06:32,408 [Worker-15: Launching ProjectOrsApplication (1)] INFO  o.e.m.c.i.embedder.EclipseLogger - Copying 1 resource
2025-10-13 14:06:32,427 [Worker-15: Launching ProjectOrsApplication (1)] INFO  o.e.m.c.i.embedder.EclipseLogger - Copying 1 resource
2025-10-13 14:06:32,438 [Worker-15: Launching ProjectOrsApplication (1)] INFO  o.e.m.c.i.embedder.EclipseLogger - Using 'UTF-8' encoding to copy filtered resources.
2025-10-13 14:06:32,438 [Worker-15: Launching ProjectOrsApplication (1)] INFO  o.e.m.c.i.embedder.EclipseLogger - skip non existing resourceDirectory C:\Users\abeet\Desktop\WorkSpace\Project-10\Project_10\ORSProj10\Project-10\src\test\resources
2025-12-08 15:36:36,182 [Worker-2: Loading available Gradle versions] INFO  o.e.b.c.i.u.g.PublishedGradleVersions - Gradle version information cache is out-of-date. Trying to update.
2025-12-08 15:36:36,411 [Worker-2: Loading available Gradle versions] INFO  o.e.b.c.i.u.g.PublishedGradleVersions - Updating Gradle version information cache failed. Using outdated cache.
2025-12-09 15:10:59,035 [Worker-1: Loading available Gradle versions] INFO  o.e.b.c.i.u.g.PublishedGradleVersions - Gradle version information cache is out-of-date. Trying to update.
2025-12-09 15:10:59,405 [Worker-1: Loading available Gradle versions] INFO  o.e.b.c.i.u.g.PublishedGradleVersions - Updating Gradle version information cache failed. Using outdated cache.
2025-12-10 15:31:00,515 [Worker-0: Loading available Gradle versions] INFO  o.e.b.c.i.u.g.PublishedGradleVersions - Gradle version information cache is out-of-date. Trying to update.
2025-12-27 23:21:08,982 [Worker-6: Loading available Gradle versions] INFO  o.e.b.c.i.u.g.PublishedGradleVersions - Gradle version information cache is out-of-date. Trying to update.
2025-12-27 23:21:09,317 [Worker-6: Loading available Gradle versions] INFO  o.e.b.c.i.u.g.PublishedGradleVersions - Updating Gradle version information cache failed. Using outdated cache.
2025-12-31 20:02:42,214 [Worker-1: Loading available Gradle versions] INFO  o.e.b.c.i.u.g.PublishedGradleVersions - Gradle version information cache is out-of-date. Trying to update.
2025-12-31 20:02:55,334 [Worker-1: Loading available Gradle versions] INFO  o.e.b.c.i.u.g.PublishedGradleVersions - Updating Gradle version information cache failed. Using outdated cache.
2025-12-31 20:15:59,998 [Worker-14: Launching ProjectOrsApplication (1)] INFO  o.e.m.c.i.embedder.EclipseLogger - Using 'UTF-8' encoding to copy filtered resources.
2025-12-31 20:16:00,005 [Worker-14: Launching ProjectOrsApplication (1)] INFO  o.e.m.c.i.embedder.EclipseLogger - Copying 1 resource
2025-12-31 20:16:00,034 [Worker-14: Launching ProjectOrsApplication (1)] INFO  o.e.m.c.i.embedder.EclipseLogger - Copying 1 resource
2025-12-31 20:16:00,048 [Worker-14: Launching ProjectOrsApplication (1)] INFO  o.e.m.c.i.embedder.EclipseLogger - Using 'UTF-8' encoding to copy filtered resources.
2025-12-31 20:16:00,048 [Worker-14: Launching ProjectOrsApplication (1)] INFO  o.e.m.c.i.embedder.EclipseLogger - skip non existing resourceDirectory C:\Users\abeet\Desktop\WorkSpace\Project-10\Project_10\ORSProj10\Project-10\src\test\resources
2026-01-03 17:43:57,670 [Worker-3: Loading available Gradle versions] INFO  o.e.b.c.i.u.g.PublishedGradleVersions - Gradle version information cache is out-of-date. Trying to update.
2026-01-08 12:55:16,124 [Worker-3: Loading available Gradle versions] INFO  o.e.b.c.i.u.g.PublishedGradleVersions - Gradle version information cache is out-of-date. Trying to update.
2026-01-08 12:56:47,955 [Worker-2: Launching ProjectOrsApplication (1)] INFO  o.e.m.c.i.embedder.EclipseLogger - Using 'UTF-8' encoding to copy filtered resources.
2026-01-08 12:56:47,959 [Worker-2: Launching ProjectOrsApplication (1)] INFO  o.e.m.c.i.embedder.EclipseLogger - Copying 1 resource
2026-01-08 12:56:47,971 [Worker-2: Launching ProjectOrsApplication (1)] INFO  o.e.m.c.i.embedder.EclipseLogger - Copying 1 resource
2026-01-08 12:56:47,979 [Worker-2: Launching ProjectOrsApplication (1)] INFO  o.e.m.c.i.embedder.EclipseLogger - Using 'UTF-8' encoding to copy filtered resources.
2026-01-08 12:56:47,979 [Worker-2: Launching ProjectOrsApplication (1)] INFO  o.e.m.c.i.embedder.EclipseLogger - skip non existing resourceDirectory C:\Users\abeet\Desktop\WorkSpace\Project-10\Project_10\ORSProj10\Project-10\src\test\resources
2026-01-09 00:02:19,522 [Worker-45: Building workspace] INFO  o.e.m.c.i.embedder.EclipseLogger - Using 'UTF-8' encoding to copy filtered resources.
2026-01-09 00:02:19,600 [Worker-45: Building workspace] INFO  o.e.m.c.i.embedder.EclipseLogger - Copying 1 resource
2026-01-09 00:02:19,606 [Worker-45: Building workspace] INFO  o.e.m.c.i.embedder.EclipseLogger - Copying 0 resource
2026-01-09 00:02:19,609 [Worker-45: Building workspace] INFO  o.e.m.c.i.embedder.EclipseLogger - Using 'UTF-8' encoding to copy filtered resources.
2026-01-09 00:02:19,610 [Worker-45: Building workspace] INFO  o.e.m.c.i.embedder.EclipseLogger - skip non existing resourceDirectory C:\Users\abeet\Desktop\WorkSpace\Project-10\Project_10\ORSProj10\Project-10\src\test\resources
2026-01-11 17:30:06,754 [Worker-1: Loading available Gradle versions] INFO  o.e.b.c.i.u.g.PublishedGradleVersions - Gradle version information cache is out-of-date. Trying to update.
2026-01-12 13:59:49,765 [Worker-0: Loading available Gradle versions] INFO  o.e.b.c.i.u.g.PublishedGradleVersions - Gradle version information cache is up-to-date. Trying to read.
2026-01-12 14:07:06,988 [Worker-13: Building workspace] INFO  o.e.m.c.i.l.LifecycleMappingFactory - Using org.eclipse.m2e.jdt.JarLifecycleMapping lifecycle mapping for MavenProject: com.rays:springboottest:0.0.1-SNAPSHOT @ C:\Users\abeet\Desktop\WorkSpace\Project-10\Project_10\ORSProj10\Project-10\pom.xml.
2026-01-12 14:07:08,121 [Worker-13: Building workspace] INFO  o.e.m.c.i.embedder.EclipseLogger - Using 'UTF-8' encoding to copy filtered resources.
2026-01-12 14:07:08,127 [Worker-13: Building workspace] INFO  o.e.m.c.i.embedder.EclipseLogger - Copying 1 resource
2026-01-12 14:07:08,138 [Worker-13: Building workspace] INFO  o.e.m.c.i.embedder.EclipseLogger - Copying 1 resource
2026-01-12 14:07:08,140 [Worker-13: Building workspace] INFO  o.e.m.c.i.embedder.EclipseLogger - Using 'UTF-8' encoding to copy filtered resources.
2026-01-12 14:07:08,140 [Worker-13: Building workspace] INFO  o.e.m.c.i.embedder.EclipseLogger - skip non existing resourceDirectory C:\Users\abeet\Desktop\WorkSpace\Project-10\Project_10\ORSProj10\Project-10\src\test\resources
2026-01-13 00:35:22,774 [Worker-60: Building workspace] INFO  o.e.m.c.i.embedder.EclipseLogger - Using 'UTF-8' encoding to copy filtered resources.
2026-01-13 00:35:22,785 [Worker-60: Building workspace] INFO  o.e.m.c.i.embedder.EclipseLogger - Copying 1 resource
2026-01-13 00:35:22,789 [Worker-60: Building workspace] INFO  o.e.m.c.i.embedder.EclipseLogger - Copying 0 resource
2026-01-13 00:35:22,792 [Worker-60: Building workspace] INFO  o.e.m.c.i.embedder.EclipseLogger - Using 'UTF-8' encoding to copy filtered resources.
2026-01-13 00:35:22,792 [Worker-60: Building workspace] INFO  o.e.m.c.i.embedder.EclipseLogger - skip non existing resourceDirectory C:\Users\abeet\Desktop\WorkSpace\Project-10\Project_10\ORSProj10\Project-10\src\test\resources
2026-01-14 14:47:48,161 [Worker-5: Loading available Gradle versions] INFO  o.e.b.c.i.u.g.PublishedGradleVersions - Gradle version information cache is out-of-date. Trying to update.
2026-01-16 13:40:35,421 [Worker-6: Loading available Gradle versions] INFO  o.e.b.c.i.u.g.PublishedGradleVersions - Gradle version information cache is out-of-date. Trying to update.
2026-01-16 16:04:40,712 [Worker-48: Building workspace] INFO  o.e.m.c.i.embedder.EclipseLogger - Using 'UTF-8' encoding to copy filtered resources.
2026-01-16 16:04:40,721 [Worker-48: Building workspace] INFO  o.e.m.c.i.embedder.EclipseLogger - Copying 1 resource
2026-01-16 16:04:40,748 [Worker-48: Building workspace] INFO  o.e.m.c.i.embedder.EclipseLogger - Copying 1 resource
2026-01-16 16:04:40,753 [Worker-48: Building workspace] INFO  o.e.m.c.i.embedder.EclipseLogger - Using 'UTF-8' encoding to copy filtered resources.
2026-01-16 16:04:40,753 [Worker-48: Building workspace] INFO  o.e.m.c.i.embedder.EclipseLogger - skip non existing resourceDirectory C:\Users\abeet\Desktop\WorkSpace\Project-10\Project_10\ORSProj10\Project-10\src\test\resources
2026-01-16 16:05:59,397 [Worker-45: Building workspace] INFO  o.e.m.c.i.embedder.EclipseLogger - Using 'UTF-8' encoding to copy filtered resources.
2026-01-16 16:05:59,399 [Worker-45: Building workspace] INFO  o.e.m.c.i.embedder.EclipseLogger - Copying 0 resource
2026-01-16 16:05:59,400 [Worker-45: Building workspace] INFO  o.e.m.c.i.embedder.EclipseLogger - Copying 0 resource
2026-01-16 16:05:59,403 [Worker-45: Building workspace] INFO  o.e.m.c.i.embedder.EclipseLogger - Using 'UTF-8' encoding to copy filtered resources.
2026-01-16 16:05:59,404 [Worker-45: Building workspace] INFO  o.e.m.c.i.embedder.EclipseLogger - skip non existing resourceDirectory C:\Users\abeet\Desktop\WorkSpace\Project-10\Project_10\ORSProj10\Project-10\src\test\resources
2026-01-18 15:16:54,815 [Worker-2: Loading available Gradle versions] INFO  o.e.b.c.i.u.g.PublishedGradleVersions - Gradle version information cache is out-of-date. Trying to update.
2026-01-20 15:54:27,312 [Worker-6: Loading available Gradle versions] INFO  o.e.b.c.i.u.g.PublishedGradleVersions - Gradle version information cache is out-of-date. Trying to update.
2026-01-20 16:00:09,339 [Worker-4: Loading available Gradle versions] INFO  o.e.b.c.i.u.g.PublishedGradleVersions - Gradle version information cache is up-to-date. Trying to read.
2026-01-20 17:30:36,049 [Worker-29: Launching ProjectOrsApplication (1)] INFO  o.e.m.c.i.embedder.EclipseLogger - Using 'UTF-8' encoding to copy filtered resources.
2026-01-20 17:30:36,058 [Worker-29: Launching ProjectOrsApplication (1)] INFO  o.e.m.c.i.embedder.EclipseLogger - Copying 1 resource
2026-01-20 17:30:36,086 [Worker-29: Launching ProjectOrsApplication (1)] INFO  o.e.m.c.i.embedder.EclipseLogger - Copying 1 resource
2026-01-20 17:30:36,106 [Worker-29: Launching ProjectOrsApplication (1)] INFO  o.e.m.c.i.embedder.EclipseLogger - Using 'UTF-8' encoding to copy filtered resources.
2026-01-20 17:30:36,106 [Worker-29: Launching ProjectOrsApplication (1)] INFO  o.e.m.c.i.embedder.EclipseLogger - skip non existing resourceDirectory C:\Users\abeet\Desktop\WorkSpace\Project-10\Project_10\ORSProj10\Project-10\src\test\resources
2026-01-22 20:19:23,512 [Worker-0: Loading available Gradle versions] INFO  o.e.b.c.i.u.g.PublishedGradleVersions - Gradle version information cache is out-of-date. Trying to update.
2026-01-22 23:01:00,353 [Worker-33: Building workspace] INFO  o.e.m.c.i.embedder.EclipseLogger - Using 'UTF-8' encoding to copy filtered resources.
2026-01-22 23:01:00,357 [Worker-33: Building workspace] INFO  o.e.m.c.i.embedder.EclipseLogger - Copying 1 resource
2026-01-22 23:01:00,370 [Worker-33: Building workspace] INFO  o.e.m.c.i.embedder.EclipseLogger - Copying 1 resource
2026-01-22 23:01:00,373 [Worker-33: Building workspace] INFO  o.e.m.c.i.embedder.EclipseLogger - Using 'UTF-8' encoding to copy filtered resources.
2026-01-22 23:01:00,373 [Worker-33: Building workspace] INFO  o.e.m.c.i.embedder.EclipseLogger - skip non existing resourceDirectory C:\Users\abeet\Desktop\WorkSpace\Project-10\Project_10\ORSProj10\Project-10\src\test\resources
2026-01-23 15:15:21,283 [Worker-1: Loading available Gradle versions] INFO  o.e.b.c.i.u.g.PublishedGradleVersions - Gradle version information cache is up-to-date. Trying to read.
2026-01-24 19:12:04,889 [Worker-8: Loading available Gradle versions] INFO  o.e.b.c.i.u.g.PublishedGradleVersions - Gradle version information cache is out-of-date. Trying to update.
2026-01-24 19:12:49,073 [Worker-13: Launching ProjectOrsApplication (1)] INFO  o.e.m.c.i.embedder.EclipseLogger - Using 'UTF-8' encoding to copy filtered resources.
2026-01-24 19:12:49,078 [Worker-13: Launching ProjectOrsApplication (1)] INFO  o.e.m.c.i.embedder.EclipseLogger - Copying 1 resource
2026-01-24 19:12:49,091 [Worker-13: Launching ProjectOrsApplication (1)] INFO  o.e.m.c.i.embedder.EclipseLogger - Copying 1 resource
2026-01-24 19:12:49,094 [Worker-13: Launching ProjectOrsApplication (1)] INFO  o.e.m.c.i.embedder.EclipseLogger - Using 'UTF-8' encoding to copy filtered resources.
2026-01-24 19:12:49,094 [Worker-13: Launching ProjectOrsApplication (1)] INFO  o.e.m.c.i.embedder.EclipseLogger - skip non existing resourceDirectory C:\Users\abeet\Desktop\WorkSpace\Project-10\Project_10\ORSProj10\Project-10\src\test\resources
2026-01-26 01:45:20,612 [Worker-18: Loading available Gradle versions] INFO  o.e.b.c.i.u.g.PublishedGradleVersions - Gradle version information cache is out-of-date. Trying to update.
2026-01-26 17:59:05,073 [Worker-11: Loading available Gradle versions] INFO  o.e.b.c.i.u.g.PublishedGradleVersions - Gradle version information cache is up-to-date. Trying to read.
2026-01-27 16:54:10,288 [Worker-25: Building workspace] INFO  o.e.m.c.i.embedder.EclipseLogger - Using 'UTF-8' encoding to copy filtered resources.
2026-01-27 16:54:10,304 [Worker-25: Building workspace] INFO  o.e.m.c.i.embedder.EclipseLogger - Copying 1 resource
2026-01-27 16:54:10,329 [Worker-25: Building workspace] INFO  o.e.m.c.i.embedder.EclipseLogger - Copying 1 resource
2026-01-27 16:54:10,334 [Worker-25: Building workspace] INFO  o.e.m.c.i.embedder.EclipseLogger - Using 'UTF-8' encoding to copy filtered resources.
2026-01-27 16:54:10,334 [Worker-25: Building workspace] INFO  o.e.m.c.i.embedder.EclipseLogger - skip non existing resourceDirectory C:\Users\abeet\Desktop\WorkSpace\Project-10\Project_10\ORSProj10\Project-10\src\test\resources
2026-01-27 17:14:58,924 [Worker-28: Loading available Gradle versions] INFO  o.e.b.c.i.u.g.PublishedGradleVersions - Gradle version information cache is out-of-date. Trying to update.
2026-01-28 12:16:46,186 [Worker-9: Loading available Gradle versions] INFO  o.e.b.c.i.u.g.PublishedGradleVersions - Gradle version information cache is up-to-date. Trying to read.
2026-01-28 12:17:47,668 [Worker-16: Building workspace] INFO  o.e.m.c.i.embedder.EclipseLogger - Using 'UTF-8' encoding to copy filtered resources.
2026-01-28 12:17:47,675 [Worker-16: Building workspace] INFO  o.e.m.c.i.embedder.EclipseLogger - Copying 1 resource
2026-01-28 12:17:47,698 [Worker-16: Building workspace] INFO  o.e.m.c.i.embedder.EclipseLogger - Copying 1 resource
2026-01-28 12:17:47,703 [Worker-16: Building workspace] INFO  o.e.m.c.i.embedder.EclipseLogger - Using 'UTF-8' encoding to copy filtered resources.
2026-01-28 12:17:47,703 [Worker-16: Building workspace] INFO  o.e.m.c.i.embedder.EclipseLogger - skip non existing resourceDirectory C:\Users\abeet\Desktop\WorkSpace\Project-10\Project_10\ORSProj10\Project-10\src\test\resources
2026-01-28 12:19:44,827 [Worker-13: Building workspace] INFO  o.e.m.c.i.embedder.EclipseLogger - Using 'UTF-8' encoding to copy filtered resources.
2026-01-28 12:19:44,833 [Worker-13: Building workspace] INFO  o.e.m.c.i.embedder.EclipseLogger - Copying 1 resource
2026-01-28 12:19:44,840 [Worker-13: Building workspace] INFO  o.e.m.c.i.embedder.EclipseLogger - Copying 1 resource
2026-01-28 12:19:44,844 [Worker-13: Building workspace] INFO  o.e.m.c.i.embedder.EclipseLogger - Using 'UTF-8' encoding to copy filtered resources.
2026-01-28 12:19:44,844 [Worker-13: Building workspace] INFO  o.e.m.c.i.embedder.EclipseLogger - skip non existing resourceDirectory C:\Users\abeet\Desktop\WorkSpace\Project-10\Project_10\ORSProj10\Project-10\src\test\resources
2026-01-28 12:20:53,063 [Worker-6: Building workspace] INFO  o.e.m.c.i.embedder.EclipseLogger - Using 'UTF-8' encoding to copy filtered resources.
2026-01-28 12:20:53,065 [Worker-6: Building workspace] INFO  o.e.m.c.i.embedder.EclipseLogger - Copying 1 resource
2026-01-28 12:20:53,071 [Worker-6: Building workspace] INFO  o.e.m.c.i.embedder.EclipseLogger - Copying 1 resource
2026-01-28 12:20:53,076 [Worker-6: Building workspace] INFO  o.e.m.c.i.embedder.EclipseLogger - Using 'UTF-8' encoding to copy filtered resources.
2026-01-28 12:20:53,076 [Worker-6: Building workspace] INFO  o.e.m.c.i.embedder.EclipseLogger - skip non existing resourceDirectory C:\Users\abeet\Desktop\WorkSpace\Project-10\Project_10\ORSProj10\Project-10\src\test\resources
2026-01-28 12:21:13,176 [Worker-4: Building workspace] INFO  o.e.m.c.i.embedder.EclipseLogger - Using 'UTF-8' encoding to copy filtered resources.
2026-01-28 12:21:13,178 [Worker-4: Building workspace] INFO  o.e.m.c.i.embedder.EclipseLogger - Copying 1 resource
2026-01-28 12:21:13,183 [Worker-4: Building workspace] INFO  o.e.m.c.i.embedder.EclipseLogger - Copying 1 resource
2026-01-28 12:21:13,186 [Worker-4: Building workspace] INFO  o.e.m.c.i.embedder.EclipseLogger - Using 'UTF-8' encoding to copy filtered resources.
2026-01-28 12:21:13,187 [Worker-4: Building workspace] INFO  o.e.m.c.i.embedder.EclipseLogger - skip non existing resourceDirectory C:\Users\abeet\Desktop\WorkSpace\Project-10\Project_10\ORSProj10\Project-10\src\test\resources
2026-01-28 12:24:10,492 [Worker-9: Building workspace] INFO  o.e.m.c.i.embedder.EclipseLogger - Using 'UTF-8' encoding to copy filtered resources.
2026-01-28 12:24:10,494 [Worker-9: Building workspace] INFO  o.e.m.c.i.embedder.EclipseLogger - Copying 1 resource
2026-01-28 12:24:10,500 [Worker-9: Building workspace] INFO  o.e.m.c.i.embedder.EclipseLogger - Copying 1 resource
2026-01-28 12:24:10,505 [Worker-9: Building workspace] INFO  o.e.m.c.i.embedder.EclipseLogger - Using 'UTF-8' encoding to copy filtered resources.
2026-01-28 12:24:10,505 [Worker-9: Building workspace] INFO  o.e.m.c.i.embedder.EclipseLogger - skip non existing resourceDirectory C:\Users\abeet\Desktop\WorkSpace\Project-10\Project_10\ORSProj10\Project-10\src\test\resources
2026-01-28 12:27:38,385 [Worker-13: Building workspace] INFO  o.e.m.c.i.embedder.EclipseLogger - Using 'UTF-8' encoding to copy filtered resources.
2026-01-28 12:27:38,388 [Worker-13: Building workspace] INFO  o.e.m.c.i.embedder.EclipseLogger - Copying 1 resource
2026-01-28 12:27:38,395 [Worker-13: Building workspace] INFO  o.e.m.c.i.embedder.EclipseLogger - Copying 1 resource
2026-01-28 12:27:38,399 [Worker-13: Building workspace] INFO  o.e.m.c.i.embedder.EclipseLogger - Using 'UTF-8' encoding to copy filtered resources.
2026-01-28 12:27:38,399 [Worker-13: Building workspace] INFO  o.e.m.c.i.embedder.EclipseLogger - skip non existing resourceDirectory C:\Users\abeet\Desktop\WorkSpace\Project-10\Project_10\ORSProj10\Project-10\src\test\resources
2026-01-28 12:28:29,949 [Worker-9: Building workspace] INFO  o.e.m.c.i.embedder.EclipseLogger - Using 'UTF-8' encoding to copy filtered resources.
2026-01-28 12:28:29,952 [Worker-9: Building workspace] INFO  o.e.m.c.i.embedder.EclipseLogger - Copying 1 resource
2026-01-28 12:28:29,956 [Worker-9: Building workspace] INFO  o.e.m.c.i.embedder.EclipseLogger - Copying 1 resource
2026-01-28 12:28:29,960 [Worker-9: Building workspace] INFO  o.e.m.c.i.embedder.EclipseLogger - Using 'UTF-8' encoding to copy filtered resources.
2026-01-28 12:28:29,960 [Worker-9: Building workspace] INFO  o.e.m.c.i.embedder.EclipseLogger - skip non existing resourceDirectory C:\Users\abeet\Desktop\WorkSpace\Project-10\Project_10\ORSProj10\Project-10\src\test\resources
2026-01-28 12:28:57,383 [Worker-13: Building workspace] INFO  o.e.m.c.i.embedder.EclipseLogger - Using 'UTF-8' encoding to copy filtered resources.
2026-01-28 12:28:57,386 [Worker-13: Building workspace] INFO  o.e.m.c.i.embedder.EclipseLogger - Copying 1 resource
2026-01-28 12:28:57,391 [Worker-13: Building workspace] INFO  o.e.m.c.i.embedder.EclipseLogger - Copying 1 resource
2026-01-28 12:28:57,398 [Worker-13: Building workspace] INFO  o.e.m.c.i.embedder.EclipseLogger - Using 'UTF-8' encoding to copy filtered resources.
2026-01-28 12:28:57,398 [Worker-13: Building workspace] INFO  o.e.m.c.i.embedder.EclipseLogger - skip non existing resourceDirectory C:\Users\abeet\Desktop\WorkSpace\Project-10\Project_10\ORSProj10\Project-10\src\test\resources
2026-01-28 12:29:11,545 [Worker-8: Building workspace] INFO  o.e.m.c.i.embedder.EclipseLogger - Using 'UTF-8' encoding to copy filtered resources.
2026-01-28 12:29:11,547 [Worker-8: Building workspace] INFO  o.e.m.c.i.embedder.EclipseLogger - Copying 1 resource
2026-01-28 12:29:11,551 [Worker-8: Building workspace] INFO  o.e.m.c.i.embedder.EclipseLogger - Copying 1 resource
2026-01-28 12:29:11,554 [Worker-8: Building workspace] INFO  o.e.m.c.i.embedder.EclipseLogger - Using 'UTF-8' encoding to copy filtered resources.
2026-01-28 12:29:11,554 [Worker-8: Building workspace] INFO  o.e.m.c.i.embedder.EclipseLogger - skip non existing resourceDirectory C:\Users\abeet\Desktop\WorkSpace\Project-10\Project_10\ORSProj10\Project-10\src\test\resources
2026-01-28 12:29:25,934 [Worker-6: Building workspace] INFO  o.e.m.c.i.embedder.EclipseLogger - Using 'UTF-8' encoding to copy filtered resources.
2026-01-28 12:29:25,937 [Worker-6: Building workspace] INFO  o.e.m.c.i.embedder.EclipseLogger - Copying 1 resource
2026-01-28 12:29:25,943 [Worker-6: Building workspace] INFO  o.e.m.c.i.embedder.EclipseLogger - Copying 1 resource
2026-01-28 12:29:25,947 [Worker-6: Building workspace] INFO  o.e.m.c.i.embedder.EclipseLogger - Using 'UTF-8' encoding to copy filtered resources.
2026-01-28 12:29:25,947 [Worker-6: Building workspace] INFO  o.e.m.c.i.embedder.EclipseLogger - skip non existing resourceDirectory C:\Users\abeet\Desktop\WorkSpace\Project-10\Project_10\ORSProj10\Project-10\src\test\resources
2026-01-28 12:29:37,119 [Worker-13: Building workspace] INFO  o.e.m.c.i.embedder.EclipseLogger - Using 'UTF-8' encoding to copy filtered resources.
2026-01-28 12:29:37,121 [Worker-13: Building workspace] INFO  o.e.m.c.i.embedder.EclipseLogger - Copying 1 resource
2026-01-28 12:29:37,125 [Worker-13: Building workspace] INFO  o.e.m.c.i.embedder.EclipseLogger - Copying 1 resource
2026-01-28 12:29:37,128 [Worker-13: Building workspace] INFO  o.e.m.c.i.embedder.EclipseLogger - Using 'UTF-8' encoding to copy filtered resources.
2026-01-28 12:29:37,128 [Worker-13: Building workspace] INFO  o.e.m.c.i.embedder.EclipseLogger - skip non existing resourceDirectory C:\Users\abeet\Desktop\WorkSpace\Project-10\Project_10\ORSProj10\Project-10\src\test\resources
2026-01-28 12:30:09,031 [Worker-6: Building workspace] INFO  o.e.m.c.i.embedder.EclipseLogger - Using 'UTF-8' encoding to copy filtered resources.
2026-01-28 12:30:09,034 [Worker-6: Building workspace] INFO  o.e.m.c.i.embedder.EclipseLogger - Copying 1 resource
2026-01-28 12:30:09,039 [Worker-6: Building workspace] INFO  o.e.m.c.i.embedder.EclipseLogger - Copying 1 resource
2026-01-28 12:30:09,044 [Worker-6: Building workspace] INFO  o.e.m.c.i.embedder.EclipseLogger - Using 'UTF-8' encoding to copy filtered resources.
2026-01-28 12:30:09,044 [Worker-6: Building workspace] INFO  o.e.m.c.i.embedder.EclipseLogger - skip non existing resourceDirectory C:\Users\abeet\Desktop\WorkSpace\Project-10\Project_10\ORSProj10\Project-10\src\test\resources
2026-01-28 12:32:05,502 [Worker-21: Building workspace] INFO  o.e.m.c.i.embedder.EclipseLogger - Using 'UTF-8' encoding to copy filtered resources.
2026-01-28 12:32:05,504 [Worker-21: Building workspace] INFO  o.e.m.c.i.embedder.EclipseLogger - Copying 1 resource
2026-01-28 12:32:05,539 [Worker-21: Building workspace] INFO  o.e.m.c.i.embedder.EclipseLogger - Copying 1 resource
2026-01-28 12:32:05,544 [Worker-21: Building workspace] INFO  o.e.m.c.i.embedder.EclipseLogger - Using 'UTF-8' encoding to copy filtered resources.
2026-01-28 12:32:05,544 [Worker-21: Building workspace] INFO  o.e.m.c.i.embedder.EclipseLogger - skip non existing resourceDirectory C:\Users\abeet\Desktop\WorkSpace\Project-10\Project_10\ORSProj10\Project-10\src\test\resources
2026-01-28 12:32:46,356 [Worker-8: Building workspace] INFO  o.e.m.c.i.embedder.EclipseLogger - Using 'UTF-8' encoding to copy filtered resources.
2026-01-28 12:32:46,359 [Worker-8: Building workspace] INFO  o.e.m.c.i.embedder.EclipseLogger - Copying 1 resource
2026-01-28 12:32:46,364 [Worker-8: Building workspace] INFO  o.e.m.c.i.embedder.EclipseLogger - Copying 1 resource
2026-01-28 12:32:46,368 [Worker-8: Building workspace] INFO  o.e.m.c.i.embedder.EclipseLogger - Using 'UTF-8' encoding to copy filtered resources.
2026-01-28 12:32:46,368 [Worker-8: Building workspace] INFO  o.e.m.c.i.embedder.EclipseLogger - skip non existing resourceDirectory C:\Users\abeet\Desktop\WorkSpace\Project-10\Project_10\ORSProj10\Project-10\src\test\resources
2026-01-28 12:33:10,530 [Worker-21: Building workspace] INFO  o.e.m.c.i.embedder.EclipseLogger - Using 'UTF-8' encoding to copy filtered resources.
2026-01-28 12:33:10,531 [Worker-21: Building workspace] INFO  o.e.m.c.i.embedder.EclipseLogger - Copying 1 resource
2026-01-28 12:33:10,536 [Worker-21: Building workspace] INFO  o.e.m.c.i.embedder.EclipseLogger - Copying 1 resource
2026-01-28 12:33:10,539 [Worker-21: Building workspace] INFO  o.e.m.c.i.embedder.EclipseLogger - Using 'UTF-8' encoding to copy filtered resources.
2026-01-28 12:33:10,539 [Worker-21: Building workspace] INFO  o.e.m.c.i.embedder.EclipseLogger - skip non existing resourceDirectory C:\Users\abeet\Desktop\WorkSpace\Project-10\Project_10\ORSProj10\Project-10\src\test\resources
2026-01-28 12:36:14,342 [Worker-6: Building workspace] INFO  o.e.m.c.i.embedder.EclipseLogger - Using 'UTF-8' encoding to copy filtered resources.
2026-01-28 12:36:14,347 [Worker-6: Building workspace] INFO  o.e.m.c.i.embedder.EclipseLogger - Copying 1 resource
2026-01-28 12:36:14,352 [Worker-6: Building workspace] INFO  o.e.m.c.i.embedder.EclipseLogger - Copying 1 resource
2026-01-28 12:36:14,357 [Worker-6: Building workspace] INFO  o.e.m.c.i.embedder.EclipseLogger - Using 'UTF-8' encoding to copy filtered resources.
2026-01-28 12:36:14,358 [Worker-6: Building workspace] INFO  o.e.m.c.i.embedder.EclipseLogger - skip non existing resourceDirectory C:\Users\abeet\Desktop\WorkSpace\Project-10\Project_10\ORSProj10\Project-10\src\test\resources
2026-01-28 12:39:06,698 [Worker-16: Building workspace] INFO  o.e.m.c.i.embedder.EclipseLogger - Using 'UTF-8' encoding to copy filtered resources.
2026-01-28 12:39:06,700 [Worker-16: Building workspace] INFO  o.e.m.c.i.embedder.EclipseLogger - Copying 1 resource
2026-01-28 12:39:06,705 [Worker-16: Building workspace] INFO  o.e.m.c.i.embedder.EclipseLogger - Copying 1 resource
2026-01-28 12:39:06,710 [Worker-16: Building workspace] INFO  o.e.m.c.i.embedder.EclipseLogger - Using 'UTF-8' encoding to copy filtered resources.
2026-01-28 12:39:06,710 [Worker-16: Building workspace] INFO  o.e.m.c.i.embedder.EclipseLogger - skip non existing resourceDirectory C:\Users\abeet\Desktop\WorkSpace\Project-10\Project_10\ORSProj10\Project-10\src\test\resources
2026-01-28 12:39:32,797 [Worker-16: Building workspace] INFO  o.e.m.c.i.embedder.EclipseLogger - Using 'UTF-8' encoding to copy filtered resources.
2026-01-28 12:39:32,798 [Worker-16: Building workspace] INFO  o.e.m.c.i.embedder.EclipseLogger - Copying 1 resource
2026-01-28 12:39:32,805 [Worker-16: Building workspace] INFO  o.e.m.c.i.embedder.EclipseLogger - Copying 1 resource
2026-01-28 12:39:32,807 [Worker-16: Building workspace] INFO  o.e.m.c.i.embedder.EclipseLogger - Using 'UTF-8' encoding to copy filtered resources.
2026-01-28 12:39:32,809 [Worker-16: Building workspace] INFO  o.e.m.c.i.embedder.EclipseLogger - skip non existing resourceDirectory C:\Users\abeet\Desktop\WorkSpace\Project-10\Project_10\ORSProj10\Project-10\src\test\resources
2026-01-28 12:39:47,327 [Worker-20: Building workspace] INFO  o.e.m.c.i.embedder.EclipseLogger - Using 'UTF-8' encoding to copy filtered resources.
2026-01-28 12:39:47,330 [Worker-20: Building workspace] INFO  o.e.m.c.i.embedder.EclipseLogger - Copying 1 resource
2026-01-28 12:39:47,336 [Worker-20: Building workspace] INFO  o.e.m.c.i.embedder.EclipseLogger - Copying 1 resource
2026-01-28 12:39:47,340 [Worker-20: Building workspace] INFO  o.e.m.c.i.embedder.EclipseLogger - Using 'UTF-8' encoding to copy filtered resources.
2026-01-28 12:39:47,340 [Worker-20: Building workspace] INFO  o.e.m.c.i.embedder.EclipseLogger - skip non existing resourceDirectory C:\Users\abeet\Desktop\WorkSpace\Project-10\Project_10\ORSProj10\Project-10\src\test\resources
2026-01-28 12:40:19,299 [Worker-13: Building workspace] INFO  o.e.m.c.i.embedder.EclipseLogger - Using 'UTF-8' encoding to copy filtered resources.
2026-01-28 12:40:19,300 [Worker-13: Building workspace] INFO  o.e.m.c.i.embedder.EclipseLogger - Copying 1 resource
2026-01-28 12:40:19,304 [Worker-13: Building workspace] INFO  o.e.m.c.i.embedder.EclipseLogger - Copying 1 resource
2026-01-28 12:40:19,308 [Worker-13: Building workspace] INFO  o.e.m.c.i.embedder.EclipseLogger - Using 'UTF-8' encoding to copy filtered resources.
2026-01-28 12:40:19,308 [Worker-13: Building workspace] INFO  o.e.m.c.i.embedder.EclipseLogger - skip non existing resourceDirectory C:\Users\abeet\Desktop\WorkSpace\Project-10\Project_10\ORSProj10\Project-10\src\test\resources
2026-01-28 12:40:48,483 [Worker-20: Building workspace] INFO  o.e.m.c.i.embedder.EclipseLogger - Using 'UTF-8' encoding to copy filtered resources.
2026-01-28 12:40:48,485 [Worker-20: Building workspace] INFO  o.e.m.c.i.embedder.EclipseLogger - Copying 1 resource
2026-01-28 12:40:48,488 [Worker-20: Building workspace] INFO  o.e.m.c.i.embedder.EclipseLogger - Copying 1 resource
2026-01-28 12:40:48,491 [Worker-20: Building workspace] INFO  o.e.m.c.i.embedder.EclipseLogger - Using 'UTF-8' encoding to copy filtered resources.
2026-01-28 12:40:48,492 [Worker-20: Building workspace] INFO  o.e.m.c.i.embedder.EclipseLogger - skip non existing resourceDirectory C:\Users\abeet\Desktop\WorkSpace\Project-10\Project_10\ORSProj10\Project-10\src\test\resources
2026-01-28 12:42:58,122 [Worker-16: Building workspace] INFO  o.e.m.c.i.embedder.EclipseLogger - Using 'UTF-8' encoding to copy filtered resources.
2026-01-28 12:42:58,124 [Worker-16: Building workspace] INFO  o.e.m.c.i.embedder.EclipseLogger - Copying 1 resource
2026-01-28 12:42:58,129 [Worker-16: Building workspace] INFO  o.e.m.c.i.embedder.EclipseLogger - Copying 1 resource
2026-01-28 12:42:58,132 [Worker-16: Building workspace] INFO  o.e.m.c.i.embedder.EclipseLogger - Using 'UTF-8' encoding to copy filtered resources.
2026-01-28 12:42:58,132 [Worker-16: Building workspace] INFO  o.e.m.c.i.embedder.EclipseLogger - skip non existing resourceDirectory C:\Users\abeet\Desktop\WorkSpace\Project-10\Project_10\ORSProj10\Project-10\src\test\resources
2026-01-28 12:43:57,410 [Worker-6: Building workspace] INFO  o.e.m.c.i.embedder.EclipseLogger - Using 'UTF-8' encoding to copy filtered resources.
2026-01-28 12:43:57,412 [Worker-6: Building workspace] INFO  o.e.m.c.i.embedder.EclipseLogger - Copying 1 resource
2026-01-28 12:43:57,416 [Worker-6: Building workspace] INFO  o.e.m.c.i.embedder.EclipseLogger - Copying 1 resource
2026-01-28 12:43:57,419 [Worker-6: Building workspace] INFO  o.e.m.c.i.embedder.EclipseLogger - Using 'UTF-8' encoding to copy filtered resources.
2026-01-28 12:43:57,419 [Worker-6: Building workspace] INFO  o.e.m.c.i.embedder.EclipseLogger - skip non existing resourceDirectory C:\Users\abeet\Desktop\WorkSpace\Project-10\Project_10\ORSProj10\Project-10\src\test\resources
2026-01-28 12:45:11,903 [Worker-22: Building workspace] INFO  o.e.m.c.i.embedder.EclipseLogger - Using 'UTF-8' encoding to copy filtered resources.
2026-01-28 12:45:11,904 [Worker-22: Building workspace] INFO  o.e.m.c.i.embedder.EclipseLogger - Copying 1 resource
2026-01-28 12:45:11,909 [Worker-22: Building workspace] INFO  o.e.m.c.i.embedder.EclipseLogger - Copying 1 resource
2026-01-28 12:45:11,913 [Worker-22: Building workspace] INFO  o.e.m.c.i.embedder.EclipseLogger - Using 'UTF-8' encoding to copy filtered resources.
2026-01-28 12:45:11,913 [Worker-22: Building workspace] INFO  o.e.m.c.i.embedder.EclipseLogger - skip non existing resourceDirectory C:\Users\abeet\Desktop\WorkSpace\Project-10\Project_10\ORSProj10\Project-10\src\test\resources
2026-01-28 12:46:11,169 [Worker-6: Building workspace] INFO  o.e.m.c.i.embedder.EclipseLogger - Using 'UTF-8' encoding to copy filtered resources.
2026-01-28 12:46:11,170 [Worker-6: Building workspace] INFO  o.e.m.c.i.embedder.EclipseLogger - Copying 1 resource
2026-01-28 12:46:11,175 [Worker-6: Building workspace] INFO  o.e.m.c.i.embedder.EclipseLogger - Copying 1 resource
2026-01-28 12:46:11,178 [Worker-6: Building workspace] INFO  o.e.m.c.i.embedder.EclipseLogger - Using 'UTF-8' encoding to copy filtered resources.
2026-01-28 12:46:11,178 [Worker-6: Building workspace] INFO  o.e.m.c.i.embedder.EclipseLogger - skip non existing resourceDirectory C:\Users\abeet\Desktop\WorkSpace\Project-10\Project_10\ORSProj10\Project-10\src\test\resources
2026-01-28 12:49:02,812 [Worker-8: Building workspace] INFO  o.e.m.c.i.embedder.EclipseLogger - Using 'UTF-8' encoding to copy filtered resources.
2026-01-28 12:49:02,814 [Worker-8: Building workspace] INFO  o.e.m.c.i.embedder.EclipseLogger - Copying 1 resource
2026-01-28 12:49:02,820 [Worker-8: Building workspace] INFO  o.e.m.c.i.embedder.EclipseLogger - Copying 1 resource
2026-01-28 12:49:02,823 [Worker-8: Building workspace] INFO  o.e.m.c.i.embedder.EclipseLogger - Using 'UTF-8' encoding to copy filtered resources.
2026-01-28 12:49:02,823 [Worker-8: Building workspace] INFO  o.e.m.c.i.embedder.EclipseLogger - skip non existing resourceDirectory C:\Users\abeet\Desktop\WorkSpace\Project-10\Project_10\ORSProj10\Project-10\src\test\resources
2026-01-28 12:50:04,461 [Worker-8: Building workspace] INFO  o.e.m.c.i.embedder.EclipseLogger - Using 'UTF-8' encoding to copy filtered resources.
2026-01-28 12:50:04,463 [Worker-8: Building workspace] INFO  o.e.m.c.i.embedder.EclipseLogger - Copying 1 resource
2026-01-28 12:50:04,468 [Worker-8: Building workspace] INFO  o.e.m.c.i.embedder.EclipseLogger - Copying 1 resource
2026-01-28 12:50:04,471 [Worker-8: Building workspace] INFO  o.e.m.c.i.embedder.EclipseLogger - Using 'UTF-8' encoding to copy filtered resources.
2026-01-28 12:50:04,471 [Worker-8: Building workspace] INFO  o.e.m.c.i.embedder.EclipseLogger - skip non existing resourceDirectory C:\Users\abeet\Desktop\WorkSpace\Project-10\Project_10\ORSProj10\Project-10\src\test\resources
2026-01-28 12:52:03,050 [Worker-13: Building workspace] INFO  o.e.m.c.i.embedder.EclipseLogger - Using 'UTF-8' encoding to copy filtered resources.
2026-01-28 12:52:03,052 [Worker-13: Building workspace] INFO  o.e.m.c.i.embedder.EclipseLogger - Copying 1 resource
2026-01-28 12:52:03,056 [Worker-13: Building workspace] INFO  o.e.m.c.i.embedder.EclipseLogger - Copying 1 resource
2026-01-28 12:52:03,059 [Worker-13: Building workspace] INFO  o.e.m.c.i.embedder.EclipseLogger - Using 'UTF-8' encoding to copy filtered resources.
2026-01-28 12:52:03,059 [Worker-13: Building workspace] INFO  o.e.m.c.i.embedder.EclipseLogger - skip non existing resourceDirectory C:\Users\abeet\Desktop\WorkSpace\Project-10\Project_10\ORSProj10\Project-10\src\test\resources
2026-01-28 12:52:34,039 [Worker-13: Building workspace] INFO  o.e.m.c.i.embedder.EclipseLogger - Using 'UTF-8' encoding to copy filtered resources.
2026-01-28 12:52:34,042 [Worker-13: Building workspace] INFO  o.e.m.c.i.embedder.EclipseLogger - Copying 1 resource
2026-01-28 12:52:34,048 [Worker-13: Building workspace] INFO  o.e.m.c.i.embedder.EclipseLogger - Copying 1 resource
2026-01-28 12:52:34,052 [Worker-13: Building workspace] INFO  o.e.m.c.i.embedder.EclipseLogger - Using 'UTF-8' encoding to copy filtered resources.
2026-01-28 12:52:34,052 [Worker-13: Building workspace] INFO  o.e.m.c.i.embedder.EclipseLogger - skip non existing resourceDirectory C:\Users\abeet\Desktop\WorkSpace\Project-10\Project_10\ORSProj10\Project-10\src\test\resources
2026-01-28 12:53:19,418 [Worker-16: Building workspace] INFO  o.e.m.c.i.embedder.EclipseLogger - Using 'UTF-8' encoding to copy filtered resources.
2026-01-28 12:53:19,422 [Worker-16: Building workspace] INFO  o.e.m.c.i.embedder.EclipseLogger - Copying 1 resource
2026-01-28 12:53:19,427 [Worker-16: Building workspace] INFO  o.e.m.c.i.embedder.EclipseLogger - Copying 1 resource
2026-01-28 12:53:19,431 [Worker-16: Building workspace] INFO  o.e.m.c.i.embedder.EclipseLogger - Using 'UTF-8' encoding to copy filtered resources.
2026-01-28 12:53:19,432 [Worker-16: Building workspace] INFO  o.e.m.c.i.embedder.EclipseLogger - skip non existing resourceDirectory C:\Users\abeet\Desktop\WorkSpace\Project-10\Project_10\ORSProj10\Project-10\src\test\resources
2026-01-28 12:54:29,093 [Worker-16: Building workspace] INFO  o.e.m.c.i.embedder.EclipseLogger - Using 'UTF-8' encoding to copy filtered resources.
2026-01-28 12:54:29,095 [Worker-16: Building workspace] INFO  o.e.m.c.i.embedder.EclipseLogger - Copying 1 resource
2026-01-28 12:54:29,100 [Worker-16: Building workspace] INFO  o.e.m.c.i.embedder.EclipseLogger - Copying 1 resource
2026-01-28 12:54:29,103 [Worker-16: Building workspace] INFO  o.e.m.c.i.embedder.EclipseLogger - Using 'UTF-8' encoding to copy filtered resources.
2026-01-28 12:54:29,104 [Worker-16: Building workspace] INFO  o.e.m.c.i.embedder.EclipseLogger - skip non existing resourceDirectory C:\Users\abeet\Desktop\WorkSpace\Project-10\Project_10\ORSProj10\Project-10\src\test\resources
2026-01-28 12:56:10,052 [Worker-23: Building workspace] INFO  o.e.m.c.i.embedder.EclipseLogger - Using 'UTF-8' encoding to copy filtered resources.
2026-01-28 12:56:10,054 [Worker-23: Building workspace] INFO  o.e.m.c.i.embedder.EclipseLogger - Copying 1 resource
2026-01-28 12:56:10,060 [Worker-23: Building workspace] INFO  o.e.m.c.i.embedder.EclipseLogger - Copying 1 resource
2026-01-28 12:56:10,064 [Worker-23: Building workspace] INFO  o.e.m.c.i.embedder.EclipseLogger - Using 'UTF-8' encoding to copy filtered resources.
2026-01-28 12:56:10,064 [Worker-23: Building workspace] INFO  o.e.m.c.i.embedder.EclipseLogger - skip non existing resourceDirectory C:\Users\abeet\Desktop\WorkSpace\Project-10\Project_10\ORSProj10\Project-10\src\test\resources
2026-01-28 12:57:47,771 [Worker-22: Building workspace] INFO  o.e.m.c.i.embedder.EclipseLogger - Using 'UTF-8' encoding to copy filtered resources.
2026-01-28 12:57:47,774 [Worker-22: Building workspace] INFO  o.e.m.c.i.embedder.EclipseLogger - Copying 1 resource
2026-01-28 12:57:47,779 [Worker-22: Building workspace] INFO  o.e.m.c.i.embedder.EclipseLogger - Copying 1 resource
2026-01-28 12:57:47,784 [Worker-22: Building workspace] INFO  o.e.m.c.i.embedder.EclipseLogger - Using 'UTF-8' encoding to copy filtered resources.
2026-01-28 12:57:47,784 [Worker-22: Building workspace] INFO  o.e.m.c.i.embedder.EclipseLogger - skip non existing resourceDirectory C:\Users\abeet\Desktop\WorkSpace\Project-10\Project_10\ORSProj10\Project-10\src\test\resources
2026-01-28 12:58:19,015 [Worker-23: Building workspace] INFO  o.e.m.c.i.embedder.EclipseLogger - Using 'UTF-8' encoding to copy filtered resources.
2026-01-28 12:58:19,017 [Worker-23: Building workspace] INFO  o.e.m.c.i.embedder.EclipseLogger - Copying 1 resource
2026-01-28 12:58:19,023 [Worker-23: Building workspace] INFO  o.e.m.c.i.embedder.EclipseLogger - Copying 1 resource
2026-01-28 12:58:19,026 [Worker-23: Building workspace] INFO  o.e.m.c.i.embedder.EclipseLogger - Using 'UTF-8' encoding to copy filtered resources.
2026-01-28 12:58:19,027 [Worker-23: Building workspace] INFO  o.e.m.c.i.embedder.EclipseLogger - skip non existing resourceDirectory C:\Users\abeet\Desktop\WorkSpace\Project-10\Project_10\ORSProj10\Project-10\src\test\resources
2026-01-28 12:58:42,070 [Worker-22: Building workspace] INFO  o.e.m.c.i.embedder.EclipseLogger - Using 'UTF-8' encoding to copy filtered resources.
2026-01-28 12:58:42,074 [Worker-22: Building workspace] INFO  o.e.m.c.i.embedder.EclipseLogger - Copying 1 resource
2026-01-28 12:58:42,081 [Worker-22: Building workspace] INFO  o.e.m.c.i.embedder.EclipseLogger - Copying 1 resource
2026-01-28 12:58:42,085 [Worker-22: Building workspace] INFO  o.e.m.c.i.embedder.EclipseLogger - Using 'UTF-8' encoding to copy filtered resources.
2026-01-28 12:58:42,086 [Worker-22: Building workspace] INFO  o.e.m.c.i.embedder.EclipseLogger - skip non existing resourceDirectory C:\Users\abeet\Desktop\WorkSpace\Project-10\Project_10\ORSProj10\Project-10\src\test\resources
2026-01-28 12:59:18,307 [Worker-24: Building workspace] INFO  o.e.m.c.i.embedder.EclipseLogger - Using 'UTF-8' encoding to copy filtered resources.
2026-01-28 12:59:18,310 [Worker-24: Building workspace] INFO  o.e.m.c.i.embedder.EclipseLogger - Copying 1 resource
2026-01-28 12:59:18,316 [Worker-24: Building workspace] INFO  o.e.m.c.i.embedder.EclipseLogger - Copying 1 resource
2026-01-28 12:59:18,320 [Worker-24: Building workspace] INFO  o.e.m.c.i.embedder.EclipseLogger - Using 'UTF-8' encoding to copy filtered resources.
2026-01-28 12:59:18,320 [Worker-24: Building workspace] INFO  o.e.m.c.i.embedder.EclipseLogger - skip non existing resourceDirectory C:\Users\abeet\Desktop\WorkSpace\Project-10\Project_10\ORSProj10\Project-10\src\test\resources
2026-01-28 13:00:54,247 [Worker-8: Building workspace] INFO  o.e.m.c.i.embedder.EclipseLogger - Using 'UTF-8' encoding to copy filtered resources.
2026-01-28 13:00:54,250 [Worker-8: Building workspace] INFO  o.e.m.c.i.embedder.EclipseLogger - Copying 1 resource
2026-01-28 13:00:54,255 [Worker-8: Building workspace] INFO  o.e.m.c.i.embedder.EclipseLogger - Copying 1 resource
2026-01-28 13:00:54,259 [Worker-8: Building workspace] INFO  o.e.m.c.i.embedder.EclipseLogger - Using 'UTF-8' encoding to copy filtered resources.
2026-01-28 13:00:54,259 [Worker-8: Building workspace] INFO  o.e.m.c.i.embedder.EclipseLogger - skip non existing resourceDirectory C:\Users\abeet\Desktop\WorkSpace\Project-10\Project_10\ORSProj10\Project-10\src\test\resources
2026-01-28 13:07:14,817 [Worker-24: Building workspace] INFO  o.e.m.c.i.embedder.EclipseLogger - Using 'UTF-8' encoding to copy filtered resources.
2026-01-28 13:07:14,820 [Worker-24: Building workspace] INFO  o.e.m.c.i.embedder.EclipseLogger - Copying 1 resource
2026-01-28 13:07:14,826 [Worker-24: Building workspace] INFO  o.e.m.c.i.embedder.EclipseLogger - Copying 1 resource
2026-01-28 13:07:14,844 [Worker-24: Building workspace] INFO  o.e.m.c.i.embedder.EclipseLogger - Using 'UTF-8' encoding to copy filtered resources.
2026-01-28 13:07:14,845 [Worker-24: Building workspace] INFO  o.e.m.c.i.embedder.EclipseLogger - skip non existing resourceDirectory C:\Users\abeet\Desktop\WorkSpace\Project-10\Project_10\ORSProj10\Project-10\src\test\resources
2026-01-28 13:07:37,112 [Worker-6: Building workspace] INFO  o.e.m.c.i.embedder.EclipseLogger - Using 'UTF-8' encoding to copy filtered resources.
2026-01-28 13:07:37,115 [Worker-6: Building workspace] INFO  o.e.m.c.i.embedder.EclipseLogger - Copying 1 resource
2026-01-28 13:07:37,121 [Worker-6: Building workspace] INFO  o.e.m.c.i.embedder.EclipseLogger - Copying 1 resource
2026-01-28 13:07:37,126 [Worker-6: Building workspace] INFO  o.e.m.c.i.embedder.EclipseLogger - Using 'UTF-8' encoding to copy filtered resources.
2026-01-28 13:07:37,126 [Worker-6: Building workspace] INFO  o.e.m.c.i.embedder.EclipseLogger - skip non existing resourceDirectory C:\Users\abeet\Desktop\WorkSpace\Project-10\Project_10\ORSProj10\Project-10\src\test\resources
2026-01-28 14:15:08,576 [Worker-28: Building workspace] INFO  o.e.m.c.i.embedder.EclipseLogger - Using 'UTF-8' encoding to copy filtered resources.
2026-01-28 14:15:08,580 [Worker-28: Building workspace] INFO  o.e.m.c.i.embedder.EclipseLogger - Copying 1 resource
2026-01-28 14:15:08,584 [Worker-28: Building workspace] INFO  o.e.m.c.i.embedder.EclipseLogger - Copying 1 resource
2026-01-28 14:15:08,589 [Worker-28: Building workspace] INFO  o.e.m.c.i.embedder.EclipseLogger - Using 'UTF-8' encoding to copy filtered resources.
2026-01-28 14:15:08,590 [Worker-28: Building workspace] INFO  o.e.m.c.i.embedder.EclipseLogger - skip non existing resourceDirectory C:\Users\abeet\Desktop\WorkSpace\Project-10\Project_10\ORSProj10\Project-10\src\test\resources
2026-01-28 14:16:35,183 [Worker-13: Building workspace] INFO  o.e.m.c.i.embedder.EclipseLogger - Using 'UTF-8' encoding to copy filtered resources.
2026-01-28 14:16:35,186 [Worker-13: Building workspace] INFO  o.e.m.c.i.embedder.EclipseLogger - Copying 1 resource
2026-01-28 14:16:35,191 [Worker-13: Building workspace] INFO  o.e.m.c.i.embedder.EclipseLogger - Copying 1 resource
2026-01-28 14:16:35,194 [Worker-13: Building workspace] INFO  o.e.m.c.i.embedder.EclipseLogger - Using 'UTF-8' encoding to copy filtered resources.
2026-01-28 14:16:35,195 [Worker-13: Building workspace] INFO  o.e.m.c.i.embedder.EclipseLogger - skip non existing resourceDirectory C:\Users\abeet\Desktop\WorkSpace\Project-10\Project_10\ORSProj10\Project-10\src\test\resources
2026-01-28 14:17:11,162 [Worker-13: Building workspace] INFO  o.e.m.c.i.embedder.EclipseLogger - Using 'UTF-8' encoding to copy filtered resources.
2026-01-28 14:17:11,164 [Worker-13: Building workspace] INFO  o.e.m.c.i.embedder.EclipseLogger - Copying 1 resource
2026-01-28 14:17:11,169 [Worker-13: Building workspace] INFO  o.e.m.c.i.embedder.EclipseLogger - Copying 1 resource
2026-01-28 14:17:11,174 [Worker-13: Building workspace] INFO  o.e.m.c.i.embedder.EclipseLogger - Using 'UTF-8' encoding to copy filtered resources.
2026-01-28 14:17:11,174 [Worker-13: Building workspace] INFO  o.e.m.c.i.embedder.EclipseLogger - skip non existing resourceDirectory C:\Users\abeet\Desktop\WorkSpace\Project-10\Project_10\ORSProj10\Project-10\src\test\resources
2026-01-28 14:32:24,192 [Worker-32: Building workspace] INFO  o.e.m.c.i.embedder.EclipseLogger - Using 'UTF-8' encoding to copy filtered resources.
2026-01-28 14:32:24,195 [Worker-32: Building workspace] INFO  o.e.m.c.i.embedder.EclipseLogger - Copying 1 resource
2026-01-28 14:32:24,201 [Worker-32: Building workspace] INFO  o.e.m.c.i.embedder.EclipseLogger - Copying 1 resource
2026-01-28 14:32:24,204 [Worker-32: Building workspace] INFO  o.e.m.c.i.embedder.EclipseLogger - Using 'UTF-8' encoding to copy filtered resources.
2026-01-28 14:32:24,205 [Worker-32: Building workspace] INFO  o.e.m.c.i.embedder.EclipseLogger - skip non existing resourceDirectory C:\Users\abeet\Desktop\WorkSpace\Project-10\Project_10\ORSProj10\Project-10\src\test\resources
2026-01-28 14:32:45,537 [Worker-34: Building workspace] INFO  o.e.m.c.i.embedder.EclipseLogger - Using 'UTF-8' encoding to copy filtered resources.
2026-01-28 14:32:45,539 [Worker-34: Building workspace] INFO  o.e.m.c.i.embedder.EclipseLogger - Copying 1 resource
2026-01-28 14:32:45,543 [Worker-34: Building workspace] INFO  o.e.m.c.i.embedder.EclipseLogger - Copying 1 resource
2026-01-28 14:32:45,546 [Worker-34: Building workspace] INFO  o.e.m.c.i.embedder.EclipseLogger - Using 'UTF-8' encoding to copy filtered resources.
2026-01-28 14:32:45,546 [Worker-34: Building workspace] INFO  o.e.m.c.i.embedder.EclipseLogger - skip non existing resourceDirectory C:\Users\abeet\Desktop\WorkSpace\Project-10\Project_10\ORSProj10\Project-10\src\test\resources
2026-01-28 14:33:08,648 [Worker-34: Building workspace] INFO  o.e.m.c.i.embedder.EclipseLogger - Using 'UTF-8' encoding to copy filtered resources.
2026-01-28 14:33:08,651 [Worker-34: Building workspace] INFO  o.e.m.c.i.embedder.EclipseLogger - Copying 1 resource
2026-01-28 14:33:08,657 [Worker-34: Building workspace] INFO  o.e.m.c.i.embedder.EclipseLogger - Copying 1 resource
2026-01-28 14:33:08,660 [Worker-34: Building workspace] INFO  o.e.m.c.i.embedder.EclipseLogger - Using 'UTF-8' encoding to copy filtered resources.
2026-01-28 14:33:08,660 [Worker-34: Building workspace] INFO  o.e.m.c.i.embedder.EclipseLogger - skip non existing resourceDirectory C:\Users\abeet\Desktop\WorkSpace\Project-10\Project_10\ORSProj10\Project-10\src\test\resources
2026-01-28 14:33:29,641 [Worker-23: Building workspace] INFO  o.e.m.c.i.embedder.EclipseLogger - Using 'UTF-8' encoding to copy filtered resources.
2026-01-28 14:33:29,643 [Worker-23: Building workspace] INFO  o.e.m.c.i.embedder.EclipseLogger - Copying 1 resource
2026-01-28 14:33:29,648 [Worker-23: Building workspace] INFO  o.e.m.c.i.embedder.EclipseLogger - Copying 1 resource
2026-01-28 14:33:29,651 [Worker-23: Building workspace] INFO  o.e.m.c.i.embedder.EclipseLogger - Using 'UTF-8' encoding to copy filtered resources.
2026-01-28 14:33:29,652 [Worker-23: Building workspace] INFO  o.e.m.c.i.embedder.EclipseLogger - skip non existing resourceDirectory C:\Users\abeet\Desktop\WorkSpace\Project-10\Project_10\ORSProj10\Project-10\src\test\resources
2026-01-28 14:33:40,384 [Worker-36: Building workspace] INFO  o.e.m.c.i.embedder.EclipseLogger - Using 'UTF-8' encoding to copy filtered resources.
2026-01-28 14:33:40,386 [Worker-36: Building workspace] INFO  o.e.m.c.i.embedder.EclipseLogger - Copying 1 resource
2026-01-28 14:33:40,391 [Worker-36: Building workspace] INFO  o.e.m.c.i.embedder.EclipseLogger - Copying 1 resource
2026-01-28 14:33:40,395 [Worker-36: Building workspace] INFO  o.e.m.c.i.embedder.EclipseLogger - Using 'UTF-8' encoding to copy filtered resources.
2026-01-28 14:33:40,397 [Worker-36: Building workspace] INFO  o.e.m.c.i.embedder.EclipseLogger - skip non existing resourceDirectory C:\Users\abeet\Desktop\WorkSpace\Project-10\Project_10\ORSProj10\Project-10\src\test\resources
2026-01-28 14:33:57,798 [Worker-32: Building workspace] INFO  o.e.m.c.i.embedder.EclipseLogger - Using 'UTF-8' encoding to copy filtered resources.
2026-01-28 14:33:57,799 [Worker-32: Building workspace] INFO  o.e.m.c.i.embedder.EclipseLogger - Copying 1 resource
2026-01-28 14:33:57,804 [Worker-32: Building workspace] INFO  o.e.m.c.i.embedder.EclipseLogger - Copying 1 resource
2026-01-28 14:33:57,806 [Worker-32: Building workspace] INFO  o.e.m.c.i.embedder.EclipseLogger - Using 'UTF-8' encoding to copy filtered resources.
2026-01-28 14:33:57,807 [Worker-32: Building workspace] INFO  o.e.m.c.i.embedder.EclipseLogger - skip non existing resourceDirectory C:\Users\abeet\Desktop\WorkSpace\Project-10\Project_10\ORSProj10\Project-10\src\test\resources
2026-01-28 14:36:15,337 [Worker-32: Building workspace] INFO  o.e.m.c.i.embedder.EclipseLogger - Using 'UTF-8' encoding to copy filtered resources.
2026-01-28 14:36:15,339 [Worker-32: Building workspace] INFO  o.e.m.c.i.embedder.EclipseLogger - Copying 1 resource
2026-01-28 14:36:15,345 [Worker-32: Building workspace] INFO  o.e.m.c.i.embedder.EclipseLogger - Copying 1 resource
2026-01-28 14:36:15,349 [Worker-32: Building workspace] INFO  o.e.m.c.i.embedder.EclipseLogger - Using 'UTF-8' encoding to copy filtered resources.
2026-01-28 14:36:15,349 [Worker-32: Building workspace] INFO  o.e.m.c.i.embedder.EclipseLogger - skip non existing resourceDirectory C:\Users\abeet\Desktop\WorkSpace\Project-10\Project_10\ORSProj10\Project-10\src\test\resources
2026-01-28 14:36:22,635 [Worker-34: Building workspace] INFO  o.e.m.c.i.embedder.EclipseLogger - Using 'UTF-8' encoding to copy filtered resources.
2026-01-28 14:36:22,637 [Worker-34: Building workspace] INFO  o.e.m.c.i.embedder.EclipseLogger - Copying 1 resource
2026-01-28 14:36:22,641 [Worker-34: Building workspace] INFO  o.e.m.c.i.embedder.EclipseLogger - Copying 1 resource
2026-01-28 14:36:22,644 [Worker-34: Building workspace] INFO  o.e.m.c.i.embedder.EclipseLogger - Using 'UTF-8' encoding to copy filtered resources.
2026-01-28 14:36:22,645 [Worker-34: Building workspace] INFO  o.e.m.c.i.embedder.EclipseLogger - skip non existing resourceDirectory C:\Users\abeet\Desktop\WorkSpace\Project-10\Project_10\ORSProj10\Project-10\src\test\resources
2026-01-28 15:38:29,346 [Worker-49: Building workspace] INFO  o.e.m.c.i.embedder.EclipseLogger - Using 'UTF-8' encoding to copy filtered resources.
2026-01-28 15:38:29,352 [Worker-49: Building workspace] INFO  o.e.m.c.i.embedder.EclipseLogger - Copying 1 resource
2026-01-28 15:38:29,356 [Worker-49: Building workspace] INFO  o.e.m.c.i.embedder.EclipseLogger - Copying 1 resource
2026-01-28 15:38:29,359 [Worker-49: Building workspace] INFO  o.e.m.c.i.embedder.EclipseLogger - Using 'UTF-8' encoding to copy filtered resources.
2026-01-28 15:38:29,359 [Worker-49: Building workspace] INFO  o.e.m.c.i.embedder.EclipseLogger - skip non existing resourceDirectory C:\Users\abeet\Desktop\WorkSpace\Project-10\Project_10\ORSProj10\Project-10\src\test\resources
2026-01-28 15:42:09,740 [Worker-60: Building workspace] INFO  o.e.m.c.i.embedder.EclipseLogger - Using 'UTF-8' encoding to copy filtered resources.
2026-01-28 15:42:09,741 [Worker-60: Building workspace] INFO  o.e.m.c.i.embedder.EclipseLogger - Copying 1 resource
2026-01-28 15:42:09,743 [Worker-60: Building workspace] INFO  o.e.m.c.i.embedder.EclipseLogger - Copying 1 resource
2026-01-28 15:42:09,745 [Worker-60: Building workspace] INFO  o.e.m.c.i.embedder.EclipseLogger - Using 'UTF-8' encoding to copy filtered resources.
2026-01-28 15:42:09,745 [Worker-60: Building workspace] INFO  o.e.m.c.i.embedder.EclipseLogger - skip non existing resourceDirectory C:\Users\abeet\Desktop\WorkSpace\Project-10\Project_10\ORSProj10\Project-10\src\test\resources
2026-01-28 15:42:34,736 [Worker-49: Building workspace] INFO  o.e.m.c.i.embedder.EclipseLogger - Using 'UTF-8' encoding to copy filtered resources.
2026-01-28 15:42:34,737 [Worker-49: Building workspace] INFO  o.e.m.c.i.embedder.EclipseLogger - Copying 1 resource
2026-01-28 15:42:34,740 [Worker-49: Building workspace] INFO  o.e.m.c.i.embedder.EclipseLogger - Copying 1 resource
2026-01-28 15:42:34,742 [Worker-49: Building workspace] INFO  o.e.m.c.i.embedder.EclipseLogger - Using 'UTF-8' encoding to copy filtered resources.
2026-01-28 15:42:34,742 [Worker-49: Building workspace] INFO  o.e.m.c.i.embedder.EclipseLogger - skip non existing resourceDirectory C:\Users\abeet\Desktop\WorkSpace\Project-10\Project_10\ORSProj10\Project-10\src\test\resources
2026-01-28 15:44:11,437 [Worker-58: Building workspace] INFO  o.e.m.c.i.embedder.EclipseLogger - Using 'UTF-8' encoding to copy filtered resources.
2026-01-28 15:44:11,438 [Worker-58: Building workspace] INFO  o.e.m.c.i.embedder.EclipseLogger - Copying 1 resource
2026-01-28 15:44:11,441 [Worker-58: Building workspace] INFO  o.e.m.c.i.embedder.EclipseLogger - Copying 1 resource
2026-01-28 15:44:11,442 [Worker-58: Building workspace] INFO  o.e.m.c.i.embedder.EclipseLogger - Using 'UTF-8' encoding to copy filtered resources.
2026-01-28 15:44:11,442 [Worker-58: Building workspace] INFO  o.e.m.c.i.embedder.EclipseLogger - skip non existing resourceDirectory C:\Users\abeet\Desktop\WorkSpace\Project-10\Project_10\ORSProj10\Project-10\src\test\resources
2026-01-28 15:46:09,252 [Worker-61: Building workspace] INFO  o.e.m.c.i.embedder.EclipseLogger - Using 'UTF-8' encoding to copy filtered resources.
2026-01-28 15:46:09,253 [Worker-61: Building workspace] INFO  o.e.m.c.i.embedder.EclipseLogger - Copying 1 resource
2026-01-28 15:46:09,255 [Worker-61: Building workspace] INFO  o.e.m.c.i.embedder.EclipseLogger - Copying 1 resource
2026-01-28 15:46:09,257 [Worker-61: Building workspace] INFO  o.e.m.c.i.embedder.EclipseLogger - Using 'UTF-8' encoding to copy filtered resources.
2026-01-28 15:46:09,257 [Worker-61: Building workspace] INFO  o.e.m.c.i.embedder.EclipseLogger - skip non existing resourceDirectory C:\Users\abeet\Desktop\WorkSpace\Project-10\Project_10\ORSProj10\Project-10\src\test\resources
2026-01-28 15:46:16,557 [Worker-60: Building workspace] INFO  o.e.m.c.i.embedder.EclipseLogger - Using 'UTF-8' encoding to copy filtered resources.
2026-01-28 15:46:16,558 [Worker-60: Building workspace] INFO  o.e.m.c.i.embedder.EclipseLogger - Copying 1 resource
2026-01-28 15:46:16,560 [Worker-60: Building workspace] INFO  o.e.m.c.i.embedder.EclipseLogger - Copying 1 resource
2026-01-28 15:46:16,561 [Worker-60: Building workspace] INFO  o.e.m.c.i.embedder.EclipseLogger - Using 'UTF-8' encoding to copy filtered resources.
2026-01-28 15:46:16,561 [Worker-60: Building workspace] INFO  o.e.m.c.i.embedder.EclipseLogger - skip non existing resourceDirectory C:\Users\abeet\Desktop\WorkSpace\Project-10\Project_10\ORSProj10\Project-10\src\test\resources
2026-01-28 16:45:05,018 [Worker-76: Building workspace] INFO  o.e.m.c.i.embedder.EclipseLogger - Using 'UTF-8' encoding to copy filtered resources.
2026-01-28 16:45:05,020 [Worker-76: Building workspace] INFO  o.e.m.c.i.embedder.EclipseLogger - Copying 1 resource
2026-01-28 16:45:05,022 [Worker-76: Building workspace] INFO  o.e.m.c.i.embedder.EclipseLogger - Copying 1 resource
2026-01-28 16:45:05,023 [Worker-76: Building workspace] INFO  o.e.m.c.i.embedder.EclipseLogger - Using 'UTF-8' encoding to copy filtered resources.
2026-01-28 16:45:05,023 [Worker-76: Building workspace] INFO  o.e.m.c.i.embedder.EclipseLogger - skip non existing resourceDirectory C:\Users\abeet\Desktop\WorkSpace\Project-10\Project_10\ORSProj10\Project-10\src\test\resources
2026-01-28 16:45:12,667 [Worker-82: Building workspace] INFO  o.e.m.c.i.embedder.EclipseLogger - Using 'UTF-8' encoding to copy filtered resources.
2026-01-28 16:45:12,668 [Worker-82: Building workspace] INFO  o.e.m.c.i.embedder.EclipseLogger - Copying 1 resource
2026-01-28 16:45:12,670 [Worker-82: Building workspace] INFO  o.e.m.c.i.embedder.EclipseLogger - Copying 1 resource
2026-01-28 16:45:12,671 [Worker-82: Building workspace] INFO  o.e.m.c.i.embedder.EclipseLogger - Using 'UTF-8' encoding to copy filtered resources.
2026-01-28 16:45:12,672 [Worker-82: Building workspace] INFO  o.e.m.c.i.embedder.EclipseLogger - skip non existing resourceDirectory C:\Users\abeet\Desktop\WorkSpace\Project-10\Project_10\ORSProj10\Project-10\src\test\resources
2026-01-28 16:46:27,335 [Worker-76: Building workspace] INFO  o.e.m.c.i.embedder.EclipseLogger - Using 'UTF-8' encoding to copy filtered resources.
2026-01-28 16:46:27,336 [Worker-76: Building workspace] INFO  o.e.m.c.i.embedder.EclipseLogger - Copying 1 resource
2026-01-28 16:46:27,338 [Worker-76: Building workspace] INFO  o.e.m.c.i.embedder.EclipseLogger - Copying 1 resource
2026-01-28 16:46:27,340 [Worker-76: Building workspace] INFO  o.e.m.c.i.embedder.EclipseLogger - Using 'UTF-8' encoding to copy filtered resources.
2026-01-28 16:46:27,340 [Worker-76: Building workspace] INFO  o.e.m.c.i.embedder.EclipseLogger - skip non existing resourceDirectory C:\Users\abeet\Desktop\WorkSpace\Project-10\Project_10\ORSProj10\Project-10\src\test\resources
2026-01-28 16:47:05,615 [Worker-80: Building workspace] INFO  o.e.m.c.i.embedder.EclipseLogger - Using 'UTF-8' encoding to copy filtered resources.
2026-01-28 16:47:05,615 [Worker-80: Building workspace] INFO  o.e.m.c.i.embedder.EclipseLogger - Copying 1 resource
2026-01-28 16:47:05,618 [Worker-80: Building workspace] INFO  o.e.m.c.i.embedder.EclipseLogger - Copying 1 resource
2026-01-28 16:47:05,619 [Worker-80: Building workspace] INFO  o.e.m.c.i.embedder.EclipseLogger - Using 'UTF-8' encoding to copy filtered resources.
2026-01-28 16:47:05,619 [Worker-80: Building workspace] INFO  o.e.m.c.i.embedder.EclipseLogger - skip non existing resourceDirectory C:\Users\abeet\Desktop\WorkSpace\Project-10\Project_10\ORSProj10\Project-10\src\test\resources
2026-01-28 16:55:33,689 [Worker-84: Building workspace] INFO  o.e.m.c.i.embedder.EclipseLogger - Using 'UTF-8' encoding to copy filtered resources.
2026-01-28 16:55:33,691 [Worker-84: Building workspace] INFO  o.e.m.c.i.embedder.EclipseLogger - Copying 1 resource
2026-01-28 16:55:33,693 [Worker-84: Building workspace] INFO  o.e.m.c.i.embedder.EclipseLogger - Copying 1 resource
2026-01-28 16:55:33,695 [Worker-84: Building workspace] INFO  o.e.m.c.i.embedder.EclipseLogger - Using 'UTF-8' encoding to copy filtered resources.
2026-01-28 16:55:33,695 [Worker-84: Building workspace] INFO  o.e.m.c.i.embedder.EclipseLogger - skip non existing resourceDirectory C:\Users\abeet\Desktop\WorkSpace\Project-10\Project_10\ORSProj10\Project-10\src\test\resources
2026-01-28 17:02:19,475 [Worker-85: Building workspace] INFO  o.e.m.c.i.embedder.EclipseLogger - Using 'UTF-8' encoding to copy filtered resources.
2026-01-28 17:02:19,476 [Worker-85: Building workspace] INFO  o.e.m.c.i.embedder.EclipseLogger - Copying 1 resource
2026-01-28 17:02:19,478 [Worker-85: Building workspace] INFO  o.e.m.c.i.embedder.EclipseLogger - Copying 1 resource
2026-01-28 17:02:19,480 [Worker-85: Building workspace] INFO  o.e.m.c.i.embedder.EclipseLogger - Using 'UTF-8' encoding to copy filtered resources.
2026-01-28 17:02:19,480 [Worker-85: Building workspace] INFO  o.e.m.c.i.embedder.EclipseLogger - skip non existing resourceDirectory C:\Users\abeet\Desktop\WorkSpace\Project-10\Project_10\ORSProj10\Project-10\src\test\resources
2026-01-28 17:27:42,998 [Worker-90: Building workspace] INFO  o.e.m.c.i.embedder.EclipseLogger - Using 'UTF-8' encoding to copy filtered resources.
2026-01-28 17:27:43,000 [Worker-90: Building workspace] INFO  o.e.m.c.i.embedder.EclipseLogger - Copying 1 resource
2026-01-28 17:27:43,002 [Worker-90: Building workspace] INFO  o.e.m.c.i.embedder.EclipseLogger - Copying 1 resource
2026-01-28 17:27:43,004 [Worker-90: Building workspace] INFO  o.e.m.c.i.embedder.EclipseLogger - Using 'UTF-8' encoding to copy filtered resources.
2026-01-28 17:27:43,004 [Worker-90: Building workspace] INFO  o.e.m.c.i.embedder.EclipseLogger - skip non existing resourceDirectory C:\Users\abeet\Desktop\WorkSpace\Project-10\Project_10\ORSProj10\Project-10\src\test\resources
2026-01-28 17:28:27,018 [Worker-97: Building workspace] INFO  o.e.m.c.i.embedder.EclipseLogger - Using 'UTF-8' encoding to copy filtered resources.
2026-01-28 17:28:27,019 [Worker-97: Building workspace] INFO  o.e.m.c.i.embedder.EclipseLogger - Copying 1 resource
2026-01-28 17:28:27,021 [Worker-97: Building workspace] INFO  o.e.m.c.i.embedder.EclipseLogger - Copying 1 resource
2026-01-28 17:28:27,022 [Worker-97: Building workspace] INFO  o.e.m.c.i.embedder.EclipseLogger - Using 'UTF-8' encoding to copy filtered resources.
2026-01-28 17:28:27,022 [Worker-97: Building workspace] INFO  o.e.m.c.i.embedder.EclipseLogger - skip non existing resourceDirectory C:\Users\abeet\Desktop\WorkSpace\Project-10\Project_10\ORSProj10\Project-10\src\test\resources
2026-01-28 17:31:10,094 [Worker-90: Building workspace] INFO  o.e.m.c.i.embedder.EclipseLogger - Using 'UTF-8' encoding to copy filtered resources.
2026-01-28 17:31:10,095 [Worker-90: Building workspace] INFO  o.e.m.c.i.embedder.EclipseLogger - Copying 1 resource
2026-01-28 17:31:10,097 [Worker-90: Building workspace] INFO  o.e.m.c.i.embedder.EclipseLogger - Copying 1 resource
2026-01-28 17:31:10,099 [Worker-90: Building workspace] INFO  o.e.m.c.i.embedder.EclipseLogger - Using 'UTF-8' encoding to copy filtered resources.
2026-01-28 17:31:10,099 [Worker-90: Building workspace] INFO  o.e.m.c.i.embedder.EclipseLogger - skip non existing resourceDirectory C:\Users\abeet\Desktop\WorkSpace\Project-10\Project_10\ORSProj10\Project-10\src\test\resources
2026-01-28 17:31:37,516 [Worker-90: Building workspace] INFO  o.e.m.c.i.embedder.EclipseLogger - Using 'UTF-8' encoding to copy filtered resources.
2026-01-28 17:31:37,517 [Worker-90: Building workspace] INFO  o.e.m.c.i.embedder.EclipseLogger - Copying 1 resource
2026-01-28 17:31:37,519 [Worker-90: Building workspace] INFO  o.e.m.c.i.embedder.EclipseLogger - Copying 1 resource
2026-01-28 17:31:37,520 [Worker-90: Building workspace] INFO  o.e.m.c.i.embedder.EclipseLogger - Using 'UTF-8' encoding to copy filtered resources.
2026-01-28 17:31:37,520 [Worker-90: Building workspace] INFO  o.e.m.c.i.embedder.EclipseLogger - skip non existing resourceDirectory C:\Users\abeet\Desktop\WorkSpace\Project-10\Project_10\ORSProj10\Project-10\src\test\resources
2026-01-28 17:37:21,125 [Worker-90: Building workspace] INFO  o.e.m.c.i.embedder.EclipseLogger - Using 'UTF-8' encoding to copy filtered resources.
2026-01-28 17:37:21,126 [Worker-90: Building workspace] INFO  o.e.m.c.i.embedder.EclipseLogger - Copying 1 resource
2026-01-28 17:37:21,128 [Worker-90: Building workspace] INFO  o.e.m.c.i.embedder.EclipseLogger - Copying 1 resource
2026-01-28 17:37:21,129 [Worker-90: Building workspace] INFO  o.e.m.c.i.embedder.EclipseLogger - Using 'UTF-8' encoding to copy filtered resources.
2026-01-28 17:37:21,129 [Worker-90: Building workspace] INFO  o.e.m.c.i.embedder.EclipseLogger - skip non existing resourceDirectory C:\Users\abeet\Desktop\WorkSpace\Project-10\Project_10\ORSProj10\Project-10\src\test\resources
2026-01-28 17:40:23,774 [Worker-90: Building workspace] INFO  o.e.m.c.i.embedder.EclipseLogger - Using 'UTF-8' encoding to copy filtered resources.
2026-01-28 17:40:23,775 [Worker-90: Building workspace] INFO  o.e.m.c.i.embedder.EclipseLogger - Copying 1 resource
2026-01-28 17:40:23,777 [Worker-90: Building workspace] INFO  o.e.m.c.i.embedder.EclipseLogger - Copying 1 resource
2026-01-28 17:40:23,779 [Worker-90: Building workspace] INFO  o.e.m.c.i.embedder.EclipseLogger - Using 'UTF-8' encoding to copy filtered resources.
2026-01-28 17:40:23,779 [Worker-90: Building workspace] INFO  o.e.m.c.i.embedder.EclipseLogger - skip non existing resourceDirectory C:\Users\abeet\Desktop\WorkSpace\Project-10\Project_10\ORSProj10\Project-10\src\test\resources
2026-01-28 17:54:22,073 [Worker-107: Building workspace] INFO  o.e.m.c.i.embedder.EclipseLogger - Using 'UTF-8' encoding to copy filtered resources.
2026-01-28 17:54:22,075 [Worker-107: Building workspace] INFO  o.e.m.c.i.embedder.EclipseLogger - Copying 1 resource
2026-01-28 17:54:22,077 [Worker-107: Building workspace] INFO  o.e.m.c.i.embedder.EclipseLogger - Copying 1 resource
2026-01-28 17:54:22,079 [Worker-107: Building workspace] INFO  o.e.m.c.i.embedder.EclipseLogger - Using 'UTF-8' encoding to copy filtered resources.
2026-01-28 17:54:22,080 [Worker-107: Building workspace] INFO  o.e.m.c.i.embedder.EclipseLogger - skip non existing resourceDirectory C:\Users\abeet\Desktop\WorkSpace\Project-10\Project_10\ORSProj10\Project-10\src\test\resources
2026-01-28 17:56:16,028 [Worker-100: Building workspace] INFO  o.e.m.c.i.embedder.EclipseLogger - Using 'UTF-8' encoding to copy filtered resources.
2026-01-28 17:56:16,028 [Worker-100: Building workspace] INFO  o.e.m.c.i.embedder.EclipseLogger - Copying 1 resource
2026-01-28 17:56:16,030 [Worker-100: Building workspace] INFO  o.e.m.c.i.embedder.EclipseLogger - Copying 1 resource
2026-01-28 17:56:16,033 [Worker-100: Building workspace] INFO  o.e.m.c.i.embedder.EclipseLogger - Using 'UTF-8' encoding to copy filtered resources.
2026-01-28 17:56:16,033 [Worker-100: Building workspace] INFO  o.e.m.c.i.embedder.EclipseLogger - skip non existing resourceDirectory C:\Users\abeet\Desktop\WorkSpace\Project-10\Project_10\ORSProj10\Project-10\src\test\resources
2026-01-28 18:05:57,115 [Worker-5: Loading available Gradle versions] INFO  o.e.b.c.i.u.g.PublishedGradleVersions - Gradle version information cache is out-of-date. Trying to update.
